protein,timepoint,n_synf,n_ctrlf,p_value,cohens_d,d_ci_lower,d_ci_upper,p_fdr
IL2,V1,43,43,0.8324134029618895,0.12756748714565713,-0.2955769204023273,0.5507118946936416,0.9974350922814665
IL2,V3,41,42,0.5148899668788195,0.10848994864280478,-0.32214137641029505,0.5391212736959046,0.962574441529572
IL2,V5,41,41,0.3366529647646211,-0.17288213087452542,-0.6066017850081011,0.26083752325905024,0.9715791351870459
IL10RA,V1,43,43,0.4395138153982058,-0.2614911109996543,-0.6860410345422099,0.16305881254290128,0.9974350922814665
IL10RA,V3,41,42,0.9530469556133357,0.07094977701582275,-0.3594960369292478,0.5013955909608933,0.993568009111052
IL10RA,V5,41,41,0.019923255401255696,-0.5077139132343135,-0.9476960284503723,-0.06773179801825469,0.7858575997553495
PAPPA,V1,43,43,0.763604249140777,-0.01297996199395459,-0.43568898996713074,0.4097290659792216,0.9974350922814665
PAPPA,V3,41,42,0.4879434571374631,0.002649789338394909,-0.4276575358890736,0.4329571145658634,0.9562180802473277
PAPPA,V5,41,41,0.11309943225922155,-0.4500692911130389,-0.8885423739563981,-0.011596208269679664,0.8749579008731869
IL20RA,V1,43,43,0.636413726072373,0.13303061592307974,-0.29015225764095626,0.5562134894871158,0.9974350922814665
IL20RA,V3,41,42,0.24695364966686686,-0.1530318827108299,-0.583983817639387,0.27792005221772714,0.9531863394505088
IL20RA,V5,41,41,0.08287133937651973,-0.46129266877019526,-0.900045711028308,-0.022539626512082578,0.8238908000777784
EIF5A,V1,43,43,0.9208795291713916,-0.044580206435191005,-0.4673384291370105,0.3781780162666285,0.9974350922814665
EIF5A,V3,41,42,0.4766199947061226,0.16326679370994773,-0.2677741996148904,0.5943077870347859,0.9562180802473277
EIF5A,V5,41,41,0.6984123660728777,-0.07586946242868567,-0.5089206461482018,0.35718172129083037,0.9715791351870459
JUN,V1,43,43,0.20844654830235498,0.3163400714743238,-0.1090625153782574,0.741742658326905,0.9974350922814665
JUN,V3,41,42,0.11228792791413918,-0.25373442277646246,-0.6858118873384778,0.17834304178555282,0.9531863394505088
JUN,V5,41,41,0.43596463110628914,-0.2571729720383516,-0.6918948300484176,0.1775488859717143,0.9715791351870459
RAB37,V1,43,43,0.8568130904210148,0.01818891097684359,-0.40452450836894543,0.44090233032263265,0.9974350922814665
RAB37,V3,41,42,0.11437995850028425,-0.22439614460708845,-0.6560885032158958,0.20729621400171894,0.9531863394505088
RAB37,V5,41,41,0.5734905464127721,-0.12516062073145637,-0.5584864138093604,0.3081651723464477,0.9715791351870459
IL4,V1,43,43,0.28187247862198456,0.16543506485637216,-0.25800903073959125,0.5888791604523356,0.9974350922814665
IL4,V3,41,42,0.9891588188175907,0.011191187684062335,-0.41911939502877443,0.44150177039689914,0.9963861751691634
IL4,V5,41,41,0.2713507728603114,-0.29655419790888987,-0.7318778324731985,0.13876943665541874,0.9618175909306087
IL1B,V1,43,43,0.13339400964284426,0.27440504725497766,-0.15033120856248583,0.6991413030724412,0.9974350922814665
IL1B,V3,41,42,0.9491629166453139,-0.05741233127570804,-0.48781027710166447,0.37298561455024837,0.993568009111052
IL1B,V5,41,41,0.1460499564122073,0.2942698939224185,-0.14101652028112965,0.7295563081259666,0.8749579008731869
IL33,V1,43,43,0.6926078785490631,-0.02077612408562624,-0.4434922701021946,0.40194002193094214,0.9974350922814665
IL33,V3,41,42,0.8384842947095064,-0.06097934952373677,-0.49138892904246345,0.36943022999498987,0.9746018750194912
IL33,V5,41,41,0.1594317997296655,-0.4806134600625132,-0.919864157268605,-0.04136276285642143,0.8781012969726193
LILRB4,V1,43,43,0.8500728249136719,0.0066303308322783585,-0.41607532919078855,0.4293359908553453,0.9974350922814665
LILRB4,V3,41,42,0.9242224567563853,-0.014578651577481606,-0.44489163959599537,0.41573433644103214,0.993568009111052
LILRB4,V5,41,41,0.07800035711144383,-0.33079449109595344,-0.7667100977095722,0.1051211155176654,0.8227468565955679
IL13,V1,43,43,0.5588345750302292,0.15331445205857272,-0.27002531469201774,0.5766542188091631,0.9974350922814665
IL13,V3,41,42,0.938624762914225,-0.06216035030532571,-0.49257393601327437,0.3682532354026229,0.993568009111052
IL13,V5,41,41,0.2084069326500556,-0.08542044238914726,-0.5185143289370993,0.3476734441588047,0.9319843256608792
IL10,V1,43,43,0.47539231824174405,-0.16248008432046795,-0.585898015785925,0.26093784714498913,0.9974350922814665
IL10,V3,41,42,0.7272162492611288,0.12101243942744634,-0.3096980080431418,0.5517228868980345,0.9671590749349257
IL10,V5,41,41,0.4012994224501486,-0.2087756262996462,-0.6428742926361419,0.2253230400368496,0.9715791351870459
ARNT,V1,43,43,0.4861126620478636,0.16238278545585294,-0.26103429249313437,0.5857998634048402,0.9974350922814665
ARNT,V3,41,42,0.4654404249529499,-0.231667567112453,-0.6634509991862152,0.20011586496130918,0.9562180802473277
ARNT,V5,41,41,0.9999999999999993,0.04129558868050637,-0.39164328324016473,0.47423446060117747,0.9999999999999993
TNFAIP8,V1,43,43,0.49152094987167333,0.32197085075245063,-0.10352832433233361,0.7474700258372349,0.9974350922814665
TNFAIP8,V3,41,42,0.960264053498391,-0.06015688590773535,-0.49056372083722344,0.3702499490217528,0.993568009111052
TNFAIP8,V5,41,41,0.8608885588612644,-0.05289389525034071,-0.4858630584347125,0.38007526793403107,0.9715791351870459
LTO1,V1,43,43,0.6425635723052294,0.10013715443164362,-0.3228384525685653,0.5231127614318525,0.9974350922814665
LTO1,V3,41,42,0.9098446790172188,0.015108583933736708,-0.41520483756835985,0.44542200543583327,0.993568009111052
LTO1,V5,41,41,0.4771990070299759,-0.26873847025071684,-0.7036282642494931,0.16615132374805947,0.9715791351870459
ACTN4,V1,43,43,0.9794371007298435,0.137198244095551,-0.28601505581899267,0.5604115440100947,0.9974350922814665
ACTN4,V3,41,42,0.39639348049278,0.33079195804105094,-0.10251976152147502,0.7641036776035769,0.9562180802473277
ACTN4,V5,41,41,0.07126181484227673,-0.4191868917711971,-0.856924373297864,0.018550589755469693,0.8227468565955679
LAP3,V1,43,43,0.9588877136766193,0.09654615353592819,-0.32641036151104397,0.5195026685829004,0.9974350922814665
LAP3,V3,41,42,0.960264053498391,-0.05997303377692128,-0.4903792602798912,0.3704331927260487,0.993568009111052
LAP3,V5,41,41,0.5609728094113208,-0.14287350511760374,-0.5763308089005188,0.29058379866531137,0.9715791351870459
AMBN,V1,43,43,0.965735174709012,-0.07015794907983995,-0.4929955333273124,0.35267963516763245,0.9974350922814665
AMBN,V3,41,42,0.7204214301842432,0.02687841534925062,-0.4034486224947966,0.45720545319329786,0.9671590749349257
AMBN,V5,41,41,0.7259292783933315,0.011573597295671966,-0.4213216995676755,0.44446889415901947,0.9715791351870459
LRRN1,V1,43,43,0.5415992495447999,0.08137700570166588,-0.34150654540605674,0.5042605568093885,0.9974350922814665
LRRN1,V3,41,42,0.9564175276224902,-0.11655406249665892,-0.5472353519215291,0.31412722692821127,0.993568009111052
LRRN1,V5,41,41,0.8033266885023767,-0.19067263206319532,-0.6245712731933277,0.24322600906693706,0.9715791351870459
PREB,V1,43,43,0.27421273465030777,0.01597923177533823,-0.4067321454635162,0.43869060901419266,0.9974350922814665
PREB,V3,41,42,0.4879434571374631,0.26277978133377505,-0.16942587175441642,0.6949854344219666,0.9562180802473277
PREB,V5,41,41,0.5374137503974772,-0.07413398848547816,-0.5071779553845361,0.3589099784135798,0.9715791351870459
IL24,V1,43,43,0.9452022906979529,-0.04374293232056811,-0.46649915505005346,0.3790132904089172,0.9974350922814665
IL24,V3,41,42,0.8597820332680803,-0.16472842329417606,-0.5957826036415955,0.26632575705324335,0.9897169386172758
IL24,V5,41,41,0.9118731548124229,-0.06627589526829968,-0.499289273513371,0.3667374829767716,0.9715791351870459
CEP164,V1,43,43,0.8568130904210148,0.1227581556186577,-0.30035372140900224,0.5458700326463176,0.9974350922814665
CEP164,V3,41,42,0.11650219979128075,-0.2523706916697859,-0.6844292160340786,0.1796878326945069,0.9531863394505088
CEP164,V5,41,41,0.19525674035676432,-0.3453360953894468,-0.7815223892732635,0.09085019849436976,0.9319843256608792
NBN,V1,43,43,0.7440165323806051,0.06323976037470343,-0.35957286914282255,0.4860523898922294,0.9974350922814665
NBN,V3,41,42,0.4221952155729392,-0.04912300929012062,-0.4794966262467739,0.3812506076665326,0.9562180802473277
NBN,V5,41,41,0.4490102983852025,-0.17935293502598065,-0.6131356721574056,0.2544298021054443,0.9715791351870459
FCRL3,V1,43,43,0.5359130625146642,0.06230928430924308,-0.36050018624080227,0.48511875485928846,0.9974350922814665
FCRL3,V3,41,42,0.08435773738878743,-0.3595830577983679,-0.7934383251239674,0.07427220952723151,0.9531863394505088
FCRL3,V5,41,41,0.6712819884113989,-0.14671096204319334,-0.5801990423239443,0.2867771182375575,0.9715791351870459
PRKAB1,V1,43,43,0.5646376918128043,-1.2892025123031328e-4,-0.42283339165825917,0.4225755511557986,0.9974350922814665
PRKAB1,V3,41,42,0.07950323631736082,-0.3359502897289947,-0.7693561086759932,0.09745552921800382,0.9531863394505088
PRKAB1,V5,41,41,0.46017212088183007,-0.07232302019844525,-0.5053596342617679,0.36071359386487734,0.9715791351870459
PNPT1,V1,43,43,0.8560711233215132,0.003927488715197731,-0.41877739946284054,0.42663237689323597,0.9974350922814665
PNPT1,V3,41,42,0.22530150443482774,-0.18918600830099774,-0.6204782161967034,0.24210619959470792,0.9531863394505088
PNPT1,V5,41,41,0.12412915868976838,-0.31438095415030803,-0.750004828070278,0.1212429197696619,0.8749579008731869
ARTN,V1,43,43,0.3223097648610338,0.22145376337416214,-0.202575117197735,0.6454826439460593,0.9974350922814665
ARTN,V3,41,42,0.39134849888156287,-0.20098541102875334,-0.6324041645945545,0.23043334253704784,0.9562180802473277
ARTN,V5,41,41,0.5528197621992615,-0.24123203097184182,-0.6757344283260456,0.19327036638236195,0.9715791351870459
RABGAP1L,V1,43,43,0.43382214506788597,-0.17189062807496658,-0.5953935172900218,0.25161226114008867,0.9974350922814665
RABGAP1L,V3,41,42,0.08109580856389907,-0.3287950573919694,-0.7620707345866002,0.10448061980266149,0.9531863394505088
RABGAP1L,V5,41,41,0.28367167231123147,-0.2095147610713027,-0.643621977503065,0.2245924553604596,0.9715791351870459
NCLN,V1,43,43,0.34386697456369586,0.2614956590384114,-0.16305432856001284,0.6860456466368356,0.9974350922814665
NCLN,V3,41,42,0.4766199947061226,-0.26029739672250696,-0.6924674268977309,0.17187263345271697,0.9562180802473277
NCLN,V5,41,41,0.31385741861530825,-0.21597194744930712,-0.6501551363915801,0.21821124149296586,0.9715791351870459
IL22RA1,V1,43,43,0.42376430327733694,0.24382168631555443,-0.18048771797647237,0.6681310906075812,0.9974350922814665
IL22RA1,V3,41,42,0.7822993194060897,0.1436277537692168,-0.2872474177926092,0.5745029253310427,0.9724415150950698
IL22RA1,V5,41,41,0.33479398317444764,-0.2388832614138636,-0.6733545006292514,0.19558797780152423,0.9715791351870459
IL2RB,V1,43,43,0.7570576638489661,0.02184577288932379,-0.40087160622463947,0.444563152003287,0.9974350922814665
IL2RB,V3,41,42,0.9242224567563853,-0.12023464586020734,-0.5509399278499862,0.31047063612957154,0.993568009111052
IL2RB,V5,41,41,0.024862445205848252,-0.517781851066537,-0.9580455856833299,-0.0775181164497441,0.7858575997553495
MYO9B,V1,43,43,0.763604249140777,0.09233233600515599,-0.33060266379071346,0.5152673358010255,0.9974350922814665
MYO9B,V3,41,42,0.0779359040765465,-0.3522799630566739,-0.7859931295066184,0.08143320339327054,0.9531863394505088
MYO9B,V5,41,41,0.5182203953128084,-0.08578030311459313,-0.5188758973931333,0.3473152911639471,0.9715791351870459
AOC1,V1,43,43,0.35273910509315154,0.2617594763999258,-0.16279422876720134,0.6863131815670529,0.9974350922814665
AOC1,V3,41,42,0.7546034501442722,-0.049383027585399517,-0.47975735018968696,0.3809912950188879,0.9671590749349257
AOC1,V5,41,41,0.5797981345387343,0.0017664737707986798,-0.4311251949787094,0.43465814252030677,0.9715791351870459
IL20,V1,43,43,0.444015153349213,-0.15469720077231378,-0.5780484699187534,0.26865406837412575,0.9974350922814665
IL20,V3,41,42,0.8883340984505821,-0.07271030133225176,-0.5031630819155135,0.35774247925101,0.993568009111052
IL20,V5,41,41,0.41645243359274225,-0.23257852920608593,-0.6669676283014545,0.20181056988928267,0.9715791351870459
RGS8,V1,43,43,0.0991797744194286,0.3131578685415576,-0.11219087615919132,0.7385066132423065,0.9974350922814665
RGS8,V3,41,42,0.8102709231223275,0.004576509110720285,-0.42573119975565793,0.4348842179770985,0.9746018750194912
RGS8,V5,41,41,0.8826815127850661,0.02234227358241771,-0.41056315164984175,0.45524769881467714,0.9715791351870459
IL11,V1,43,43,0.24498870280832957,-0.2114281533395015,-0.6353399984104666,0.21248369173146364,0.9974350922814665
IL11,V3,41,42,0.21839139951683872,0.29934645954211636,-0.1334227183373532,0.7321156374215859,0.9531863394505088
IL11,V5,41,41,0.5242243111806397,-0.2749539833175166,-0.7099370526187953,0.1600290859837621,0.9715791351870459
IL17F,V1,43,43,0.2346085374110591,-0.30359217342940376,-0.7287823067247654,0.1215979598659579,0.9974350922814665
IL17F,V3,41,42,0.8740377851351513,0.03168100375746835,-0.39865378292699005,0.46201579044192675,0.993568009111052
IL17F,V5,41,41,0.30942175171324665,-0.20892220373956913,-0.6430225632525062,0.22517815577336794,0.9715791351870459
SCGN,V1,43,43,0.0939344921336407,0.40120863082622615,-0.025827526570372683,0.828244788222825,0.9974350922814665
SCGN,V3,41,42,0.07950323631736082,-0.2830641471020264,-0.7155734367633779,0.14944514255932512,0.9531863394505088
SCGN,V5,41,41,0.21867788646791578,-0.30016454105049867,-0.7355475827271742,0.13521850062617696,0.9319843256608792
CXCL14,V1,43,43,0.5199263268916301,-0.031469295876573634,-0.45420055212176663,0.3912619603686193,0.9974350922814665
CXCL14,V3,41,42,0.06627397340515687,-0.21378530817995622,-0.6453499462823791,0.21777932992246668,0.9531863394505088
CXCL14,V5,41,41,0.9485242265659632,-0.05429106950888245,-0.48726438498213864,0.3786822459643737,0.9852356601030617
MVK,V1,43,43,0.7375228453167286,-0.08607941974817855,-0.5089842602755767,0.3368254207792197,0.9974350922814665
MVK,V3,41,42,0.21499339936765766,-0.16258625042123215,-0.5936211437554293,0.268448642912965,0.9531863394505088
MVK,V5,41,41,0.82480650880236,0.05042374871661239,-0.38253833817229194,0.4833858356055167,0.9715791351870459
WNT9A,V1,43,43,0.9588877136766193,0.10962420885528691,-0.31340518632113656,0.5326536040317104,0.9974350922814665
WNT9A,V3,41,42,0.6022812148117992,0.09979386525435066,-0.3307875867542158,0.5303753172629171,0.962574441529572
WNT9A,V5,41,41,0.941182908283914,0.012294272197452357,-0.4206015016809762,0.445190046075881,0.9852148572094773
IL3RA,V1,43,43,0.26892330460401237,0.25306229009801157,-0.17137081776763063,0.6774953979636538,0.9974350922814665
IL3RA,V3,41,42,0.8376217785645027,-0.03621750378683496,-0.4665607771457296,0.39412576957205964,0.9746018750194912
IL3RA,V5,41,41,0.8608885588612644,0.014275913319892758,-0.418621320709228,0.4471731473490135,0.9715791351870459
SIT1,V1,43,43,0.4187864311541251,0.15769374781510326,-0.26568280141894196,0.5810702970491485,0.9974350922814665
SIT1,V3,41,42,0.1574397658075688,-0.29653984744348444,-0.7292632027362642,0.1361835078492954,0.9531863394505088
SIT1,V5,41,41,0.8972601420408413,-0.183532476439392,-0.6173571862827918,0.25029223340400775,0.9715791351870459
FXYD5,V1,43,43,0.8635637046734581,0.11326810909929724,-0.30978323699228383,0.5363194551908783,0.9974350922814665
FXYD5,V3,41,42,0.13944080142840942,-0.28509739849498106,-0.7176383560157634,0.1474435590258013,0.9531863394505088
FXYD5,V5,41,41,0.2084069326500556,-0.20286592068454995,-0.6368973060239536,0.2311654646548536,0.9319843256608792
CXCL12,V1,43,43,0.32269235004002145,0.249496842156829,-0.17488799434404356,0.6738816786577015,0.9974350922814665
CXCL12,V3,41,42,0.35286564750413923,-0.2606121271209611,-0.6927866552108883,0.17156240096896608,0.9562180802473277
CXCL12,V5,41,41,0.9632192207711497,0.05054743139104983,-0.38241500177068916,0.4835098645527888,0.9852356601030617
NRTN,V1,43,43,0.624188462806292,0.21927608316872113,-0.20472691782179978,0.6432790841592421,0.9974350922814665
NRTN,V3,41,42,0.8740377851351513,-0.11202974392067,-0.5426825609425483,0.31862307310120835,0.993568009111052
NRTN,V5,41,41,0.1539730384218178,-0.3918285865697468,-0.8289571358978706,0.045299962758377,0.8749579008731869
DGKZ,V1,43,43,0.34386697456369586,0.2713176112570428,-0.1533732873151431,0.6960085098292287,0.9974350922814665
DGKZ,V3,41,42,0.4381325207032406,-0.17689859190000118,-0.6080671196945349,0.2542699358945325,0.9562180802473277
DGKZ,V5,41,41,0.09895895084733092,-0.2487213369242888,-0.683325105726226,0.18588243187764839,0.8238908000777784
PADI2,V1,43,43,0.06187406325826178,0.4807349701735029,0.051825077323229496,0.9096448630237763,0.9974350922814665
PADI2,V3,41,42,0.7477264501483714,0.04661090898462806,-0.3837560823349065,0.4769779003041626,0.9671590749349257
PADI2,V5,41,41,0.6712819884113989,0.15085933660814227,-0.2826629286599963,0.5843816018762809,0.9715791351870459
PRKCQ,V1,43,43,0.4543420893937248,0.13389198937313837,-0.2892970960047263,0.557081074751003,0.9974350922814665
PRKCQ,V3,41,42,0.7395476321372203,-0.2624072828596509,-0.6946075691170304,0.16979300339772846,0.9671590749349257
PRKCQ,V5,41,41,0.5547633789274014,0.054856801097129884,-0.37811822646328774,0.4878318286575475,0.9715791351870459
IL17A,V1,43,43,0.2936289855673614,-0.09529807620835473,-0.5182481187755181,0.3276519663588086,0.9974350922814665
IL17A,V3,41,42,0.32482886428201696,-0.1777521747185902,-0.6089290270954923,0.253424677658312,0.9531863394505088
IL17A,V5,41,41,0.5222308467346414,0.17332015014090943,-0.2604037013321687,0.6070440016139875,0.9715791351870459
NFATC3,V1,43,43,0.5473150771383312,0.22724259212238498,-0.19685631855985838,0.6513415028046283,0.9974350922814665
NFATC3,V3,41,42,0.1574397658075688,-0.3075552730300615,-0.7404609221392271,0.12535037607910404,0.9531863394505088
NFATC3,V5,41,41,0.33201161754281744,-0.22165932048472547,-0.6559113231103313,0.21259268214088028,0.9715791351870459
GALNT3,V1,43,43,0.33337023558629075,0.28280708666974,-0.1420551760671343,0.7076693494066144,0.9974350922814665
GALNT3,V3,41,42,0.6537479778456265,-0.06292055321143236,-0.4933367583106471,0.3674956518877824,0.9671590749349257
GALNT3,V5,41,41,0.7328651667700142,-0.054571219836489354,-0.4875453809179868,0.37840294124500806,0.9715791351870459
IL5,V1,43,43,0.038552082784170605,0.4321687888435066,0.004442388037653733,0.8598951896493595,0.9974350922814665
IL5,V3,41,42,0.6934646186624562,-0.0166646466826854,-0.4469794304762422,0.4136501371108714,0.9671590749349257
IL5,V5,41,41,0.48091674881475516,0.048404087518256145,-0.38455246494087897,0.48136063997739126,0.9715791351870459
TNF,V1,43,43,0.46480162015184884,0.11969376464389801,-0.30339803543292415,0.5427855647207201,0.9974350922814665
TNF,V3,41,42,0.4710121083671921,-0.17470405646242035,-0.605851365228166,0.2564432523033252,0.9562180802473277
TNF,V5,41,41,0.03165307140773843,-0.4710747859535573,-0.9100773098196824,-0.032072262087432246,0.8036481866249354
TANK,V1,43,43,0.9931450327209764,0.03041064322607319,-0.3923188412269338,0.45314012767908013,0.9987244991969368
TANK,V3,41,42,0.2116332514227689,-0.2546308953064145,-0.686720865687244,0.17745907507441505,0.9531863394505088
TANK,V5,41,41,0.2329246159174975,-0.2707403091206715,-0.7056599137764694,0.1641792955351264,0.9475796874825466
SPRY2,V1,43,43,0.8299188693868926,0.05496797629024034,-0.3678182118796833,0.477754164460164,0.9974350922814665
SPRY2,V3,41,42,0.24000713217668299,-0.301487033732843,-0.7342914468779302,0.1313173794122442,0.9531863394505088
SPRY2,V5,41,41,0.664563418457537,0.1615222190148491,-0.27209227463030505,0.5951367126600032,0.9715791351870459
TPT1,V1,43,43,0.7899538636278954,0.10245946564472584,-0.32052885891061356,0.5254477902000653,0.9974350922814665
TPT1,V3,41,42,0.3618960319164869,0.20709405564637773,-0.22439320307171073,0.6385813143644662,0.9562180802473277
TPT1,V5,41,41,0.28367167231123147,-0.16124179603138608,-0.5948537838076533,0.2723701917448811,0.9715791351870459
IL17C,V1,43,43,0.972585136922629,-0.14332481474294154,-0.5665845422055925,0.2799349127197095,0.9974350922814665
IL17C,V3,41,42,0.5527034155695448,0.07926063166855765,-0.3512195679086262,0.5097408312457414,0.962574441529572
IL17C,V5,41,41,0.48294948339586224,-0.24338688205446074,-0.6779181312270739,0.19114436711815247,0.9715791351870459
YTHDF3,V1,43,43,0.8232247354280473,0.11572644141349205,-0.3073401184784248,0.5387930013054089,0.9974350922814665
YTHDF3,V3,41,42,0.13944080142840942,-0.2761756134409715,-0.7085792822785805,0.15622805539663742,0.9531863394505088
YTHDF3,V5,41,41,0.8826815127850661,0.1147992630097189,-0.31845764303890856,0.5480561690583463,0.9715791351870459
WAS,V1,43,43,0.972585136922629,0.1440274031980434,-0.27923777780686077,0.5672925842029476,0.9974350922814665
WAS,V3,41,42,0.08271388691915481,-0.2807422387445338,-0.7132156391233067,0.151731161634239,0.9531863394505088
WAS,V5,41,41,0.7560430360738934,0.22222725893057124,-0.21203171301065268,0.6564862308717951,0.9715791351870459
TNFRSF13C,V1,43,43,0.7833428528738308,0.02067455886250123,-0.4020414732862999,0.4433905910113024,0.9974350922814665
TNFRSF13C,V3,41,42,0.29029920129367126,-0.23973032263722355,-0.6716181112832025,0.19215746600875538,0.9531863394505088
TNFRSF13C,V5,41,41,0.5302632814990027,-0.21193441105882027,-0.6460698274709644,0.22220100535332388,0.9715791351870459
IL17D,V1,43,43,0.5588345750302292,-0.08850944997891011,-0.5114257602192797,0.3344068602614595,0.9974350922814665
IL17D,V3,41,42,0.42746994267325694,0.16671364944832517,-0.2643586294489497,0.5977859283456001,0.9562180802473277
IL17D,V5,41,41,0.07488303588244347,-0.3970139412222498,-0.8342548128485314,0.04022693040403186,0.8227468565955679
MILR1,V1,43,43,0.8299188693868926,0.10641314053430662,-0.31659750511453205,0.5294237861831452,0.9974350922814665
MILR1,V3,41,42,0.6801262811709131,0.011176978003846816,-0.41913359595109395,0.4414875519587876,0.9671590749349257
MILR1,V5,41,41,0.8383305198750634,-0.09253177401068502,-0.5256607371075311,0.3405971890861611,0.9715791351870459
PRDX3,V1,43,43,0.4543420893937248,0.11254594519393833,-0.3105009936364181,0.5355928840242947,0.9974350922814665
PRDX3,V3,41,42,0.5168688214617734,-0.05973364648564233,-0.4901390835679981,0.37067179059671346,0.962574441529572
PRDX3,V5,41,41,0.8391998710920148,-0.01868911526935907,-0.4515903837322258,0.4142121531935077,0.9715791351870459
ICA1,V1,43,43,0.972585136922629,0.08340254497460758,-0.3394900299738423,0.5062951199230574,0.9974350922814665
ICA1,V3,41,42,0.18609667389502582,-0.3229262332276636,-0.756097229317791,0.11024476286246371,0.9531863394505088
ICA1,V5,41,41,0.8681420813663075,0.05346684405378594,-0.37950400879911383,0.4864376969066857,0.9715791351870459
IRAK1,V1,43,43,0.9247053679747859,-0.004175787599121511,-0.4268807301987193,0.41852915500047627,0.9974350922814665
IRAK1,V3,41,42,0.25448127020556616,-0.19660447473720544,-0.6279753548806543,0.23476640540624338,0.9531863394505088
IRAK1,V5,41,41,0.4545721182644967,-0.02976103883732624,-0.4626771832288216,0.40315510555416917,0.9715791351870459
IL12RB1,V1,43,43,0.03240997109436925,0.501778819154103,0.07231812892341727,0.9312395093847888,0.9974350922814665
IL12RB1,V3,41,42,0.673493739572174,0.11592923505167901,-0.3147480552480113,0.5466065253513693,0.9671590749349257
IL12RB1,V5,41,41,0.3904048356524618,-0.2441527197460628,-0.6786942842369073,0.1903888447447816,0.9715791351870459
IL1RL2,V1,43,43,0.18159411985474908,0.336430131588584,-0.08932477298929575,0.7621850361664637,0.9974350922814665
IL1RL2,V3,41,42,0.505194238656606,-0.11090723658007874,-0.5415531636749871,0.3197386905148296,0.962574441529572
IL1RL2,V5,41,41,0.38531536163498215,-0.10898245817886784,-0.5422032944177986,0.32423837806006284,0.9715791351870459
IL1A,V1,43,43,0.9178833676068706,0.002684530861473799,-0.420020135023331,0.4253891967462786,0.9974350922814665
IL1A,V3,41,42,0.6213704030163435,-0.05032431157170021,-0.4807012198113136,0.3800525966679132,0.9629896289171037
IL1A,V5,41,41,0.8966949133794601,-0.1385619966382286,-0.5719856925656497,0.2948616992891925,0.9715791351870459
GBP2,V1,43,43,0.7899538636278954,-0.051213514034984337,-0.47398892132593384,0.3715618932559651,0.9974350922814665
GBP2,V3,41,42,0.9963861751691634,-0.07890249813575156,-0.5093811375678896,0.3515761412963864,0.9963861751691634
GBP2,V5,41,41,0.5609728094113208,0.21675638121945232,-0.2174361931938971,0.6509489556328018,0.9715791351870459
FGF5,V1,43,43,0.0631058151535237,0.3784146028535597,-0.04814550055576011,0.8049747062628796,0.9974350922814665
FGF5,V3,41,42,0.6342391092504543,0.06299194372518374,-0.3674245089951816,0.49340839644554907,0.9671590749349257
FGF5,V5,41,41,0.29636169096176934,-0.1728531784996913,-0.6065725555686107,0.260866198569228,0.9715791351870459
CSF3,V1,43,43,0.711737134432599,-0.07194109463152298,-0.4947855301904981,0.3509033409274521,0.9974350922814665
CSF3,V3,41,42,0.05489594451167663,0.285447588405275,-0.14709884596326045,0.7179940227738104,0.9531863394505088
CSF3,V5,41,41,0.27541680487437475,-0.1149592242972622,-0.5482171487088957,0.3182987001143713,0.966658981813982
AMN,V1,43,43,0.9247053679747859,0.01648672356316169,-0.4062250993174779,0.43919854644380124,0.9974350922814665
AMN,V3,41,42,0.7684148340099727,0.035026298877881834,-0.3953146362529961,0.4653672340087598,0.9671590749349257
AMN,V5,41,41,0.17371023889713388,-0.23448380748543826,-0.6688974991678346,0.19992988419695804,0.8908447177171912
ITGB6,V1,43,43,0.3265498723072553,0.27144108451498605,-0.1532516182323082,0.6961337872622804,0.9974350922814665
ITGB6,V3,41,42,0.16847776753800905,0.0011334103605196932,-0.42917375679475,0.43144057751578935,0.9531863394505088
ITGB6,V5,41,41,0.4007042259344762,-0.13733441572809188,-0.5707487306283706,0.2960798991721869,0.9715791351870459
JCHAIN,V1,43,43,0.5246306552180666,0.1483460250809999,-0.2749532615405419,0.5716453117025416,0.9974350922814665
JCHAIN,V3,41,42,0.2944765045037564,-0.23764060726692263,-0.6695010083691967,0.1942197938353514,0.9531863394505088
JCHAIN,V5,41,41,0.0727252829218444,-0.3569696571199115,-0.7933807618034243,0.07944144756360128,0.8227468565955679
IFNG,V1,43,43,0.019929077907942818,0.34825189888836167,-0.07772031269308605,0.7742241104698093,0.9974350922814665
IFNG,V3,41,42,0.3159582407694676,0.23470050727552766,-0.19712176435643441,0.6665227789074897,0.9531863394505088
IFNG,V5,41,41,0.5547633789274014,-0.14830111693567904,-0.5818021886693683,0.28519995479801025,0.9715791351870459
SLAMF1,V1,43,43,0.18490898372063957,0.2621077479024215,-0.16245087060545288,0.6866663664102959,0.9974350922814665
SLAMF1,V3,41,42,0.15212826128781382,-0.24937183326852078,-0.6813890640867303,0.18264539754968875,0.9531863394505088
SLAMF1,V5,41,41,0.3904048356524618,0.10614749441240079,-0.3270564409319194,0.539351429756721,0.9715791351870459
ENAH,V1,43,43,0.9315328519506949,-0.027800057015024394,-0.45052543135940504,0.3949253173293562,0.9974350922814665
ENAH,V3,41,42,0.8102709231223275,-0.012040504397803627,-0.44235163078060996,0.4182706219850027,0.9746018750194912
ENAH,V5,41,41,0.5242243111806397,-0.19033160821971548,-0.6242266544215942,0.24356343798216326,0.9715791351870459
IL15RA,V1,43,43,0.3016449438883953,0.27545455908352867,-0.14929723078554719,0.7002063489526045,0.9974350922814665
IL15RA,V3,41,42,0.2083108128620338,-0.22247965436299538,-0.6541484896823611,0.2091891809563703,0.9531863394505088
IL15RA,V5,41,41,0.13113464093362753,-0.3864140807691133,-0.8234268898642667,0.050598728326040066,0.8749579008731869
PARP1,V1,43,43,0.9110673444037675,0.05547729969028626,-0.36731040969977985,0.47826500908035235,0.9974350922814665
PARP1,V3,41,42,0.8883340984505821,-0.015686524258604388,-0.44600043615648177,0.414627387639273,0.993568009111052
PARP1,V5,41,41,0.7314928664577633,-0.023601028002177355,-0.45650805696549984,0.40930600096114517,0.9715791351870459
FABP9,V1,43,43,0.8906600534140682,0.14583277441679665,-0.2774465419892777,0.5691120908228711,0.9974350922814665
FABP9,V3,41,42,0.6801262811709131,-0.018531902537289435,-0.4488484971866428,0.411784692112064,0.9671590749349257
FABP9,V5,41,41,0.44348687132460457,-0.23275297997428437,-0.6671443225252176,0.20163836257664883,0.9715791351870459
SRPK2,V1,43,43,0.8770940643739881,-0.03582912388778767,-0.45856831571258927,0.3869100679370139,0.9974350922814665
SRPK2,V3,41,42,0.09660860244382251,-0.330449938186078,-0.7637554693044011,0.10285559293224511,0.9531863394505088
SRPK2,V5,41,41,0.6780266416376619,0.019735000890396984,-0.41316738202307873,0.4526373838038727,0.9715791351870459
FGF2,V1,43,43,0.42183366693080154,0.02036923822133646,-0.40234645498341226,0.4430849314260852,0.9974350922814665
FGF2,V3,41,42,0.9819323423259685,0.0063757353687433896,-0.4239325164686445,0.4366839872061312,0.9963861751691634
FGF2,V5,41,41,0.3752574401399553,0.009611977516060216,-0.4232821668631438,0.44250612189526417,0.9715791351870459
ITM2A,V1,43,43,0.4700806661745987,-0.002715362136959069,-0.425420032524873,0.4199893082509549,0.9974350922814665
ITM2A,V3,41,42,0.7753481969450382,-0.015109123140667698,-0.4454225450917156,0.4152042988103802,0.9671590749349257
ITM2A,V5,41,41,0.7468013438706507,-0.09265959273735498,-0.5257892119187854,0.34047002644407537,0.9715791351870459
BACH1,V1,43,43,0.630288573399666,-0.07844433085333292,-0.5013152096083328,0.34442654790166694,0.9974350922814665
BACH1,V3,41,42,0.3159582407694676,-0.1735611369526509,-0.6046974992838539,0.25757522537855204,0.9531863394505088
BACH1,V5,41,41,0.3904048356524618,-0.14513581990747046,-0.5786111690849834,0.2883395292700426,0.9715791351870459
IFNLR1,V1,43,43,0.3709087086835473,0.23822740213996374,-0.1860093308084645,0.662464135088392,0.9974350922814665
IFNLR1,V3,41,42,0.7684148340099727,-0.19726084167805036,-0.6286388275264219,0.23411714417032115,0.9671590749349257
IFNLR1,V5,41,41,0.30546508930208366,-0.22850693892451585,-0.6628441514825818,0.20583027363355005,0.9715791351870459
TRAF2,V1,43,43,0.0656294700258375,-0.42034772725634456,-0.8478046627217637,0.0071092082090745135,0.9974350922814665
TRAF2,V3,41,42,0.6149784304047602,-0.09723408445576244,-0.527801648153308,0.33333347924178314,0.9629896289171037
TRAF2,V5,41,41,0.6866379674418454,-0.10377889897673817,-0.5369690547845151,0.32941125683103867,0.9715791351870459
SULT2A1,V1,43,43,0.20844654830235498,0.12786263340611115,-0.295283811149279,0.5510090779615013,0.9974350922814665
SULT2A1,V3,41,42,0.11228792791413918,-0.19706042893283035,-0.6284362426513255,0.23431538478566474,0.9531863394505088
SULT2A1,V5,41,41,0.07959773693010244,-0.40957050492742164,-0.8470893632585348,0.027948353403691506,0.8227468565955679
SPINK4,V1,43,43,0.9520432528729847,0.04888293589818908,-0.37388616256411045,0.47165203436048864,0.9974350922814665
SPINK4,V3,41,42,0.9419125173585579,-0.0052207201956195465,-0.4355286029699273,0.4250871625786882,0.993568009111052
SPINK4,V5,41,41,0.2633412120896808,-0.21561206545643302,-0.6497909598575042,0.2185668289446382,0.9618175909306087
NUB1,V1,43,43,0.763604249140777,0.0012312398379230012,-0.4214732721230926,0.4239357517989386,0.9974350922814665
NUB1,V3,41,42,0.38634226725453985,-0.17018511222358554,-0.6012895582839431,0.2609193338367721,0.9562180802473277
NUB1,V5,41,41,0.6313778512399456,-0.03759525886331761,-0.4705260359732274,0.3953355182465922,0.9715791351870459
PSPN,V1,43,43,0.6425635723052294,0.1888868581927792,-0.23478154080298577,0.6125552571885442,0.9974350922814665
PSPN,V3,41,42,0.1574397658075688,0.27825400562984853,-0.15418125947804828,0.7106892707377453,0.9531863394505088
PSPN,V5,41,41,0.03643757847704508,-0.44878462653254053,-0.8872260928788664,-0.010343160186214617,0.8036481866249354
ALDH3A1,V1,43,43,0.35722842085343337,-0.03852717990613668,-0.4612717975626693,0.3842174377503959,0.9974350922814665
ALDH3A1,V3,41,42,0.5897021890780707,0.020090442745688098,-0.4102278104776698,0.45040869596904604,0.962574441529572
ALDH3A1,V5,41,41,0.09152835637509706,-0.4059392895806164,-0.8433768860239181,0.031498306862685344,0.8238908000777784
SH2D1A,V1,43,43,0.6120647367990433,0.11882811940894077,-0.3042581009878545,0.541914339805736,0.9974350922814665
SH2D1A,V3,41,42,0.9747073320329979,0.008153029975975097,-0.4221559333619489,0.4384619933138991,0.9963861751691634
SH2D1A,V5,41,41,0.4945612244992096,-0.15625478849661212,-0.5898229371434929,0.2773133601502687,0.9715791351870459
FOXO1,V1,43,43,0.9794371007298435,-9.441547180445136e-4,-0.4236486497869186,0.4217603403508296,0.9974350922814665
FOXO1,V3,41,42,0.20502593631130386,-0.2086829627284366,-0.6401883744713787,0.2228224490145055,0.9531863394505088
FOXO1,V5,41,41,0.44348687132460457,-0.13744416132714307,-0.5708593115004895,0.29597098884620343,0.9715791351870459
VASH1,V1,43,43,0.5134698884297513,0.2100881071102235,-0.21380850307395718,0.6339847172944042,0.9974350922814665
VASH1,V3,41,42,0.06904705319943998,-0.2577967546386557,-0.6899312388273311,0.17433772955001975,0.9531863394505088
VASH1,V5,41,41,0.8391998710920148,0.19375436704039875,-0.24017705089646876,0.6276857849772662,0.9715791351870459
METAP1D,V1,43,43,0.6736706647614465,0.04184469580623324,-0.38090713306110185,0.4645965246735683,0.9974350922814665
METAP1D,V3,41,42,0.2083108128620338,-0.18081361898685316,-0.612020656400417,0.2503934184267107,0.9531863394505088
METAP1D,V5,41,41,0.2365857921541449,-0.1426780658785171,-0.576133824005125,0.29077769224809075,0.9501873333952184
HLA.DRA,V1,43,43,0.7965798675957276,0.18004970868750628,-0.24353069575285483,0.6036301131278674,0.9974350922814665
HLA.DRA,V3,41,42,0.553824723399639,0.17669289775353356,-0.25447362997271417,0.6078594254797813,0.962574441529572
HLA.DRA,V5,41,41,0.7678587197017994,-0.12999895885465654,-0.5633589529147816,0.30336103520546853,0.9715791351870459
TBC1D5,V1,43,43,0.27421273465030777,-0.11084195848181264,-0.5338786096795811,0.3121946927159558,0.9974350922814665
TBC1D5,V3,41,42,0.15212826128781382,-0.2085925374986266,-0.6400969124441314,0.22291183744687815,0.9531863394505088
TBC1D5,V5,41,41,0.5222308467346414,0.0158561967450559,-0.41704235779262616,0.44875475128273795,0.9715791351870459
EPO,V1,43,43,0.06581404529786931,0.37791529076279345,-0.04863469030155937,0.8044652718271463,0.9974350922814665
EPO,V3,41,42,0.25489431758335573,-0.30904761613716497,-0.7419784672736197,0.12388323499928977,0.9531863394505088
EPO,V5,41,41,0.2478100320882864,-0.33954083657928014,-0.7756178783321516,0.0965362051735913,0.9618175909306087
CCL7,V1,43,43,0.16516133884132486,0.44148270392646405,0.013538849359867766,0.8694265584930603,0.9974350922814665
CCL7,V3,41,42,0.7962527545635376,0.018971157197867607,-0.4113458913532688,0.4492882057490041,0.9746018750194912
CCL7,V5,41,41,0.7538005854797287,-0.14104169004772807,-0.5744845894921178,0.2924012093966616,0.9715791351870459
DAPP1,V1,43,43,0.7570576638489661,0.07225490494317344,-0.35059075413852436,0.49510056402487124,0.9974350922814665
DAPP1,V3,41,42,0.4014770929028118,-0.1781886423090954,-0.60936976676560906,0.2529924821474183,0.9562180802473277
DAPP1,V5,41,41,0.6313778512399456,0.14359029317826152,-0.2898726974772533,0.5770532838337763,0.9715791351870459
EDAR,V1,43,43,0.18732997370815185,0.3484252528710099,-0.07755020027992304,0.7744007060219429,0.9974350922814665
EDAR,V3,41,42,0.22530150443482774,-0.2891193991495506,-0.7217236599405685,0.14348486164146734,0.9531863394505088
EDAR,V5,41,41,0.8033266885023767,0.01571159048943276,-0.4171868374559425,0.448610018434808,0.9715791351870459
TRIM5,V1,43,43,0.8703241894392999,0.017638977881429478,-0.4050739085490718,0.4403518643119308,0.9974350922814665
TRIM5,V3,41,42,0.1574397658075688,-0.23195516241669709,-0.6637422558790794,0.19983193104568528,0.9531863394505088
TRIM5,V5,41,41,0.4545721182644967,-0.09393433406311981,-0.527070545902527,0.3392018777762874,0.9715791351870459
DPP10,V1,43,43,0.8696495633584516,-0.025527154114168744,-0.4482492501789835,0.39719494195064603,0.9974350922814665
DPP10,V3,41,42,0.5847242165572023,-0.16778730947355044,-0.5988694665343635,0.2632948475872626,0.962574441529572
DPP10,V5,41,41,0.05948990686557804,-0.40828569076114885,-0.8457757156188588,0.029204334096561146,0.8227468565955679
ITGA6,V1,43,43,0.224540535911085,0.38360740008574096,-0.04305875255509628,0.8102735527265782,0.9974350922814665
ITGA6,V3,41,42,0.21839139951683872,-0.36186673235952627,-0.7957670232677283,0.07203355854867582,0.9531863394505088
ITGA6,V5,41,41,0.9338465291873692,-0.026888996060481462,-0.4598006286323263,0.4060226365113634,0.9832854630855241
FCRL6,V1,43,43,0.42376430327733694,0.21010992794205388,-0.21378692955009784,0.6340067854342056,0.9974350922814665
FCRL6,V3,41,42,0.33385821380041214,0.20938877512192916,-0.22212474467991733,0.6409022949237757,0.9561699243243803
FCRL6,V5,41,41,0.5715855667996166,-0.11234109296846564,-0.5455825275802715,0.32090034164334014,0.9715791351870459
LSP1,V1,43,43,0.986290566110724,0.02853837235691211,-0.3941881270083886,0.4512648717222128,0.9974350922814665
LSP1,V3,41,42,0.13523862270834153,-0.30887415376080957,-0.7418020693514854,0.12405376182986627,0.9531863394505088
LSP1,V5,41,41,0.7749165358366652,-0.09465160151537837,-0.527791562447803,0.3384883594170463,0.9715791351870459
STX8,V1,43,43,0.938365324796312,0.10105431100723615,-0.3219262837813678,0.5240349057958401,0.9974350922814665
STX8,V3,41,42,0.29869346496934723,-0.2276556891011243,-0.659388516252539,0.2040771380502904,0.9531863394505088
STX8,V5,41,41,0.6780266416376619,-0.011403230644106914,-0.4442984189514097,0.42149195766319586,0.9715791351870459
HLA.E,V1,43,43,0.5881325612398198,-0.16033375522243282,-0.5837329772097897,0.26306546676492404,0.9974350922814665
HLA.E,V3,41,42,0.28616152635116593,-0.22253632851916372,-0.6542058565888893,0.20913319955056192,0.9531863394505088
HLA.E,V5,41,41,0.05112151722908316,-0.42807141788205016,-0.8660152929779221,0.00987245721382185,0.8227468565955679
TRIM21,V1,43,43,0.31393667864385993,-0.1785307216297536,-0.6020964237728522,0.24503498051334502,0.9974350922814665
TRIM21,V3,41,42,0.4879434571374631,-0.1511163662077546,-0.5820522717242648,0.2798195393087556,0.9562180802473277
TRIM21,V5,41,41,0.5004219676444249,-0.10507664535898484,-0.5382743124762387,0.32812102175826896,0.9715791351870459
PSIP1,V1,43,43,0.7701676019982215,0.10615667543773809,-0.31685249670414706,0.5291658475796233,0.9974350922814665
PSIP1,V3,41,42,0.5110143023152617,-0.07514015994477158,-0.505602836086535,0.3553225161969919,0.962574441529572
PSIP1,V5,41,41,0.47148579489506837,-0.09251947180011261,-0.5256483717982983,0.340609428198073,0.9715791351870459
IL7,V1,43,43,0.46480162015184884,0.15713493173168225,-0.266236866429528,0.5805067298928925,0.9974350922814665
IL7,V3,41,42,0.9963861751691634,-0.06982200342547215,-0.5002634442809629,0.36061943743001856,0.9963861751691634
IL7,V5,41,41,0.8754065979087653,0.011767503690634359,-0.42112791868686733,0.444662926068136,0.9715791351870459
SAMD9L,V1,43,43,0.8635637046734581,8.502026971866248e-4,-0.421854287811832,0.4235546932062052,0.9974350922814665
SAMD9L,V3,41,42,0.27000631597505353,-0.19211509874739044,-0.6234380096500556,0.23920781215527473,0.9531863394505088
SAMD9L,V5,41,41,0.41645243359274225,-0.13405911977429746,-0.5674488127896797,0.2993305732410848,0.9715791351870459
SIGLEC10,V1,43,43,0.763604249140777,0.06379883687569338,-0.35901571321499454,0.4866133869663813,0.9974350922814665
SIGLEC10,V3,41,42,0.5466482575921847,-0.14302952505616617,-0.5738999776365525,0.28784092752422014,0.962574441529572
SIGLEC10,V5,41,41,0.09334308713917354,-0.3207620394504898,-0.7564975896376849,0.1149735107367052,0.8238908000777784
ISM1,V1,43,43,0.4681387277328591,0.09646308515842117,-0.3264929964862683,0.5194191668031106,0.9974350922814665
ISM1,V3,41,42,0.6867833919433709,-0.19854060313735536,-0.629932511207523,0.23285130493281234,0.9671590749349257
ISM1,V5,41,41,0.8310893622379061,0.04135657856370548,-0.3915824331377781,0.4742955902651891,0.9715791351870459
SLC39A5,V1,43,43,0.6784511530655193,-0.1778741756497817,-0.6014335614728457,0.24568521017328226,0.9974350922814665
SLC39A5,V3,41,42,0.4381325207032406,-0.21211163093538904,-0.643656684768841,0.2194334228980629,0.9562180802473277
SLC39A5,V5,41,41,0.8783808833826795,-0.10181128197161404,-0.5349902270946103,0.3313676631513822,0.9715791351870459
BTN3A2,V1,43,43,0.5646376918128043,0.21280184451426257,-0.2111257179219366,0.6367294069504618,0.9974350922814665
BTN3A2,V3,41,42,0.7408692513255808,0.09474012111291603,-0.3358142580314256,0.5252945002572577,0.9671590749349257
BTN3A2,V5,41,41,0.5242243111806397,-0.10493076887099141,-0.5381275870103016,0.3282660492683188,0.9715791351870459
MLN,V1,43,43,0.8089065220474899,0.12430016629562435,-0.29882200508923956,0.5474223376804883,0.9974350922814665
MLN,V3,41,42,0.7614997475241579,0.06601807264200439,-0.3644091344167821,0.49644527970079083,0.9671590749349257
MLN,V5,41,41,0.6512063796148355,-0.017725580233798163,-0.45062587568513235,0.415174715217536,0.9715791351870459
SCRN1,V1,43,43,0.8032204130480175,0.17503531795316576,-0.24849702334320237,0.5985676592495339,0.9974350922814665
SCRN1,V3,41,42,0.11022585469072955,-0.39461674176418443,-0.8291935044055156,0.03996002087714673,0.9531863394505088
SCRN1,V5,41,41,0.16503403930609178,-0.17794654553778533,-0.6117153756242752,0.2558222845487046,0.881823672710162
PROK1,V1,43,43,0.9247053679747859,0.08553041884303449,-0.33737187457987966,0.5084327122659487,0.9974350922814665
PROK1,V3,41,42,0.4822638560285441,0.14236891576909386,-0.2884963485802795,0.5732341801184672,0.9562180802473277
PROK1,V5,41,41,0.6512063796148355,0.10913649608144112,-0.324085271208262,0.5423582633711442,0.9715791351870459
IKBKG,V1,43,43,0.5588345750302292,-0.11053479113583181,-0.533569604514059,0.31250002224239537,0.9974350922814665
IKBKG,V3,41,42,0.27000631597505353,-0.20698247173992712,-0.6384684608140014,0.22450351733414725,0.9531863394505088
IKBKG,V5,41,41,0.6183019731515813,-0.06984355252493309,-0.5028703942522573,0.3631832892023911,0.9715791351870459
NFATC1,V1,43,43,0.9588877136766193,-0.026296342202948342,-0.4490195164113952,0.3964268320054985,0.9974350922814665
NFATC1,V3,41,42,0.5346362924293818,-0.11602680748637048,-0.5467047208716097,0.3146511058988688,0.962574441529572
NFATC1,V5,41,41,0.6915923099423628,-0.02901084575227641,-0.46192576749513053,0.4039040759905777,0.9715791351870459
CCL26,V1,43,43,0.5473150771383312,0.23134640949147844,-0.1928032342898915,0.6554960532728484,0.9974350922814665
CCL26,V3,41,42,0.43278243429198293,0.029474265882753044,-0.400856802478056,0.45980533424356207,0.9562180802473277
CCL26,V5,41,41,0.6984123660728777,0.06906444150910444,-0.36395939984392484,0.5020882828621337,0.9715791351870459
CLEC4C,V1,43,43,0.8568130904210148,0.020245305024761722,-0.4024702520374658,0.44296086208698926,0.9974350922814665
CLEC4C,V3,41,42,0.24695364966686686,-0.286804827667631,-0.7193725516487232,0.14576289631346118,0.9531863394505088
CLEC4C,V5,41,41,0.5861377113741169,-0.1884259350506232,-0.6223010103736272,0.24544914027238077,0.9715791351870459
CEACAM21,V1,43,43,1,0.02622215580887557,-0.3965009130207294,0.44894522463848047,1
CEACAM21,V3,41,42,0.42746994267325694,-0.21460950859796016,-0.6461838471851442,0.21696482998922387,0.9562180802473277
CEACAM21,V5,41,41,0.2713507728603114,-0.3125600105132398,-0.7481524222159117,0.1230324011894322,0.9618175909306087
PSMG3,V1,43,43,0.224540535911085,-0.2710463750392322,-0.6957333131985735,0.1536405631201091,0.9974350922814665
PSMG3,V3,41,42,0.522757517712014,-0.1816781896168412,-0.6128938444180201,0.24953746518433764,0.962574441529572
PSMG3,V5,41,41,0.6313778512399456,-0.17621104354272987,-0.6099628624661002,0.2575407753806404,0.9715791351870459
COL9A1,V1,43,43,0.8098750451792018,0.07338755183430953,-0.3494625676209382,0.4962376712895573,0.9974350922814665
COL9A1,V3,41,42,0.8243495478925863,-0.0034444917492986982,-0.4337519504257715,0.4268629669271742,0.9746018750194912
COL9A1,V5,41,41,0.44696928675609915,0.2583793992933617,-0.17635963447961356,0.6931184330663369,0.9715791351870459
GOPC,V1,43,43,0.8838728471211061,0.012904371467978341,-0.40980460358326193,0.4356133465192186,0.9974350922814665
GOPC,V3,41,42,0.19856825748163423,-0.25786854900628225,-0.6900040489897532,0.17426695097718875,0.9531863394505088
GOPC,V5,41,41,0.7398226956032012,0.023434784859317395,-0.40947202726368975,0.4563415969823245,0.9715791351870459
MAP2K6,V1,43,43,0.938365324796312,0.010658998635703661,-0.4120485453550193,0.43336654262642665,0.9974350922814665
MAP2K6,V3,41,42,0.5772443226621816,-0.08541488981950562,-0.515923002275448,0.34509322263643666,0.962574441529572
MAP2K6,V5,41,41,0.2598275737930435,-0.1009062048621219,-0.5340800651816864,0.3322676554574425,0.9618175909306087
NT5C3A,V1,43,43,0.5079357305403811,-0.1215282367953354,-0.5446319949164974,0.3015755213258266,0.9974350922814665
NT5C3A,V3,41,42,0.2083108128620338,-0.28868120651179674,-0.7212785278873036,0.14391611486371014,0.9531863394505088
NT5C3A,V5,41,41,0.9045626527665476,0.04519739549496008,-0.38775083430704954,0.47814562529696975,0.9715791351870459
ARHGEF12,V1,43,43,0.4187864311541251,0.19209242239132587,-0.23160893269890784,0.6157937774815596,0.9974350922814665
ARHGEF12,V3,41,42,0.0404311182833587,-0.38289436753612105,-0.8172223893215027,0.05143365424926066,0.9531863394505088
ARHGEF12,V5,41,41,0.1594317997296655,-0.19163565500882981,-0.6255444825013782,0.24227317248371857,0.8781012969726193
CASP2,V1,43,43,0.8838728471211061,0.038899774418395316,-0.38384562346878925,0.4616451723055799,0.9974350922814665
CASP2,V3,41,42,0.03144203850407284,-0.43069183382185167,-0.8660801536203393,0.004696485976635911,0.9531863394505088
CASP2,V5,41,41,0.48961722464691027,-0.06901744723907467,-0.5020411086917271,0.36400621421357776,0.9715791351870459
CNTNAP2,V1,43,43,0.5822170757422587,0.06580990571653597,-0.35701169261207677,0.48863150404514877,0.9974350922814665
CNTNAP2,V3,41,42,0.9530469556133357,0.009200764020779299,-0.4211087003105173,0.43951022835207587,0.993568009111052
CNTNAP2,V5,41,41,0.7328651667700142,-0.08041876281319729,-0.5134896564101826,0.352652130783788,0.9715791351870459
MAPK9,V1,43,43,0.19919655677327014,-0.11975403794493437,-0.542846228030093,0.30333815214022425,0.9974350922814665
MAPK9,V3,41,42,0.21839139951683872,-0.3503669449784639,-0.7840433629688351,0.08330947301190739,0.9531863394505088
MAPK9,V5,41,41,0.4305239197812324,-0.008527331035964853,-0.44142092979594144,0.4243662677240117,0.9715791351870459
BCR,V1,43,43,0.7375228453167286,-0.0649523380312559,-0.4877709040887413,0.3578662280262295,0.9974350922814665
BCR,V3,41,42,0.10227202272881465,-0.25824945751934447,-0.6903903515428698,0.17389143650418082,0.9531863394505088
BCR,V5,41,41,0.4945612244992096,0.00715603268529416,-0.4257369696543124,0.44004903502490067,0.9715791351870459
CLIP2,V1,43,43,0.7922195455230348,-0.05184371828019701,-0.47462088196555524,0.3709334454051612,0.9974350922814665
CLIP2,V3,41,42,0.3029501054757239,-0.20128017569191847,-0.6327021880356901,0.23014183665185317,0.9531863394505088
CLIP2,V5,41,41,0.9118731548124229,0.09131101845519167,-0.34181172416915057,0.5244337610795339,0.9715791351870459
SELPLG,V1,43,43,0.5881325612398198,0.09307848505989307,-0.32986025461874535,0.5160172247385315,0.9974350922814665
SELPLG,V3,41,42,0.8032540131111602,-0.12645259806739123,-0.5572001040909014,0.30429490795611885,0.9746018750194912
SELPLG,V5,41,41,0.42714893051055136,0.19383156330344697,-0.24010068239437232,0.6277638090012663,0.9715791351870459
CXADR,V1,43,43,0.986290566110724,0.06058949771922713,-0.36221425734394985,0.4833932527824041,0.9974350922814665
CXADR,V3,41,42,0.673493739572174,0.058024804445272936,-0.3723750891098634,0.4884246980004092,0.9671590749349257
CXADR,V5,41,41,0.8104711684233183,-0.13654858733626152,-0.569956940748227,0.296859766075704,0.9715791351870459
IL15,V1,43,43,0.8635637046734581,0.07438839100713872,-0.3484657274571714,0.4972425094714489,0.9974350922814665
IL15,V3,41,42,0.522757517712014,0.06784022699684689,-0.3625936989049735,0.4982741528986673,0.962574441529572
IL15,V5,41,41,0.8033266885023767,-0.10174573716798083,-0.5349243125314611,0.3314328381954995,0.9715791351870459
IL6,V1,43,43,0.9315328519506949,0.0860927487554435,-0.3368121538146894,0.5089976513255764,0.9974350922814665
IL6,V3,41,42,0.4822638560285441,-0.07940753211188768,-0.5098883736765101,0.35107330945273474,0.9562180802473277
IL6,V5,41,41,0.47148579489506837,0.22122609092546128,-0.21302060734684616,0.6554727891977687,0.9715791351870459
FCAR,V1,43,43,0.28187247862198456,0.20686283499924105,-0.21699750223937295,0.630723172237855,0.9974350922814665
FCAR,V3,41,42,0.960264053498391,0.04357828562406563,-0.3867811703188146,0.47393774156694585,0.993568009111052
FCAR,V5,41,41,0.2593975445304347,0.22922812085299984,-0.20511821579540399,0.6635744575014036,0.9618175909306087
CD83,V1,43,43,0.972585136922629,0.09299066009697597,-0.32994763782006187,0.5159289580140138,0.9974350922814665
CD83,V3,41,42,0.7408692513255808,0.06674794949854572,-0.3636819268923287,0.49717782588942017,0.9671590749349257
CD83,V5,41,41,0.1512969000488137,-0.3580997362222179,-0.7945330695177035,0.07833359707326776,0.8749579008731869
NCR1,V1,43,43,0.28967451840584746,0.22490722991425555,-0.19916321277192917,0.6489776726004403,0.9974350922814665
NCR1,V3,41,42,0.48879304102028204,0.12532845287645297,-0.3054112621374947,0.5560681678904007,0.9562180802473277
NCR1,V5,41,41,0.09705810690708057,-0.3234444848786309,-0.7592276421366062,0.1123386723793443,0.8238908000777784
NCF2,V1,43,43,0.972585136922629,0.014342443061009371,-0.4083675917979905,0.4370524779200092,0.9974350922814665
NCF2,V3,41,42,0.5897021890780707,-0.16035766512915106,-0.5913727604759138,0.2706574302176117,0.962574441529572
NCF2,V5,41,41,0.6780266416376619,0.10117691304285854,-0.331998463386234,0.5343522894719511,0.9715791351870459
NPPC,V1,43,43,0.6073194768869461,-0.09756378148084527,-0.520525636158177,0.3253980731964865,0.9974350922814665
NPPC,V3,41,42,0.5941479672156784,0.12596032411552738,-0.30478376160541854,0.5567044098364733,0.962574441529572
NPPC,V5,41,41,0.8058659380330063,0.04658615977105999,-0.3863656044483452,0.47953792399046524,0.9715791351870459
CCL28,V1,43,43,0.7833428528738308,0.04416422443474697,-0.37859299988456696,0.46692144875406094,0.9974350922814665
CCL28,V3,41,42,0.7477264501483714,-0.11677045992252491,-0.5474531393733287,0.31391221952827897,0.9671590749349257
CCL28,V5,41,41,0.7749165358366652,0.07453350586756892,-0.35851210760470764,0.5075791193398455,0.9715791351870459
PTX3,V1,43,43,0.8703241894392999,0.017410263751852464,-0.4053024058587637,0.4401229333624686,0.9974350922814665
PTX3,V3,41,42,0.19539513844872133,-0.23820917723624688,-0.6700770063712423,0.19365865189874856,0.9531863394505088
PTX3,V5,41,41,0.7749165358366652,0.05464053827558233,-0.3783338327087253,0.48761490925989,0.9715791351870459
PTH1R,V1,43,43,0.4344194083788383,-0.04347001271358219,-0.4662255917202901,0.3792855662931257,0.9974350922814665
PTH1R,V3,41,42,0.7190136659107589,0.26411800125561347,-0.16810699469902263,0.6963429972102495,0.9671590749349257
PTH1R,V5,41,41,0.97780384566054,-0.010381518133614338,-0.44327608919108197,0.4225130529238533,0.9917782334534438
EGLN1,V1,43,43,0.9588877136766193,0.020163411365925227,-0.4025520561907432,0.4428788789225936,0.9974350922814665
EGLN1,V3,41,42,0.4822638560285441,-0.13023783712023015,-0.5610120876064318,0.3005364133659715,0.9562180802473277
EGLN1,V5,41,41,0.889966227725727,-0.009044585998286003,-0.44193843681869904,0.42384926482212704,0.9715791351870459
CLEC4A,V1,43,43,0.9277398315103046,0.07931192786026214,-0.343562651457975,0.5021865071784992,0.9974350922814665
CLEC4A,V3,41,42,0.31859107215423543,-0.2218106909445661,-0.6534713625121976,0.20984998062306545,0.9531863394505088
CLEC4A,V5,41,41,0.9999999999999993,-0.014891469216302666,-0.44778920114534404,0.41800626271273866,0.9999999999999993
OSM,V1,43,43,0.09223581049059254,0.376195328560499,-0.05031988491304734,0.8027105420340452,0.9974350922814665
OSM,V3,41,42,0.45440654232553734,-0.13928149439125967,-0.5701228286686756,0.2915598398861563,0.9562180802473277
OSM,V5,41,41,0.7468013438706507,-0.0047555973168850185,-0.4376478067112292,0.4281366120774592,0.9715791351870459
HSD11B1,V1,43,43,0.7310476438772153,0.16412600003856662,-0.2593064467944899,0.5875584468716231,0.9974350922814665
HSD11B1,V3,41,42,0.7602689714861443,-0.19753297363018185,-0.6289139124384253,0.23384796517806156,0.9671590749349257
HSD11B1,V5,41,41,0.42714893051055136,-0.07560133162808277,-0.5086513894494477,0.35744872619328216,0.9715791351870459
IL4R,V1,43,43,0.7624263034184526,-0.10746011507190728,-0.5304768128899526,0.31555658274613807,0.9974350922814665
IL4R,V3,41,42,0.8243495478925863,-0.034258104209644015,-0.46459757290834514,0.39608136448905706,0.9746018750194912
IL4R,V5,41,41,0.7961984250393853,0.041668430633577086,-0.3912712990153381,0.4746081602824923,0.9715791351870459
IRAK4,V1,43,43,0.5302567787364795,-0.11093078253564509,-0.5339679661276566,0.3121064010563665,0.9974350922814665
IRAK4,V3,41,42,0.1656658700217253,-0.2873997815578251,-0.7199768694720402,0.14517730635639003,0.9531863394505088
IRAK4,V5,41,41,0.7678587197017994,-0.03890998889105756,-0.4718435551396725,0.3940235773575574,0.9715791351870459
ICAM4,V1,43,43,0.21359792620001572,0.24783061938130366,-0.17653189168412406,0.6721931304467313,0.9974350922814665
ICAM4,V3,41,42,0.3115824863706327,-0.2972754528051804,-0.7300107768001292,0.13545987118976827,0.9531863394505088
ICAM4,V5,41,41,0.7749165358366652,-0.11396224796486977,-0.5472138484007228,0.31928935247098333,0.9715791351870459
DECR1,V1,43,43,0.8635637046734581,0.00730685330988782,-0.4153990617435721,0.4300127683633478,0.9974350922814665
DECR1,V3,41,42,0.3667069748735292,-0.1331197358604056,-0.5639148760077574,0.29767540428694617,0.9562180802473277
DECR1,V5,41,41,0.4007042259344762,-0.13199591411578387,-0.5653704014736245,0.3013785732420568,0.9715791351870459
LY75,V1,43,43,0.5646376918128043,0.06261926050229133,-0.3601912572188407,0.48542977822342337,0.9974350922814665
LY75,V3,41,42,0.9098446790172188,-0.05488035645881802,-0.4852704695800822,0.3755097566624462,0.993568009111052
LY75,V5,41,41,0.20175460059839928,-0.22176949174709473,-0.656022844926513,0.21248386143232348,0.9319843256608792
ITGA11,V1,43,43,0.5881325612398198,0.044523367440896924,-0.3782347182918924,0.46728145317368625,0.9974350922814665
ITGA11,V3,41,42,0.3476993718548228,-0.2852003204162439,-0.7177428869094716,0.14734224607698387,0.9562180802473277
ITGA11,V5,41,41,0.6847969076513309,-0.14668691505757528,-0.5801747999481551,0.2868009698330045,0.9715791351870459
AXIN1,V1,43,43,0.8500728249136719,0.05841398833979355,-0.3643827657525408,0.4812107424321279,0.9974350922814665
AXIN1,V3,41,42,0.20502593631130386,-0.26892970904514757,-0.7012250587475022,0.163365640657207,0.9531863394505088
AXIN1,V5,41,41,0.7052565877766643,-0.01517802171898682,-0.4480759925980176,0.417719949160044,0.9715791351870459
ANXA11,V1,43,43,0.28967451840584746,0.2595954670337733,-0.1649278538916042,0.6841187879591508,0.9974350922814665
ANXA11,V3,41,42,0.6472181322858683,0.057263810648493146,-0.3731336659785177,0.48766128727550406,0.9671590749349257
ANXA11,V5,41,41,0.3228522353484282,0.20433921339928637,-0.22970876532604326,0.638387192124616,0.9715791351870459
CD4,V1,43,43,0.8906600534140682,0.04721307168282653,-0.37555168709293113,0.46997783045858416,0.9974350922814665
CD4,V3,41,42,0.6919497716998829,0.0642672506556835,-0.3661536728097123,0.4946881741210793,0.9671590749349257
CD4,V5,41,41,0.5734905464127721,-0.11347973205584716,-0.5467282915662217,0.3197688274545274,0.9715791351870459
IL17RB,V1,43,43,0.9380402055085363,-0.00310544880920725,-0.4258101806129609,0.41959928299454635,0.9974350922814665
IL17RB,V3,41,42,0.4710121083671921,-0.008376644377117718,-0.4386857095626314,0.421932420808396,0.9562180802473277
IL17RB,V5,41,41,0.8608885588612644,-0.02191518416422956,-0.4548200852234568,0.4109897168949977,0.9715791351870459
PIK3AP1,V1,43,43,0.33082567050001965,-0.18517167222119413,-0.6088025664787535,0.23845922203636533,0.9974350922814665
PIK3AP1,V3,41,42,0.3203737031139622,-0.21884270288789756,-0.6504674490241689,0.21278204324837377,0.9531863394505088
PIK3AP1,V5,41,41,0.6915923099423628,-0.12057768439906981,-0.5538722756558732,0.31271690685773357,0.9715791351870459
MGMT,V1,43,43,0.8635637046734581,-0.011706393511533103,-0.43441457110858017,0.411001784085514,0.9974350922814665
MGMT,V3,41,42,0.29869346496934723,-0.1897840043483225,-0.6210824423515722,0.2415144336549272,0.9531863394505088
MGMT,V5,41,41,0.7121244810609514,-0.03426624133531988,-0.4671903846907794,0.3986579020201397,0.9715791351870459
HEXIM1,V1,43,43,0.2666949423218291,-0.2617963989499346,-0.6863506247057038,0.16275782680583456,0.9974350922814665
HEXIM1,V3,41,42,0.41695841545375234,-0.15254552093073653,-0.5834933668223552,0.27840232496088213,0.9562180802473277
HEXIM1,V5,41,41,0.34605879698534053,-0.14316052902711784,-0.5766201066007389,0.29029904854650324,0.9715791351870459
CLEC4G,V1,43,43,0.7440165323806051,0.06498000535109047,-0.35783865791464564,0.48779866861682664,0.9974350922814665
CLEC4G,V3,41,42,0.7204214301842432,-0.05423118963032474,-0.4846193514119786,0.3761569721513291,0.9671590749349257
CLEC4G,V5,41,41,0.17667590770368874,-0.340875860263382,-0.776977908372982,0.09522618784621789,0.8908447177171912
NTF3,V1,43,43,0.43382214506788597,0.15255058398664187,-0.2707828726786712,0.575884040651955,0.9974350922814665
NTF3,V3,41,42,0.8102709231223275,-0.14325790041242903,-0.5741301521579387,0.2876143513330807,0.9746018750194912
NTF3,V5,41,41,0.7890869403337829,-0.10078205193332333,-0.5339552182874326,0.33239111442078595,0.9715791351870459
TNFSF11,V1,43,43,0.8165433061995095,0.11061531213519409,-0.31241998251748965,0.5336506067878778,0.9974350922814665
TNFSF11,V3,41,42,0.7068975796642928,-0.12645862515539524,-0.5572061731374074,0.30428892282661685,0.9671590749349257
TNFSF11,V5,41,41,0.2593975445304347,-0.3659584288957821,-0.80254825347630665,0.07063139568474242,0.9618175909306087
MICB_MICA,V1,43,43,0.3992183319322952,0.22551683797685265,-0.19856100763454196,0.6495946835882472,0.9974350922814665
MICB_MICA,V3,41,42,0.03370708384633463,0.396184970023957,-0.0384256271827883,0.8307955672307022,0.9531863394505088
MICB_MICA,V5,41,41,0.18271887186571886,0.19702451286364517,-0.2369422576912741,0.6309912834185645,0.8960733716154432
BANK1,V1,43,43,0.42376430327733694,-0.16586986623774616,-0.5893178513321733,0.2575781188566809,0.9974350922814665
BANK1,V3,41,42,0.5710617233118633,-0.12201246496258489,-0.5527296026504708,0.308704672725301,0.962574441529572
BANK1,V5,41,41,0.7052565877766643,-0.09595410480033004,-0.529100946631821,0.3371927370311608,0.9715791351870459
CD200R1,V1,43,43,0.014338694596192941,0.45933757994756685,0.030964225364722153,0.8877109345304115,0.9974350922814665
CD200R1,V3,41,42,0.2116332514227689,0.34055213977050464,-0.09293883837254235,0.7740431179135516,0.9531863394505088
CD200R1,V5,41,41,0.2050613746791471,0.2397001277097161,-0.19478191350960639,0.6741821689290386,0.9319843256608792
KRT19,V1,43,43,0.6549359266314344,0.10168136296474319,-0.3213026680707587,0.524665394000245,0.9974350922814665
KRT19,V3,41,42,0.6342391092504543,-0.050315915583594384,-0.48069280054435326,0.3800609693771645,0.9671590749349257
KRT19,V5,41,41,0.22930336439993337,-0.29108454521632354,-0.7263195327259162,0.14415044229326907,0.9475796874825466
PLXNA4,V1,43,43,0.624188462806292,0.1364493165411535,-0.2867584467142266,0.5596570797965337,0.9974350922814665
PLXNA4,V3,41,42,0.16207643865383436,-0.31371222951097133,-0.746722631521126,0.11929817249918329,0.9531863394505088
PLXNA4,V5,41,41,0.9926413687507629,0.07558052235807985,-0.35746944825040683,0.5086304929665666,0.998218005653857
CD70,V1,43,43,0.14986235293017727,0.33086372008129644,-0.09479142447791733,0.7565188646405102,0.9974350922814665
CD70,V3,41,42,0.8384842947095064,-0.13133419326920207,-0.5621163370148567,0.2994479504764527,0.9746018750194912
CD70,V5,41,41,0.1486559504776847,-0.25266390558739493,-0.6873222743348419,0.18199446316005208,0.8749579008731869
TGFA,V1,43,43,0.041973009922963093,0.1353173862404889,-0.28788206627988244,0.5585168387608602,0.9974350922814665
TGFA,V3,41,42,0.5897021890780707,-0.13055690841011353,-0.5613334492513431,0.3002196324311161,0.962574441529572
TGFA,V5,41,41,0.6313778512399456,-0.014366209180016175,-0.4472635149308005,0.41853109657076815,0.9715791351870459
IL5RA,V1,43,43,0.4595553674346584,0.17931324511899724,-0.2442600155879545,0.6028865058259489,0.9974350922814665
IL5RA,V3,41,42,0.5772443226621816,-0.2377686077627147,-0.6696306795791587,0.1940934640537293,0.962574441529572
IL5RA,V5,41,41,0.09783924984596967,-0.4498556232808949,-0.888323441501544,-0.011387805060245892,0.8238908000777784
SLAMF7,V1,43,43,0.10097869387818233,0.28147603316205966,-0.14336601672209376,0.706318083046213,0.9974350922814665
SLAMF7,V3,41,42,0.8243495478925863,0.034842618890218044,-0.3954979626502239,0.46518320043066,0.9746018750194912
SLAMF7,V5,41,41,0.1366224409700481,-0.2583780851299142,-0.693117100149935,0.17636092989010654,0.8749579008731869
CD200,V1,43,43,0.2936289855673614,0.3452649278395601,-0.0806516794955281,0.7711815351746483,0.9974350922814665
CD200,V3,41,42,0.6885934380893957,-0.055818146132865475,-0.4862111191524724,0.3745748268867415,0.9671590749349257
CD200,V5,41,41,0.823864323611514,-0.0870975451948404,-0.5201994516650597,0.3460043612753788,0.9715791351870459
GZMB,V1,43,43,0.07511747028421283,0.3278741798204301,-0.09772806433049847,0.7534764239713587,0.9974350922814665
GZMB,V3,41,42,0.4634260471854912,0.09650077616312626,-0.3340628753243479,0.5270644276506005,0.9562180802473277
GZMB,V5,41,41,0.45813271046599485,-0.20362524474371696,-0.6376651672747544,0.23041467778732055,0.9715791351870459
IL32,V1,43,43,0.883266001631582,0.019791263670607222,-0.40292380171772985,0.4425063290589443,0.9974350922814665
IL32,V3,41,42,0.7892676803168979,-0.0045723505509790915,-0.43488005836902754,0.42573535726706935,0.9746018750194912
IL32,V5,41,41,0.03729143453409317,-0.5064338311195327,-0.9463805234706973,-0.06648713876836798,0.8036481866249354
LIFR,V1,43,43,0.965735174709012,0.13415701640206265,-0.2890339882710632,0.5573480210751885,0.9974350922814665
LIFR,V3,41,42,0.938624762914225,-0.026769445615833838,-0.45709632238534886,0.4035574311536812,0.993568009111052
LIFR,V5,41,41,0.1532326204482295,-0.3737310215859122,-0.8104789073688661,0.06301686419704161,0.8749579008731869
CD84,V1,43,43,0.3667541698669237,0.24345222549961712,-0.1808523277593342,0.6677567787585684,0.9974350922814665
CD84,V3,41,42,0.06764895559478555,-0.44351466453892885,-0.8792081503231579,-0.007821178754699787,0.9531863394505088
CD84,V5,41,41,0.7879698119095365,-0.04595396586774306,-0.4789041078891826,0.3869961761536965,0.9715791351870459
CLEC4D,V1,43,43,0.1573725010863603,0.3451497651972522,-0.08076470776136258,0.771064238155867,0.9974350922814665
CLEC4D,V3,41,42,0.7272162492611288,-0.12541657537600504,-0.5561568986244485,0.30532374787243843,0.9671590749349257
CLEC4D,V5,41,41,0.5424451349114037,0.06723850857867021,-0.36577843285694045,0.5002554500142808,0.9715791351870459
CCL3,V1,43,43,0.013647240881796792,0.47969419292156884,0.05081094677070741,0.9085774390724303,0.9974350922814665
CCL3,V3,41,42,0.8384842947095064,-0.07578426475939888,-0.5062496185052049,0.3546810889864071,0.9746018750194912
CCL3,V5,41,41,0.6053445657409853,0.011807366544119282,-0.42108808189472896,0.44470281498296754,0.9715791351870459
TNFSF10,V1,43,43,0.3143124612575258,0.20299962862350698,-0.22081799581689052,0.6268172530639045,0.9974350922814665
TNFSF10,V3,41,42,0.45990516513859414,-0.16858000552788763,-0.5996694963011251,0.2625094852453498,0.9562180802473277
TNFSF10,V5,41,41,0.004556735245510092,-0.6113190417249007,-1.0544532452790136,-0.16818483817078766,0.40782780447315325
TLR3,V1,43,43,0.38964197006922996,0.29971729924121504,-0.12540996751608074,0.7248445659985108,0.9974350922814665
TLR3,V3,41,42,0.673493739572174,0.022772266792316916,-0.4075491537052741,0.45309368728990795,0.9671590749349257
TLR3,V5,41,41,0.5013484106334563,-0.04714178532105816,-0.4800949935605363,0.38581142291841997,0.9715791351870459
CXCL6,V1,43,43,0.444015153349213,0.19541548466465677,-0.22832061718069804,0.6191515865100116,0.9974350922814665
CXCL6,V3,41,42,0.8243495478925863,-0.11099834282953237,-0.5416448265496843,0.3196481408906195,0.9746018750194912
CXCL6,V5,41,41,0.8464168650825652,0.10775908020364215,-0.32545440820156113,0.5409725686088455,0.9715791351870459
PCDH1,V1,43,43,0.4420738260431597,-0.10385178166762914,-0.5268478705036197,0.31914430716836145,0.9974350922814665
PCDH1,V3,41,42,0.39134849888156287,0.21607502403211615,-0.21551665468973108,0.6476667027539633,0.9562180802473277
PCDH1,V5,41,41,0.4751635407715908,-0.2798636577341405,-0.7149218988858014,0.15519458341752035,0.9715791351870459
HPCAL1,V1,43,43,0.6862736132361327,0.21873021029966042,-0.20526634337277613,0.6427267639720969,0.9974350922814665
HPCAL1,V3,41,42,0.37644649500905375,-0.2009970952384024,-0.632415977888836,0.23042178741203115,0.9562180802473277
HPCAL1,V5,41,41,0.8972601420408413,0.10411717159028974,-0.32907493314518765,0.5373092763257671,0.9715791351870459
CKAP4,V1,43,43,0.3802051873642722,0.1339757374468364,-0.28921395401572003,0.5571654289093928,0.9974350922814665
CKAP4,V3,41,42,0.540625778661184,0.1511625454223943,-0.2797737441625817,0.5820988350073703,0.962574441529572
CKAP4,V5,41,41,0.32741136516917635,-0.23873655042652073,-0.6732058534559222,0.19573275260288078,0.9715791351870459
FKBP1B,V1,43,43,0.8906600534140682,0.15497875540412664,-0.2683748684714348,0.5783323792796882,0.9974350922814665
FKBP1B,V3,41,42,0.03449211939917322,-0.3650275978695691,-0.7989906690323905,0.06893547329325217,0.9531863394505088
FKBP1B,V5,41,41,0.8104711684233183,0.16013119194647737,-0.2734709140659666,0.5937332979589213,0.9715791351870459
DFFA,V1,43,43,0.6736706647614465,-0.10159816929234468,-0.5245817432048429,0.3213854046201535,0.9974350922814665
DFFA,V3,41,42,0.3163863278077358,-0.18366284584280654,-0.6148984370247871,0.24757274533917403,0.9531863394505088
DFFA,V5,41,41,0.23887391063008284,-0.20738238377995508,-0.6414650151996015,0.2267002476396914,0.9501873333952184
TGFB1,V1,43,43,0.2976191204304887,0.2565555906847668,-0.16792547061266494,0.6810366519821985,0.9974350922814665
TGFB1,V3,41,42,0.04720448288317191,-0.43746813873699875,-0.873016636649625,-0.001919640824372515,0.9531863394505088
TGFB1,V5,41,41,0.8826815127850661,-0.03621376177460349,-0.46914171137198135,0.39671418782277434,0.9715791351870459
CXCL17,V1,43,43,0.965735174709012,0.00315659542165744,-0.419548145045105,0.42586133588841985,0.9974350922814665
CXCL17,V3,41,42,0.3203737031139622,0.23080086303167954,-0.20097156227879068,0.6625732883421498,0.9531863394505088
CXCL17,V5,41,41,0.2878606087347054,-0.21349283734195448,-0.647646586999201,0.22066091231529203,0.9715791351870459
NUDC,V1,43,43,0.8098750451792018,-0.03314667962401242,-0.4558808672979037,0.3895875080498789,0.9974350922814665
NUDC,V3,41,42,0.13459760353862385,-0.322635743164989,-0.7558016061570818,0.11053011982710376,0.9531863394505088
NUDC,V5,41,41,0.48873697485721673,-0.06123542058619614,-0.49423097955950906,0.3717601383871168,0.9715791351870459
TNFSF12,V1,43,43,0.059469592770603576,0.39114008714090615,-0.03568242173573499,0.8179625960175473,0.9974350922814665
TNFSF12,V3,41,42,0.7684148340099727,-0.12087073264112756,-0.5515802365321953,0.3098387712499402,0.9671590749349257
TNFSF12,V5,41,41,0.7398226956032012,-0.14772643012616235,-0.5812227905929934,0.2857699303406688,0.9715791351870459
EIF4G1,V1,43,43,0.4089334557007454,-0.15077435689610968,-0.5740932621758721,0.2725445483836528,0.9974350922814665
EIF4G1,V3,41,42,0.12529828674921437,-0.30381478971074893,-0.7366578009196538,0.1290282214981559,0.9531863394505088
EIF4G1,V5,41,41,0.36536157744130826,-0.1745011342948512,-0.6082363553209547,0.2592340867312522,0.9715791351870459
BSG,V1,43,43,0.9827729500303507,0.02809959944788164,-0.3946262277751069,0.4508254266708702,0.9974350922814665
BSG,V3,41,42,0.17911910034493467,-0.226937880749745,-0.658661746243216,0.20478598474372608,0.9531863394505088
BSG,V5,41,41,0.17667590770368874,-0.3330793956012238,-0.7690367749178665,0.1028779837154189,0.8908447177171912
DNAJA2,V1,43,43,0.5302567787364795,-0.0843136092429107,-0.5072103152807603,0.3385830967949389,0.9974350922814665
DNAJA2,V3,41,42,0.13944080142840942,-0.3015831577772215,-0.7343891590102691,0.13122284345582608,0.9531863394505088
DNAJA2,V5,41,41,0.6445688207286441,-0.033557072065656855,-0.46647988165420834,0.39936573752289467,0.9715791351870459
CD244,V1,43,43,0.029663751397914148,0.41404297631275566,-0.013273228278166627,0.841359180903678,0.9974350922814665
CD244,V3,41,42,0.8526707763765226,0.05242277817661382,-0.37796007006738963,0.4828056264206173,0.9846972191703066
CD244,V5,41,41,0.4545721182644967,-0.1761730107371444,-0.6099244587273606,0.2575784372530717,0.9715791351870459
KLRB1,V1,43,43,0.20224631840113,0.34759845757189717,-0.07836154950192109,0.7735584646457154,0.9974350922814665
KLRB1,V3,41,42,0.6022812148117992,0.15191724006653734,-0.2790253428285463,0.582859822961621,0.962574441529572
KLRB1,V5,41,41,0.004556735245510092,-0.5407320352249552,-0.9816576900428657,-0.09980638040704459,0.40782780447315325
SERPINB8,V1,43,43,0.46480162015184884,0.056055353267595046,-0.3667340996135999,0.47884480614878994,0.9974350922814665
SERPINB8,V3,41,42,0.6022812148117992,-0.03689622470053347,-0.46724086528945197,0.393448415888385,0.962574441529572
SERPINB8,V5,41,41,0.19206531086481055,-0.2710185218366011,-0.7059422868827241,0.16390524320952193,0.9291808282378672
CXCL8,V1,43,43,0.4138427725010057,0.34480448599527724,-0.08110359190601152,0.770712563896566,0.9974350922814665
CXCL8,V3,41,42,0.4381325207032406,-0.11254588113952124,-0.5432018894495926,0.3181101271705501,0.9562180802473277
CXCL8,V5,41,41,0.48873697485721673,-0.1649269036299174,-0.5985721678321658,0.26871836057233095,0.9715791351870459
KLRD1,V1,43,43,0.18159411985474908,0.28085100627437226,-0.1439815847699445,0.705683597318689,0.9974350922814665
KLRD1,V3,41,42,0.19539513844872133,0.22363814290444597,-0.2080448879114485,0.6553211737203405,0.9531863394505088
KLRD1,V5,41,41,0.48294948339586224,-0.15499966852633876,-0.5885570000685819,0.27855766301590434,0.9715791351870459
IL16,V1,43,43,0.9178833676068706,0.10994096908889897,-0.3130903058175245,0.5329722439953225,0.9974350922814665
IL16,V3,41,42,0.1042168258844024,-0.36324299654734604,-0.7971705564476297,0.07068456335293766,0.9531863394505088
IL16,V5,41,41,0.30942175171324665,-0.19372239344240863,-0.6276534686285286,0.24020868174371127,0.9715791351870459
NFASC,V1,43,43,0.938365324796312,0.0031001035555606087,-0.41960462735100285,0.4258048344621241,0.9974350922814665
NFASC,V3,41,42,0.12305269923369358,-0.2679378231188172,-0.700218567107794,0.16434292087015956,0.9531863394505088
NFASC,V5,41,41,0.05948990686557804,-0.48807993465511834,-0.9275282623503734,-0.04863160695986324,0.8227468565955679
CD79B,V1,43,43,0.9315328519506949,0.03715708053556809,-0.385584732631213,0.4598988937023492,0.9974350922814665
CD79B,V3,41,42,0.057274216108091976,-0.36873774114319646,-0.8027751869702958,0.06529970468390289,0.9531863394505088
CD79B,V5,41,41,0.06613037876092179,-0.4507091331531035,-0.8891979958205942,-0.012220270485612805,0.8227468565955679
CD22,V1,43,43,0.6425635723052294,-0.056004444741421494,-0.47879374334988833,0.3667848538670453,0.9974350922814665
CD22,V3,41,42,0.20502593631130386,-0.3326884644864788,-0.7660346136412451,0.1006576846682875,0.9531863394505088
CD22,V5,41,41,0.07186709402149634,-0.3038593684053743,-0.7393039431043851,0.1315852062936364,0.8227468565955679
LAMP3,V1,43,43,0.5415992495447999,0.18581533218004062,-0.23782200669473544,0.6094526710548167,0.9974350922814665
LAMP3,V3,41,42,0.1866008969703201,-0.28572326518833996,-0.718274015726055,0.14682748534937506,0.9531863394505088
LAMP3,V5,41,41,0.0032479916648628484,-0.6683285247425286,-1.113434692964244,-0.22322235652081324,0.40782780447315325
FCRL2,V1,43,43,0.4969610359295139,0.17490034132467092,-0.24863072490261146,0.5984314075519532,0.9974350922814665
FCRL2,V3,41,42,0.057274216108091976,-0.4562085312506027,-0.8922127119143339,-0.020204350586871478,0.9531863394505088
FCRL2,V5,41,41,0.017472788304916668,-0.4763317224143602,-0.915470421124682,-0.037193023704038375,0.7819072766450209
LAT,V1,43,43,0.3223097648610338,0.24726349647735657,-0.1770914496621827,0.6716184426168958,0.9974350922814665
LAT,V3,41,42,0.43077463029812696,-0.1464399833311337,-0.5773376016986407,0.28445763503637334,0.9562180802473277
LAT,V5,41,41,0.6968984092339705,0.0886468466474757,-0.3444626070197777,0.5217563003147291,0.9715791351870459
GMPR,V1,43,43,0.1163108120424041,-0.3564922955619873,-0.7826203517526378,0.06963576062866311,0.9974350922814665
GMPR,V3,41,42,0.1547668990615249,-0.348124860290516,-0.7817584593229486,0.08550873874191667,0.9531863394505088
GMPR,V5,41,41,0.47148579489506837,-0.21165555985866064,-0.645787709965558,0.2224765902482368,0.9715791351870459
TPSAB1,V1,43,43,0.8357843226982331,0.11331340853481868,-0.3097382149506667,0.53636503202030406,0.9974350922814665
TPSAB1,V3,41,42,0.3029501054757239,-0.1318652848470222,-0.5626512759448165,0.29892070625077205,0.9531863394505088
TPSAB1,V5,41,41,0.21740773481508072,-0.15441243006488536,-0.587964730426226,0.27913987029645526,0.9319843256608792
PPP1R9B,V1,43,43,0.763604249140777,-0.05697805699822969,-0.47977033031626826,0.3658142163198089,0.9974350922814665
PPP1R9B,V3,41,42,0.28616152635116593,-0.21820352426494447,-0.6498205965340993,0.2134135480042104,0.9531863394505088
PPP1R9B,V5,41,41,0.9265157027605246,0.011234725659332794,-0.4216603568616696,0.4441298081803352,0.9813391171250528
PRDX5,V1,43,43,0.7310476438772153,0.06774956880202629,-0.35507903460670076,0.4905781722107534,0.9974350922814665
PRDX5,V3,41,42,0.2784153034328539,-0.23926387815422415,-0.671145533001663,0.1926177766932147,0.9531863394505088
PRDX5,V5,41,41,0.7468013438706507,0.10165313754950134,-0.33152491583477506,0.5348311909337777,0.9715791351870459
ADA,V1,43,43,0.8098750451792018,0.045636277011701976,-0.3771245223572392,0.46839707638064315,0.9974350922814665
ADA,V3,41,42,0.35239216406252494,-0.1834016652111716,-0.6146346204427888,0.24783129002044565,0.9562180802473277
ADA,V5,41,41,0.12876657237680073,-0.32295279819947337,-0.758727199894978,0.11282160349603126,0.8749579008731869
TNFRSF11A,V1,43,43,0.0717310307254415,0.3515511936087176,-0.07448298447438984,0.7775853716918251,0.9974350922814665
TNFRSF11A,V3,41,42,0.5959767401665277,-0.15424442319592585,-0.5852066089408463,0.2767177625489946,0.962574441529572
TNFRSF11A,V5,41,41,0.1434786816658607,-0.375657834167928,-0.8124454078696359,0.06112973953377998,0.8749579008731869
CD160,V1,43,43,0.267059890314698,0.3319509482204093,-0.09372355244067931,0.757625448881498,0.9974350922814665
CD160,V3,41,42,0.9963861751691634,-0.04442688140406245,-0.4747883948656084,0.38593463205748346,0.9963861751691634
CD160,V5,41,41,0.013082898683794331,-0.5355554897408815,-0.9763294255971703,-0.09478155388459275,0.6690968183997672
HCLS1,V1,43,43,0.8165433061995095,-0.01594158845623168,-0.4386529331945222,0.40676975628205886,0.9974350922814665
HCLS1,V3,41,42,0.18915951753963303,-0.29498280172395847,-0.7276809197565952,0.13771531630867828,0.9531863394505088
HCLS1,V5,41,41,0.7808420116882782,-0.12193414730034127,-0.5552378526863568,0.31136955808567424,0.9715791351870459
CD6,V1,43,43,0.027030262810251927,0.4927580797015338,0.06353629890713297,0.9219798604959346,0.9974350922814665
CD6,V3,41,42,0.3618960319164869,-0.19660742099932269,-0.62797833298579675,0.2347634909871514,0.9562180802473277
CD6,V5,41,41,0.1486559504776847,-0.3871806745242666,-0.8242097742800705,0.04984842523153732,0.8749579008731869
VEGFA,V1,43,43,0.024761146886549474,0.3669985381074366,-0.05933341436335543,0.7933304905782286,0.9974350922814665
VEGFA,V3,41,42,0.960264053498391,0.04584041010364181,-0.3845246186949812,0.47620543890226485,0.993568009111052
VEGFA,V5,41,41,0.9779265821482283,-0.01631924376389968,-0.4492182114683807,0.4165797239405813,0.9917782334534438
ADAM23,V1,43,43,0.28223567617816997,0.2093358716847921,-0.21455222860208947,0.6332239719716737,0.9974350922814665
ADAM23,V3,41,42,0.32482886428201696,-0.30019798759554006,-0.7329811524609149,0.1325851772698347,0.9531863394505088
ADAM23,V5,41,41,0.1512969000488137,-0.30990660291247085,-0.7454534922744944,0.12564028644955266,0.8749579008731869
IL18R1,V1,43,43,0.6736706647614465,0.06891791142404932,-0.35391500957763833,0.4917508324257369,0.9974350922814665
IL18R1,V3,41,42,0.9891588188175907,-0.07147735574932072,-0.5019252394907193,0.35897052799207785,0.9963861751691634
IL18R1,V5,41,41,0.40591388546166995,-0.2679820629390128,-0.7028606498577633,0.16689652397973775,0.9715791351870459
TNFRSF4,V1,43,43,0.267059890314698,-0.04859453500073056,-0.471362873187732,0.37417380318627086,0.9974350922814665
TNFRSF4,V3,41,42,0.37155715715541726,-0.22182959751406295,-0.6534904994741475,0.20983130444602166,0.9562180802473277
TNFRSF4,V5,41,41,0.05315712003904907,-0.4915499719204203,-0.9310911544761027,-0.05200878936473802,0.8227468565955679
C1QA,V1,43,43,0.986290566110724,-0.07782646084343561,-0.50069472899229,0.3450418073054188,0.9974350922814665
C1QA,V3,41,42,0.5649104793631483,-0.1361001514511555,-0.5669173751628298,0.2947170722605188,0.962574441529572
C1QA,V5,41,41,0.08043614519789072,-0.4767504495703522,-0.915900058074224,-0.03760084106648026,0.8227468565955679
CCL13,V1,43,43,0.7701676019982215,0.07370999952217307,-0.3491414024126569,0.496561401457003,0.9974350922814665
CCL13,V3,41,42,0.9819323423259685,-0.0883345747176618,-0.5188566585181906,0.34218750908286705,0.9963861751691634
CCL13,V5,41,41,0.7608198893840034,0.03196094122171004,-0.4009589684712582,0.46488085091467835,0.9715791351870459
MERTK,V1,43,43,0.9452022906979529,0.02443230899756549,-0.3982883076552935,0.44715292565042447,0.9974350922814665
MERTK,V3,41,42,0.026653981384463964,-0.45275019559130747,-0.8886688832925829,-0.016831507890032016,0.9531863394505088
MERTK,V5,41,41,0.07199049898328055,-0.46565991848317545,-0.9045237130426931,-0.026796123923657822,0.8227468565955679
AGRP,V1,43,43,0.3181053635999718,0.16433490924039826,-0.25909939039478946,0.587769208875586,0.9974350922814665
AGRP,V3,41,42,0.2944765045037564,0.24744216162481758,-0.1845487570319339,0.6794330802815691,0.9531863394505088
AGRP,V5,41,41,0.21521503573177203,0.31841647978863546,-0.11727776294609382,0.7541107225233648,0.9319843256608792
CTSO,V1,43,43,0.4543420893937248,0.1959364098784676,-0.22780519265978033,0.6196780124167156,0.9974350922814665
CTSO,V3,41,42,0.10398600544591628,-0.45720434889759887,-0.8932332645154809,-0.021175433279716827,0.9531863394505088
CTSO,V5,41,41,0.006318921268229601,-0.6114993225749763,-1.0546394983452017,-0.1683591468047509,0.4113720545234294
FLT3LG,V1,43,43,0.28967451840584746,0.27050109920968773,-0.1541778890653535,0.6951800874847289,0.9974350922814665
FLT3LG,V3,41,42,0.9530469556133357,-0.006162711108297226,-0.43647088934865463,0.42414546713206014,0.993568009111052
FLT3LG,V5,41,41,0.8022782422330041,-0.10834587194570239,-0.5415628743945022,0.3248711305030974,0.9715791351870459
VEGFD,V1,43,43,0.6736706647614465,0.1928730042191146,-0.23083645952981716,0.6165824679680464,0.9974350922814665
VEGFD,V3,41,42,0.391898811848326,-0.15389140430868023,-0.5848505973092865,0.27706778869192594,0.9562180802473277
VEGFD,V5,41,41,0.7819927925997132,-0.12334403475113523,-0.5566573210816343,0.30996925157936384,0.9715791351870459
GZMA,V1,43,43,0.1696627442037132,0.25923370561019965,-0.16528456032239797,0.6837519715427973,0.9974350922814665
GZMA,V3,41,42,0.7136483804017049,0.06335949177637311,-0.3670582402426019,0.49377722379534816,0.9671590749349257
GZMA,V5,41,41,0.06495921224498973,-0.4001893344526381,-0.8374997042680418,0.037121035362765564,0.8227468565955679
CLSTN2,V1,43,43,0.5283652627809209,0.10249345905530415,-0.32049505381864896,0.5254819719292573,0.9974350922814665
CLSTN2,V3,41,42,0.3430460844280935,-0.18293662943766958,-0.6141649005685035,0.24829164169316437,0.9562180802473277
CLSTN2,V5,41,41,0.8391998710920148,-0.061777528992836186,-0.4947749368718828,0.37121987888621044,0.9715791351870459
FASLG,V1,43,43,0.224540535911085,0.25015630714381637,-0.17423740641054675,0.6745500206981795,0.9974350922814665
FASLG,V3,41,42,0.4766199947061226,0.14345525774217233,-0.2874185511112315,0.5743290665955761,0.9562180802473277
FASLG,V5,41,41,0.03729143453409317,-0.46052283015191275,-0.8992564548197486,-0.021789205484076868,0.8036481866249354
IL12B,V1,43,43,0.5763292355406027,-0.062016887244963556,-0.4848253747707579,0.36079160028083074,0.9974350922814665
IL12B,V3,41,42,0.27800491468365573,-0.22588869087833174,-0.6575995080808797,0.20582212632421626,0.9531863394505088
IL12B,V5,41,41,0.09518624470536895,-0.40809740769310376,-0.8455832146013292,0.029388399215121708,0.8238908000777784
CDSN,V1,43,43,0.4040586032820602,-0.10674126042922559,-0.5297537964508892,0.316271275592438,0.9974350922814665
CDSN,V3,41,42,0.9314208334018014,0.05741280919163618,-0.37298513814608925,0.48781075652936157,0.993568009111052
CDSN,V5,41,41,0.36536157744130826,-0.2722617965718804,-0.7072042052618348,0.16268061211807405,0.9715791351870459
CCL11,V1,43,43,0.1084327621111513,0.3581047029737771,-0.068054267057029,0.7842636730045832,0.9974350922814665
CCL11,V3,41,42,0.3072464425439339,0.17628145670661724,-0.25488107732481513,0.6074439907380497,0.9531863394505088
CCL11,V5,41,41,0.7678587197017994,-0.031311893156870725,-0.4642306640449435,0.40160687773120207,0.9715791351870459
KYNU,V1,43,43,0.8560711233215132,-0.07828208420765644,-0.5011522754457743,0.34458810703046144,0.9974350922814665
KYNU,V3,41,42,0.960264053498391,-0.02913162666915316,-0.4594621417523986,0.4011988884140923,0.993568009111052
KYNU,V5,41,41,0.16221487393902154,-0.2685923768969184,-0.7034800039089087,0.16629525011507196,0.8798928010631774
LY9,V1,43,43,0.6181137377952585,0.028124199500301237,-0.39460166513118633,0.45085006413178885,0.9974350922814665
LY9,V3,41,42,0.29869346496934723,-0.1890356397062353,-0.6203262840949351,0.2422550046824645,0.9531863394505088
LY9,V5,41,41,0.004476114933313604,-0.662633648239583,-1.1075353376356118,-0.21773195884355423,0.40782780447315325
CCL20,V1,43,43,0.843343384170038,-0.013182510425518023,-0.4358916817293,0.4095266608782639,0.9974350922814665
CCL20,V3,41,42,0.9747073320329979,-0.033608932942519903,-0.4639471877640474,0.39672932187900756,0.9963861751691634
CCL20,V5,41,41,0.8681420813663075,-0.1745708635435836,-0.6083067582705982,0.25916503118343104,0.9715791351870459
MMP1,V1,43,43,0.3081223046261524,0.15164696521608984,-0.2716790674992749,0.5749729979314546,0.9974350922814665
MMP1,V3,41,42,0.4654404249529499,-0.19610178951406596,-0.6274672436175608,0.23526366458942885,0.9562180802473277
MMP1,V5,41,41,0.7608198893840034,0.07000230145296903,-0.36302515574512906,0.5030297586510671,0.9715791351870459
PGF,V1,43,43,0.19024703655368894,0.21652009866907213,-0.20745051457626568,0.6404907119144099,0.9974350922814665
PGF,V3,41,42,0.40461454055626034,-0.13115544570757162,-0.5619362980484689,0.2996254066333256,0.9562180802473277
PGF,V5,41,41,0.07488303588244347,-0.39928676418900916,-0.8365773247225939,0.038003796344575624,0.8227468565955679
CCL25,V1,43,43,0.15483839625879986,0.26985085101938333,-0.1548186776549822,0.6945203796937489,0.9974350922814665
CCL25,V3,41,42,0.9170302125824953,0.07204402890447867,-0.35840609507760646,0.5024941528865637,0.993568009111052
CCL25,V5,41,41,0.8564898324753322,0.10570201687150178,-0.3274993031556654,0.538903336898669,0.9715791351870459
CXCL9,V1,43,43,0.20224631840113,0.2338877237724455,-0.19029378893222337,0.6580692364771143,0.9974350922814665
CXCL9,V3,41,42,0.673493739572174,0.11962554677170073,-0.3110757132826833,0.5503268068260847,0.9671590749349257
CXCL9,V5,41,41,0.6866379674418454,-0.07731085186394222,-0.5103681563266195,0.35574645259873505,0.9715791351870459
SMPDL3A,V1,43,43,0.3312166187557247,0.07464317878292713,-0.34821196636973956,0.49749832393559384,0.9974350922814665
SMPDL3A,V3,41,42,0.5973045805498689,0.058829901492306706,-0.3715725837830093,0.4892323867676227,0.962574441529572
SMPDL3A,V5,41,41,0.43800203933913184,-0.20400126838393018,-0.6380454303495631,0.2300428935817027,0.9715791351870459
EPHA1,V1,43,43,0.9724400607607678,0.036918617961698055,-0.3858227174625724,0.4596599533859685,0.9974350922814665
EPHA1,V3,41,42,0.17618966854121001,-0.3008439912065023,-0.7336377933664979,0.13194981095349329,0.9531863394505088
EPHA1,V5,41,41,0.941182908283914,0.005343286405790132,-0.4275490875785033,0.43823566039008355,0.9852148572094773
IFNGR1,V1,43,43,0.630288573399666,-0.04149539559406096,-0.4642464371607705,0.3812556459726486,0.9974350922814665
IFNGR1,V3,41,42,0.5568762991402262,-0.10460647509630462,-0.5352150140746986,0.3260020638820894,0.962574441529572
IFNGR1,V5,41,41,0.6248253120473525,0.0015357060057796209,-0.4313559416108427,0.4344273536224019,0.9715791351870459
CTSC,V1,43,43,0.4807363832073053,0.2109684382639123,-0.21293816948660413,0.6348750460144287,0.9974350922814665
CTSC,V3,41,42,0.7477264501483714,0.012203903316611323,-0.4181073322216035,0.44251513885482613,0.9671590749349257
CTSC,V5,41,41,0.9632192207711497,0.06808765312863033,-0.36493247411109764,0.5011077803683582,0.9852356601030617
CD276,V1,43,43,0.7181543742869433,-0.1718734921248078,-0.5953762223075756,0.25162923805796,0.9974350922814665
CD276,V3,41,42,0.8314101790488522,-0.061055003038513155,-0.4914648368864757,0.3693548308094494,0.9746018750194912
CD276,V5,41,41,0.7608198893840034,-0.09846690359029178,-0.5316272854986496,0.33469347831806595,0.9715791351870459
DBNL,V1,43,43,0.661157713117739,-0.03168262645065301,-0.4544142470703617,0.3910489941690557,0.9974350922814665
DBNL,V3,41,42,0.19225894808961128,-0.28150366261629917,-0.7139887999280619,0.15098147469546358,0.9531863394505088
DBNL,V5,41,41,0.8826815127850661,0.03602592939668283,-0.39690164393635047,0.4689535027297161,0.9715791351870459
PKLR,V1,43,43,0.07369783436290099,-0.3744863751088598,-0.800967197811389,0.0519944475936695,0.9974350922814665
PKLR,V3,41,42,0.6668862147928308,-0.07187304272498186,-0.5023224888814792,0.3585764034315155,0.9671590749349257
PKLR,V5,41,41,0.3904048356524618,-0.23857132577515738,-0.6730384497023484,0.19589579815203362,0.9715791351870459
NCK2,V1,43,43,0.9110673444037675,0.09549943100076225,-0.32745165009372174,0.5184505120952463,0.9974350922814665
NCK2,V3,41,42,0.1574397658075688,-0.2692246001987625,-0.7015243025431234,0.1630751021455984,0.9531863394505088
NCK2,V5,41,41,0.8826815127850661,0.13376885535818256,-0.2996186842091408,0.5671563949255058,0.9715791351870459
TIMP3,V1,43,43,0.5024327036272899,0.12416838559383878,-0.29895290102022454,0.547289672207902,0.9974350922814665
TIMP3,V3,41,42,0.44352002490960496,-0.17353367649627255,-0.6046697767024496,0.25760242370990455,0.9562180802473277
TIMP3,V5,41,41,0.9485242265659632,0.03656680422907113,-0.3963618578743381,0.4694954663324804,0.9852356601030617
PLA2G4A,V1,43,43,0.9414760547343831,0.06802060002024546,-0.3548089984081622,0.49085019844865313,0.9974350922814665
PLA2G4A,V3,41,42,0.3115824863706327,-0.16757900528002304,-0.5986592409066882,0.2635012303466421,0.9531863394505088
PLA2G4A,V5,41,41,0.7608198893840034,0.15698910391028303,-0.2765854136722477,0.5905636214928138,0.9715791351870459
CCL21,V1,43,43,0.49152094987167333,0.15825802354691634,-0.265123340237828,0.5816393873316607,0.9974350922814665
CCL21,V3,41,42,0.9891588188175907,0.03076384200489312,-0.39956936669043525,0.4610970507002215,0.9963861751691634
CCL21,V5,41,41,0.7749165358366652,0.005269786327851525,-0.42762256602371934,0.4381621386794224,0.9715791351870459
MMP10,V1,43,43,0.9247053679747859,-0.08485326765674138,-0.5077524418447593,0.33804590653127653,0.9974350922814665
MMP10,V3,41,42,0.07487589510978244,0.4142776359225522,-0.02073281637521862,0.849288088220323,0.9531863394505088
MMP10,V5,41,41,0.13061721970634776,-0.36287990274168275,-0.7994080261667253,0.0736482206833598,0.8749579008731869
SCGB1A1,V1,43,43,0.7570576638489661,0.06705843287069559,-0.35576765118549336,0.4898845169268845,0.9974350922814665
SCGB1A1,V3,41,42,0.8669045566908281,-0.03481555445206395,-0.46515608404963454,0.3955249751455066,0.993568009111052
SCGB1A1,V5,41,41,0.5672153170883011,-0.12532597088614528,-0.5586529114203043,0.30800096964801377,0.9715791351870459
ENPP7,V1,43,43,0.2666949423218291,0.21729449041989443,-0.2066851821817571,0.6412741630215459,0.9974350922814665
ENPP7,V3,41,42,0.3159582407694676,0.1513103925112091,-0.2796271274919674,0.5822479125143856,0.9531863394505088
ENPP7,V5,41,41,0.3904048356524618,0.16058643953119286,-0.27301970888086147,0.5941925879432471,0.9715791351870459
SIGLEC1,V1,43,43,0.965735174709012,0.003178328192374629,-0.4195264159982382,0.42588307238298745,0.9974350922814665
SIGLEC1,V3,41,42,0.7272162492611288,-0.047243642050746965,-0.47761226944532664,0.38312498534383277,0.9671590749349257
SIGLEC1,V5,41,41,0.02611070790632928,-0.5050780810663072,-0.9449873510541835,-0.06516881107843103,0.7858575997553495
F2R,V1,43,43,0.14262588748877014,0.30784184837691153,-0.11741814986342636,0.7331018466172494,0.9974350922814665
F2R,V3,41,42,0.6472181322858683,-0.08325824609948287,-0.5137563397678,0.3472398475688342,0.9671590749349257
F2R,V5,41,41,0.6934719846477639,0.0827107391274313,-0.35037051878462766,0.5157919970394903,0.9715791351870459
CD48,V1,43,43,0.07802298842268585,0.35009284730186296,-0.07591386955486129,0.7760995641585873,0.9974350922814665
CD48,V3,41,42,0.6086152385433862,0.1447697374995878,-0.286114496864214,0.5756539718633895,0.9629896289171037
CD48,V5,41,41,0.4838075170711867,-0.19045813843422235,-0.6243545177163551,0.2434382408479104,0.9715791351870459
CCL23,V1,43,43,0.038552082784170605,0.4631818287954189,0.034713831005608264,0.8916498265852295,0.9974350922814665
CCL23,V3,41,42,0.1495236350794451,0.30062395201196496,-0.13216622437636427,0.7334141284002942,0.9531863394505088
CCL23,V5,41,41,0.1460499564122073,0.32105163938700665,-0.11468903167371158,0.7567923104477249,0.8749579008731869
IL18,V1,43,43,0.6736706647614465,0.17988725270934833,-0.24369157339321448,0.6034660788119112,0.9974350922814665
IL18,V3,41,42,0.7204214301842432,0.04658462362859083,-0.38378230020129445,0.4769515474584761,0.9671590749349257
IL18,V5,41,41,0.1460499564122073,0.33268045919304506,-0.10326960632408766,0.7686305247101778,0.8749579008731869
CCL4,V1,43,43,0.4040586032820602,0.2340952285555795,-0.1900889015963135,0.6582793587074725,0.9974350922814665
CCL4,V3,41,42,0.20177846992707546,-0.26749457097852325,-0.6997688052821613,0.16477966332511484,0.9531863394505088
CCL4,V5,41,41,0.6915923099423628,-0.0914816535706446,-0.5246052607207391,0.34164195357944993,0.9715791351870459
IL10RB,V1,43,43,0.8635637046734581,0.006971136055148341,-0.41573464934747484,0.4296769214577715,0.9974350922814665
IL10RB,V3,41,42,0.960264053498391,-0.11243331695699939,-0.5430886280314611,0.3182219941174623,0.993568009111052
IL10RB,V5,41,41,0.6183019731515813,-0.09916188417145447,-0.5323260726549331,0.33400230431202416,0.9715791351870459
CXCL10,V1,43,43,0.28187247862198456,0.18093138729726485,-0.2426576078195836,0.6045203824141133,0.9974350922814665
CXCL10,V3,41,42,0.9891588188175907,0.10970007092329179,-0.32093852392183697,0.5403386657684205,0.9963861751691634
CXCL10,V5,41,41,0.2673255973681962,-0.23299642814111432,-0.667390904253796,0.20139804797156735,0.9618175909306087
EGF,V1,43,43,0.39441275251169183,0.17977469790236522,-0.24380303550829202,0.6033524313130225,0.9974350922814665
EGF,V3,41,42,0.29869346496934723,-0.2500770881241182,-0.682103986090364,0.1819498098421276,0.9531863394505088
EGF,V5,41,41,0.3366529647646211,0.21100582281834404,-0.22311873322532197,0.6451303788620101,0.9715791351870459
CRLF1,V1,43,43,0.9452022906979529,0.029617947134971248,-0.3931102503260334,0.4523461445959759,0.9974350922814665
CRLF1,V3,41,42,0.7156076535678191,0.1269518751163913,-0.30379911346613553,0.5577028636989181,0.9671590749349257
CRLF1,V5,41,41,0.5861377113741169,0.21988077570467923,-0.21434951660501506,0.6541110680143736,0.9715791351870459
IL1RN,V1,43,43,0.34386697456369586,0.19077667412880117,-0.2329110870918854,0.6144644353494877,0.9974350922814665
IL1RN,V3,41,42,0.9419125173585579,-0.037883605112560025,-0.4682302800187533,0.39246306979363327,0.993568009111052
IL1RN,V5,41,41,0.8536466233868488,-0.03931945369991787,-0.47225390818229807,0.39361500078246237,0.9715791351870459
CRIM1,V1,43,43,0.17509464528586055,0.22898980150091677,-0.1951305986548478,0.6531102016566813,0.9974350922814665
CRIM1,V3,41,42,0.6934646186624562,-0.08689101442002246,-0.5174061318323709,0.34362410299232604,0.9671590749349257
CRIM1,V5,41,41,0.42714893051055136,-0.19111861405497282,-0.6250219662035648,0.2427847380936191,0.9715791351870459
TNFRSF13B,V1,43,43,0.4628586494057485,0.16649306665452665,-0.25696051099465156,0.5899466443037049,0.9974350922814665
TNFRSF13B,V3,41,42,0.6801262811709131,0.044177269712410476,-0.3861836344185102,0.4745381738433312,0.9671590749349257
TNFRSF13B,V5,41,41,0.1532326204482295,-0.2241093919085054,-0.6583915866510637,0.21017280283405285,0.8749579008731869
ANGPTL4,V1,43,43,0.6000452349138742,0.10010531981235317,-0.3228701148766605,0.5230807545013668,0.9974350922814665
ANGPTL4,V3,41,42,0.6867833919433709,0.12236225353088219,-0.3083572372315196,0.5530817442932839,0.9671590749349257
ANGPTL4,V5,41,41,0.4007042259344762,-0.23202337964456965,-0.6664053505740122,0.20235859128487282,0.9715791351870459
CST7,V1,43,43,0.0991797744194286,0.32662455437212756,-0.09895571781684293,0.7522048265610981,0.9974350922814665
CST7,V3,41,42,0.4879434571374631,-0.15884195608773707,-0.589843742001147,0.27215982982567277,0.9562180802473277
CST7,V5,41,41,0.4217810190867536,-0.16737157982129,-0.6010393328088067,0.26629617316622667,0.9715791351870459
ERBB3,V1,43,43,0.16253379285005892,0.26897100586685835,-0.155685759014821,0.6936277707485377,0.9974350922814665
ERBB3,V3,41,42,0.8340652799417757,0.05092150024056556,-0.3794570737342219,0.48130007421535304,0.9746018750194912
ERBB3,V5,41,41,0.31833424866024457,-0.15761279561927244,-0.591192746042932,0.27596715480438716,0.9715791351870459
NELL2,V1,43,43,0.5454499074463736,0.052775424821266334,-0.3700043748937583,0.475555224536291,0.9974350922814665
NELL2,V3,41,42,0.9600462251184123,-0.02617236471828074,-0.4564983705220693,0.4041536410855079,0.993568009111052
NELL2,V5,41,41,0.40591388546166995,-0.19566609642882068,-0.6296181100368152,0.23828591717917383,0.9715791351870459
MANF,V1,43,43,0.9178833676068706,0.08413053642901168,-0.3387653358916224,0.5070264087496458,0.9974350922814665
MANF,V3,41,42,0.24695364966686686,-0.22541192110151612,-0.6571168287894137,0.20629298658638143,0.9531863394505088
MANF,V5,41,41,0.6780266416376619,0.09980975028977689,-0.3333580107926377,0.5329775113721915,0.9715791351870459
LY6D,V1,43,43,0.9689967063331274,-0.03200072741292089,-0.454732895929424,0.39073144110358227,0.9974350922814665
LY6D,V3,41,42,0.6022812148117992,-0.059670180800296735,-0.49007540912293013,0.37073504752233666,0.962574441529572
LY6D,V5,41,41,0.2244033299182115,-0.3156278432932488,-0.7512733650327255,0.12001767844622796,0.9451340248319967
CCN2,V1,43,43,0.3617531671851939,0.1500112441468101,-0.2733014616690914,0.5733239499627116,0.9974350922814665
CCN2,V3,41,42,0.8954960480996333,-0.007573891180224495,-0.4378826035531042,0.4227348211926552,0.993568009111052
CCN2,V5,41,41,0.536336995516491,0.1323088173078037,-0.3010679609841905,0.5656855955997979,0.9715791351870459
GLOD4,V1,43,43,0.17236268920223388,-0.2995375581809879,-0.7246619281667338,0.12558681180475806,0.9974350922814665
GLOD4,V3,41,42,0.29029920129367126,-0.24946373298951807,-0.6814822219710908,0.18255475599205456,0.9531863394505088
GLOD4,V5,41,41,0.6183019731515813,-0.16104418057075529,-0.5946544050556,0.27256604391408945,0.9715791351870459
DNER,V1,43,43,0.5745200047521977,0.05987071093298251,-0.3629307027123286,0.4826721245782936,0.9974350922814665
DNER,V3,41,42,0.6213704030163435,0.11466613356776197,-0.3160031379568955,0.5453354050924194,0.9629896289171037
DNER,V5,41,41,0.6578713961411439,-0.1132224322619139,-0.5464693754760888,0.320024510952261,0.9715791351870459
BTN2A1,V1,43,43,0.6879622036441264,0.008248194772147685,-0.414458116333925,0.4309545058782203,0.9974350922814665
BTN2A1,V3,41,42,0.28616152635116593,-0.13339220807913632,-0.5641893468649235,0.2974049307066509,0.9531863394505088
BTN2A1,V5,41,41,0.12876657237680073,-0.313553886431474,-0.7491634479247076,0.12205567506175952,0.8749579008731869
SHMT1,V1,43,43,0.4187864311541251,-0.15703727293933628,-0.5804082425281245,0.266333696649452,0.9974350922814665
SHMT1,V3,41,42,0.3667069748735292,-0.19088857473971077,-0.6221985719600336,0.24042142248061205,0.9562180802473277
SHMT1,V5,41,41,0.31385741861530825,-0.13946303052803585,-0.5728936650427248,0.2939676039866531,0.9715791351870459
FGF19,V1,43,43,0.9315328519506949,0.001273338450986097,-0.4214311763619563,0.4239778532639285,0.9974350922814665
FGF19,V3,41,42,0.20177846992707546,0.31484236593715237,-0.11818748666966722,0.7478722185439719,0.9531863394505088
FGF19,V5,41,41,0.038162064727999725,0.4514815489524699,0.012973607810945642,0.8899894900939942,0.8036481866249354
CD58,V1,43,43,0.5704693421929342,0.06829618927901977,-0.3545344249736894,0.49112680353172894,0.9974350922814665
CD58,V3,41,42,0.31859107215423543,-0.16351736248129833,-0.5945606081534427,0.2675258831908461,0.9531863394505088
CD58,V5,41,41,0.6696656428018393,-0.09641609580389703,-0.5295654008207427,0.33673320921294864,0.9715791351870459
PTPN6,V1,43,43,0.7375228453167286,0.08859197801708557,-0.3343247273549288,0.5115086833890999,0.9974350922814665
PTPN6,V3,41,42,0.24695364966686686,-0.25334311667027076,-0.6854151362151306,0.17872890287458915,0.9531863394505088
PTPN6,V5,41,41,0.39553449859272033,0.1711573406930046,-0.26254588842355003,0.6048605698095593,0.9715791351870459
HSPA1A,V1,43,43,0.36218631419222785,-0.02310763755859959,-0.44582655092704365,0.3996112758098445,0.9974350922814665
HSPA1A,V3,41,42,0.4117596975259566,-0.28008593021695366,-0.7125492392132995,0.15237737877939223,0.9562180802473277
HSPA1A,V5,41,41,0.99260047367629,0.11735120796572333,-0.3159221134014524,0.5506245293328991,0.998218005653857
CSF1,V1,43,43,0.39441275251169183,0.1119975544458335,-0.31104605643582345,0.5350411653274905,0.9974350922814665
CSF1,V3,41,42,0.6022812148117992,0.1368552535308831,-0.2939676426034168,0.567678149665183,0.962574441529572
CSF1,V5,41,41,0.4217810190867536,-0.1595413442182383,-0.5931382296521441,0.2740555412156676,0.9715791351870459
SPINT2,V1,43,43,0.3351371386421716,0.2032198908912175,-0.22060014730597882,0.6270399290884139,0.9974350922814665
SPINT2,V3,41,42,0.7753481969450382,-0.09599480789968835,-0.5265557772859067,0.33456616148653,0.9671590749349257
SPINT2,V5,41,41,0.664563418457537,0.11383215218428641,-0.3194186270899233,0.5470829314584962,0.9715791351870459
CKMT1A_CKMT1B,V1,43,43,0.1573725010863603,0.1520880472785967,-0.2712416037843788,0.5754176983415722,0.9974350922814665
CKMT1A_CKMT1B,V3,41,42,0.4879434571374631,0.10103054782165034,-0.3295577430374305,0.5316188386807312,0.9562180802473277
CKMT1A_CKMT1B,V5,41,41,0.6183019731515813,-0.1435110171398253,-0.5769733774369012,0.2899513431572507,0.9715791351870459
FIS1,V1,43,43,0.24498870280832957,0.33040044830718424,-0.0952464675751773,0.7560473641895458,0.9974350922814665
FIS1,V3,41,42,0.33385821380041214,-0.3026802544047485,-0.7355044164775242,0.13014390766802725,0.9561699243243803
FIS1,V5,41,41,0.7052565877766643,0.0303651630189507,-0.4025519886471097,0.46328231468501113,0.9715791351870459
SCGB3A2,V1,43,43,0.5246306552180666,0.11980735688776697,-0.303285178369776,0.5428998921453099,0.9974350922814665
SCGB3A2,V3,41,42,0.2116332514227689,-0.22144919992814555,-0.6531054701771619,0.21020707032087077,0.9531863394505088
SCGB3A2,V5,41,41,0.046793944829853606,-0.4057218150173505,-0.8431545671535785,0.03171093711887746,0.8227468565955679
CD40,V1,43,43,0.5190349432598146,0.21140629416055293,-0.2125053016222547,0.6353178899433606,0.9974350922814665
CD40,V3,41,42,0.8314101790488522,0.06269503991789906,-0.3677203848220109,0.493110464657809,0.9746018750194912
CD40,V5,41,41,0.6118082536231932,0.09546879857222815,-0.337675468491477,0.5286130656359332,0.9715791351870459
OMD,V1,43,43,0.5143352706788563,-0.08624794381403382,-0.5091535694793978,0.33665768185133016,0.9974350922814665
OMD,V3,41,42,0.8805384034815026,0.04214744428712797,-0.3882086322514094,0.4725035208256653,0.993568009111052
OMD,V5,41,41,0.9040373109331017,0.043629782647366874,-0.3893145860389707,0.47657415133370445,0.9715791351870459
ANGPTL2,V1,43,43,0.938365324796312,0.11280223129681198,-0.31024626838873376,0.5358507309823577,0.9974350922814665
ANGPTL2,V3,41,42,0.6472181322858683,0.051182261353394244,-0.37919704612235583,0.48156156882914436,0.9671590749349257
ANGPTL2,V5,41,41,0.21867788646791578,-0.21784522705049855,-0.652050885175099,0.21636043107410188,0.9319843256608792
GAL,V1,43,43,0.08101834799643812,0.3912066791325305,-0.03561722529647471,0.8180305835615357,0.9974350922814665
GAL,V3,41,42,0.7395476321372203,-0.08090748763924638,-0.5113949523228825,0.34957997704438976,0.9671590749349257
GAL,V5,41,41,0.7890869403337829,-0.07569022635994851,-0.5087406570145286,0.35736020429463156,0.9715791351870459
SCG3,V1,43,43,0.8560711233215132,0.0690344917893906,-0.3537988640813786,0.4918678476601598,0.9974350922814665
SCG3,V3,41,42,0.553824723399639,-0.15735443261004753,-0.5883432790883635,0.27363441386826837,0.962574441529572
SCG3,V5,41,41,0.5925088996377996,-0.2079363406152524,-0.6420253347724414,0.2261526535419366,0.9715791351870459
PDLIM7,V1,43,43,0.8906600534140682,0.07344801249998488,-0.34940234699904765,0.49629837199901744,0.9974350922814665
PDLIM7,V3,41,42,0.17712587660296225,-0.2070073644854232,-0.638493636739623,0.22447890776877658,0.9531863394505088
PDLIM7,V5,41,41,0.8826815127850661,0.09432435549681117,-0.3388138914163623,0.5274626024099847,0.9715791351870459
SMOC2,V1,43,43,0.20844654830235498,0.24479286085907928,-0.17952932980529349,0.6691150515234521,0.9974350922814665
SMOC2,V3,41,42,0.5346362924293818,0.1647235828943214,-0.2663305535890519,0.5957777193776947,0.962574441529572
SMOC2,V5,41,41,0.9077113491898059,-0.050892158208034916,-0.4838555609729186,0.3820712445568488,0.9715791351870459
TREM2,V1,43,43,0.5134698884297513,0.21404012886441748,-0.209901688381124,0.637981946109959,0.9974350922814665
TREM2,V3,41,42,0.38634226725453985,-0.0604818470132914,-0.4908897618975793,0.3699260678709965,0.9562180802473277
TREM2,V5,41,41,0.9632192207711497,0.039362070242517394,-0.393572477220163,0.4722966177051978,0.9852356601030617
MZB1,V1,43,43,0.49152094987167333,0.1759757689671203,-0.24756548358135982,0.5995170215156005,0.9974350922814665
MZB1,V3,41,42,0.8340652799417757,-0.014205773114504576,-0.4445184653946443,0.4161069191656352,0.9746018750194912
MZB1,V5,41,41,0.3228522353484282,-0.22491814848181677,-0.6592103818884831,0.20937408492484963,0.9715791351870459
TNFSF13,V1,43,43,0.2936289855673614,0.23333441733884885,-0.19084012727453903,0.6575089619522367,0.9974350922814665
TNFSF13,V3,41,42,0.5527034155695448,-0.10661742514068943,-0.537237659730666,0.32400280944928705,0.962574441529572
TNFSF13,V5,41,41,0.9632192207711497,0.02944594212285305,-0.4034696849293875,0.46236156917509363,0.9852356601030617
ROBO1,V1,43,43,0.9452022906979529,-0.05423148619433375,-0.47701549945769894,0.3685525270690314,0.9974350922814665
ROBO1,V3,41,42,0.6934646186624562,-0.08260871457545076,-0.5131038409706841,0.3478864118197825,0.9671590749349257
ROBO1,V5,41,41,0.25163204213355184,-0.20487202974646965,-0.6389260388771811,0.22918197938424187,0.9618175909306087
TNFRSF11B,V1,43,43,0.9588877136766193,-0.002885228617135536,-0.425589924737274,0.4198194675030029,0.9974350922814665
TNFRSF11B,V3,41,42,0.18307024030016034,-0.3731197972781754,-0.8072460392196867,0.06100644466333588,0.9531863394505088
TNFRSF11B,V5,41,41,0.6984123660728777,-0.01159012295431389,-0.4444854304333062,0.4213051845246784,0.9715791351870459
ENPP5,V1,43,43,0.35722842085343337,0.17613443308351398,-0.2474083275773337,0.5996771937443617,0.9974350922814665
ENPP5,V3,41,42,0.6086152385433862,0.12460455017691147,-0.306130184502333,0.5553392848561559,0.9629896289171037
ENPP5,V5,41,41,0.6248253120473525,-0.07471223026621807,-0.5077585831972011,0.35833412266476494,0.9715791351870459
LAIR1,V1,43,43,0.5473150771383312,0.004393307560321393,-0.4183116854554169,0.42709830057605974,0.9974350922814665
LAIR1,V3,41,42,0.6668862147928308,-0.1041029679398445,-0.5347086133501859,0.326502677470497,0.9671590749349257
LAIR1,V5,41,41,0.17667590770368874,-0.2698118381811551,-0.7047175891296157,0.16509391276730545,0.8908447177171912
COLEC12,V1,43,43,0.8703241894392999,-0.015259801476626566,-0.4379705708387069,0.4074509678854537,0.9974350922814665
COLEC12,V3,41,42,0.7753481969450382,0.12959289169420066,-0.3011767463257583,0.5603625297141597,0.9671590749349257
COLEC12,V5,41,41,0.8754065979087653,-0.11431521465897154,-0.547569047729336,0.31893861841139287,0.9715791351870459
SIRPB1,V1,43,43,0.6862736132361327,0.1086004510720827,-0.3144229059187094,0.5316238080628748,0.9974350922814665
SIRPB1,V3,41,42,0.9530469556133357,-0.023591783517140037,-0.4539142509331217,0.40673068389884165,0.993568009111052
SIRPB1,V5,41,41,0.10165715973965608,-0.35087810021456245,-0.7871705751607572,0.08541437473163233,0.8271196178817473
ANGPT1,V1,43,43,0.35273910509315154,0.18624542297347393,-0.23739623457537765,0.6098870805223255,0.9974350922814665
ANGPT1,V3,41,42,0.6149784304047602,-0.12218128140101538,-0.5528995539002742,0.3085369910982435,0.9629896289171037
ANGPT1,V5,41,41,0.6915923099423628,0.10527482766320714,-0.32792399473046163,0.5384736500568759,0.9715791351870459
PDGFB,V1,43,43,0.3016449438883953,0.20341698867809788,-0.2204052116340653,0.6272391889902611,0.9974350922814665
PDGFB,V3,41,42,0.5587909319943557,-0.12738929956432019,-0.5581433505265031,0.3033647513978627,0.962574441529572
PDGFB,V5,41,41,0.7398226956032012,0.1050412338076299,-0.3281562271117797,0.5382386947270396,0.9715791351870459
CRKL,V1,43,43,0.6000452349138742,-0.04930625795661995,-0.47207648051554946,0.3734639646023095,0.9974350922814665
CRKL,V3,41,42,0.1896574071148031,-0.26901040564066375,-0.7013069459683401,0.16328613468701253,0.9531863394505088
CRKL,V5,41,41,0.7328651667700142,-0.023687446397997115,-0.4565945886871667,0.4092196958911724,0.9715791351870459
EPCAM,V1,43,43,0.04564444061171111,0.505034306046899,0.07548636486849125,0.9345822472253068,0.9974350922814665
EPCAM,V3,41,42,0.8954960480996333,0.09952212064326889,-0.3310578398914612,0.530102081177999,0.993568009111052
EPCAM,V5,41,41,0.7678587197017994,0.08622453983515724,-0.34687317247513316,0.5193222521454476,0.9715791351870459
DNPH1,V1,43,43,0.25208345727649534,-0.23512466192586462,-0.6593218113419603,0.18907248749023103,0.9974350922814665
DNPH1,V3,41,42,0.7068975796642928,-0.12091004896150044,-0.5516198145365794,0.30979971661357847,0.9671590749349257
DNPH1,V5,41,41,0.7890869403337829,-0.09707419724479605,-0.5302270314496694,0.33607863696007734,0.9715791351870459
CCL17,V1,43,43,0.9931450327209764,0.022001678219442947,-0.4007158857907191,0.44471924222960496,0.9987244991969368
CCL17,V3,41,42,0.45990516513859414,-0.13648562930547722,-0.5673057448637234,0.2943344862527689,0.9562180802473277
CCL17,V5,41,41,0.5182203953128084,0.14333500118553502,-0.2901259607729806,0.5767959631440507,0.9715791351870459
MEGF10,V1,43,43,0.9042577906351769,-0.1132115858625001,-0.5362625859858217,0.3098394142608214,0.9974350922814665
MEGF10,V3,41,42,0.8384842947095064,0.0037574285992255894,-0.4265500921774829,0.43406494937593404,0.9746018750194912
MEGF10,V5,41,41,0.2713507728603114,-0.17599625161618873,-0.6097459767250539,0.2577534734926764,0.9618175909306087
CRHBP,V1,43,43,0.8866763533447455,-0.09577081115207575,-0.5187232954075218,0.3271816731033704,0.9974350922814665
CRHBP,V3,41,42,0.8455713448485529,-0.06388450784332783,-0.49430408015098515,0.3665350644643295,0.9796587102128865
CRHBP,V5,41,41,0.7468013438706507,-0.11299810772067254,-0.5462436447701682,0.32024742932882305,0.9715791351870459
LGALS4,V1,43,43,0.026511525813707165,0.5535823554316475,0.12266863080858958,0.9844960800547053,0.9974350922814665
LGALS4,V3,41,42,0.3667069748735292,0.23293281502626126,-0.19886675870891504,0.6647323887614376,0.9562180802473277
LGALS4,V5,41,41,0.9265157027605246,-0.04553878980432699,-0.47848787854580643,0.3874102989371525,0.9813391171250528
LHPP,V1,43,43,0.1402736593216099,-0.2869784246298426,-0.7119046429995156,0.13794779373983046,0.9974350922814665
LHPP,V3,41,42,0.40659920976023095,-0.15262217823758722,-0.5835706677561472,0.2783263112809727,0.9562180802473277
LHPP,V5,41,41,0.46017212088183007,-0.1745213910452893,-0.6082568077577777,0.25921402566719914,0.9715791351870459
TPP1,V1,43,43,0.5024327036272899,0.15938574999231847,-0.2640052872176299,0.5827767872022669,0.9974350922814665
TPP1,V3,41,42,0.7684148340099727,-0.0654535177954786,-0.49587868026297816,0.364971644672021,0.9671590749349257
TPP1,V5,41,41,0.834708642324404,-0.06350798680766896,-0.4965114055345701,0.36949543191923223,0.9715791351870459
CRELD2,V1,43,43,0.5246306552180666,-0.20175048650056493,-0.6255544714024792,0.22205349840134941,0.9974350922814665
CRELD2,V3,41,42,0.2944765045037564,-0.24526692409477446,-0.6772284253328651,0.18669457714331616,0.9531863394505088
CRELD2,V5,41,41,0.5424451349114037,-0.07042710022628651,-0.5034562112404246,0.36260201078785165,0.9715791351870459
CTRC,V1,43,43,0.04023205494277221,0.4602412186865568,0.031845686073815715,0.8886367512992979,0.9974350922814665
CTRC,V3,41,42,0.0609999245409011,0.41376089293843216,-0.021237896678360013,0.8487596825552244,0.9531863394505088
CTRC,V5,41,41,0.1984864456251477,0.34080008611595347,-0.09530054007819205,0.776900712310099,0.9319843256608792
MEPE,V1,43,43,0.8798589047763308,-0.15100309273738013,-0.5743238623577083,0.27231767688294795,0.9974350922814665
MEPE,V3,41,42,0.2886374675355215,0.25148887860439095,-0.18055745258723527,0.6835352097960172,0.9531863394505088
MEPE,V5,41,41,0.7749165358366652,0.16630019458548934,-0.26735766205039224,0.5999580512213709,0.9715791351870459
CDON,V1,43,43,0.20224631840113,0.29535461912928807,-0.12970282239430125,0.7204120606528774,0.9974350922814665
CDON,V3,41,42,0.33385821380041214,-0.3614651766588737,-0.7953575304171637,0.07242717709941637,0.9561699243243803
CDON,V5,41,41,0.38531536163498215,-0.18742675792362687,-0.6212914421157995,0.24643792626854574,0.9715791351870459
ADGRE2,V1,43,43,0.711737134432599,-0.11953944915136548,-0.5426302515975621,0.30355135329483107,0.9974350922814665
ADGRE2,V3,41,42,0.7001695026091996,-0.05002029825007144,-0.480396366052502,0.38035576955235917,0.9671590749349257
ADGRE2,V5,41,41,0.12876657237680073,-0.3498121079289945,-0.7860840298960373,0.08645981403804837,0.8749579008731869
AGER,V1,43,43,0.1450079500347496,0.261945247834305,-0.16261107735106844,0.6865015730196784,0.9974350922814665
AGER,V3,41,42,0.9819323423259685,-0.0012599752158318825,-0.4315671507177928,0.429047200286129,0.9963861751691634
AGER,V5,41,41,0.9003653260833516,0.07361038011233512,-0.3594314421745508,0.506652202399221,0.9715791351870459
IL1R2,V1,43,43,0.9724400607607678,0.1324588033967829,-0.2907199686195289,0.5556375754130947,0.9974350922814665
IL1R2,V3,41,42,0.5710617233118633,0.06519515366373245,-0.36522907896602863,0.49561938629349356,0.962574441529572
IL1R2,V5,41,41,0.5842621029437468,0.1054965211967827,-0.3277035961046907,0.5386966384982561,0.9715791351870459
ESM1,V1,43,43,0.5940753850714175,0.0890446894757022,-0.33387418995374574,0.5119635689051502,0.9974350922814665
ESM1,V3,41,42,0.4654404249529499,-0.10066623162234033,-0.5312524990737904,0.32992003582910967,0.9562180802473277
ESM1,V5,41,41,0.5182203953128084,-0.10439766465668662,-0.5375913902312867,0.32879606091791336,0.9715791351870459
SPON1,V1,43,43,0.9449129934430317,0.0783269668009581,-0.3445434144839311,0.5011973480858473,0.9974350922814665
SPON1,V3,41,42,0.938624762914225,-0.019059502066867684,-0.44937664319300363,0.41125763905926827,0.993568009111052
SPON1,V5,41,41,0.9338465291873692,0.0567567479091328,-0.37622415934533393,0.48973765516359957,0.9832854630855241
ATP5IF1,V1,43,43,0.763604249140777,0.09072799995638443,-0.33219906034388574,0.5136550602566546,0.9974350922814665
ATP5IF1,V3,41,42,0.18915951753963303,-0.18353991042842976,-0.6147742604266002,0.2476944395697407,0.9531863394505088
ATP5IF1,V5,41,41,0.9632192207711497,0.11701135438470461,-0.3162597600887953,0.5502824688582045,0.9852356601030617
SKAP2,V1,43,43,0.938365324796312,0.1252589001355862,-0.29786973634819025,0.5483875366193626,0.9974350922814665
SKAP2,V3,41,42,0.17420757381868543,-0.262937158057434,-0.695145080843337,0.16927076472846903,0.9531863394505088
SKAP2,V5,41,41,0.5797981345387343,0.12012949957251676,-0.31316210267960076,0.5534211018246342,0.9715791351870459
CXCL1,V1,43,43,0.3802051873642722,0.12632981913701063,-0.29680609756669835,0.5494657358407196,0.9974350922814665
CXCL1,V3,41,42,0.6668862147928308,-0.029885762746242044,-0.46021750412201756,0.40044597862953346,0.9671590749349257
CXCL1,V5,41,41,0.7468013438706507,0.016181611571485947,-0.416717232084787,0.4490804552277589,0.9715791351870459
PRSS8,V1,43,43,0.6674027500702393,0.13335584836101178,-0.28982936592368835,0.5565410626457119,0.9974350922814665
PRSS8,V3,41,42,0.673493739572174,0.04544386516712912,-0.38492016634705456,0.4758078966813128,0.9671590749349257
PRSS8,V5,41,41,0.3683389638040528,-0.13883707040745624,-0.5722628798367109,0.29458873902179833,0.9715791351870459
PLAUR,V1,43,43,0.006101598181901698,0.6511277285905955,0.21710723468829968,1.0851482224928914,0.9974350922814665
PLAUR,V3,41,42,0.9026664325927538,-0.06978031638565829,-0.5002215969362374,0.36066096416492077,0.993568009111052
PLAUR,V5,41,41,0.6984123660728777,-0.03074594286791179,-0.4636637398183463,0.40217185408252276,0.9715791351870459
CCL22,V1,43,43,0.8906600534140682,-0.0038481531095674744,-0.4265530246020763,0.4188567183829413,0.9974350922814665
CCL22,V3,41,42,0.6213704030163435,-0.08169109179220949,-0.5121820657583286,0.34879988217390956,0.9629896289171037
CCL22,V5,41,41,0.9632192207711497,-0.03132233660172296,-0.46424112562870873,0.4015964524252628,0.9852356601030617
PRELP,V1,43,43,0.6799610798079743,-0.03344589492149098,-0.4561806215036115,0.38928883166062955,0.9974350922814665
PRELP,V3,41,42,0.3476993718548228,0.18931094100429735,-0.2419825668615786,0.6206044488701733,0.9562180802473277
PRELP,V5,41,41,0.2329246159174975,-0.1883281025873084,-0.6222021580542619,0.24554595287964512,0.9475796874825466
MATN2,V1,43,43,0.8730503503272451,-0.04727762073851003,-0.47004254446449845,0.37548730298747834,0.9974350922814665
MATN2,V3,41,42,0.41695841545375234,-0.061887639253818336,-0.4923002930514933,0.3685250145438566,0.9562180802473277
MATN2,V5,41,41,0.9778039664185295,0.04018535248137088,-0.3927510109730545,0.47312171593579627,0.9917782334534438
LTBR,V1,43,43,0.6425635723052294,-0.13124640930090128,-0.5544165432624857,0.29192372466068317,0.9974350922814665
LTBR,V3,41,42,0.540625778661184,-0.12249756352308432,-0.5532179663373551,0.30822283929118643,0.962574441529572
LTBR,V5,41,41,0.6780266416376619,-0.14358892881337554,-0.5770519086172924,0.2898740509905413,0.9715791351870459
LAMA4,V1,43,43,0.3755393683076999,0.1400652257958416,-0.28316954847302844,0.5633000000647117,0.9974350922814665
LAMA4,V3,41,42,0.540625778661184,-0.11095892793512106,-0.5416051707889449,0.3196873149187027,0.962574441529572
LAMA4,V5,41,41,0.7666420767357569,0.0612785932855137,-0.37171711233494703,0.49427429890597446,0.9715791351870459
FST,V1,43,43,0.630288573399666,-0.21608732910415113,-0.6400528935237795,0.20787823531547722,0.9974350922814665
FST,V3,41,42,0.8314101790488522,-0.010921459915061951,-0.4412318782847538,0.4193889584546299,0.9746018750194912
FST,V5,41,41,0.09143257444024555,-0.374118793335722,-0.8108746502129736,0.06263706354152948,0.8238908000777784
CHRDL1,V1,43,43,0.5774668670357596,-0.07874949273727826,-0.5016216684630418,0.3441226829884853,0.9974350922814665
CHRDL1,V3,41,42,0.587857738826995,0.1079245733641402,-0.32270338280208627,0.5385525295303667,0.962574441529572
CHRDL1,V5,41,41,0.6780266416376619,-0.07205008375775614,-0.5050856054104644,0.3609854378949522,0.9715791351870459
CCL24,V1,43,43,0.4089334557007454,0.1840650533602464,-0.2395548129710772,0.60768491969157,0.9974350922814665
CCL24,V3,41,42,0.43278243429198293,0.18064683919707838,-0.2505585405912717,0.6118522189854285,0.9562180802473277
CCL24,V5,41,41,0.6183019731515813,0.11920757378958856,-0.31407791494878035,0.5524930625279575,0.9715791351870459
LGMN,V1,43,43,0.01331256875697023,0.39528170569937215,-0.031628041399849094,0.8221914527985934,0.9974350922814665
LGMN,V3,41,42,0.7340323528674527,-0.08627712666022426,-0.5167893163011184,0.3442350629806698,0.9671590749349257
LGMN,V5,41,41,0.9118731548124229,-0.03763353219058847,-0.4705643891411301,0.39529732475995316,0.9715791351870459
DAG1,V1,43,43,0.750528281128635,0.08996725779272437,-0.3329560863549249,0.5128906019403736,0.9974350922814665
DAG1,V3,41,42,0.7614997475241579,-0.1235268292010381,-0.5542542026742368,0.30720054427216054,0.9671590749349257
DAG1,V5,41,41,0.6847969076513309,0.14657775957353172,-0.28690923879210994,0.5800647579391734,0.9715791351870459
PNLIPRP2,V1,43,43,0.07655911266946423,-0.372910646824092,-0.7993598960701729,0.05353860242198899,0.9974350922814665
PNLIPRP2,V3,41,42,0.35239216406252494,-0.2843728460146741,-0.7169024929142636,0.14815680088491529,0.9562180802473277
PNLIPRP2,V5,41,41,0.06895028789605243,-0.4699189411812799,-0.9088917212714294,-0.03094616109113041,0.8227468565955679
OSCAR,V1,43,43,0.10653004436871517,0.35052625892746625,-0.07548860750119363,0.7765411253561261,0.9974350922814665
OSCAR,V3,41,42,0.2359538527112615,0.20729294493435127,-0.2241965785090422,0.6387824683777448,0.9531863394505088
OSCAR,V5,41,41,0.9852833565139927,-0.014595726368906789,-0.4474932164598629,0.41830176372204936,0.9964165017853371
PON3,V1,43,43,0.4807363832073053,0.23816651907279887,-0.18606943219791525,0.662402470343513,0.9974350922814665
PON3,V3,41,42,0.47460873774487783,0.08680098513696625,-0.34371370160743525,0.5173156718813677,0.9562180802473277
PON3,V5,41,41,0.8681420813663075,-0.06805907283460995,-0.5010790921975443,0.3649609465283244,0.9715791351870459
FABP1,V1,43,43,0.6409293591647998,0.04475534608479291,-0.37800329976219743,0.4675139919317833,0.9974350922814665
FABP1,V3,41,42,0.6537479778456265,0.004278060220948201,-0.42602957582965884,0.4345856962715552,0.9671590749349257
FABP1,V5,41,41,0.4217810190867536,-0.2117114809402487,-0.6458442857323042,0.22242132385180688,0.9715791351870459
MPIG6B,V1,43,43,0.4807363832073053,0.1847374347128066,-0.2388891243379397,0.6083639937635529,0.9974350922814665
MPIG6B,V3,41,42,0.2218273900523869,-0.26842041974885145,-0.7007082633875151,0.16386742388981224,0.9531863394505088
MPIG6B,V5,41,41,0.82480650880236,0.07290361166911194,-0.36013533990320457,0.5059425632414285,0.9715791351870459
B4GALT1,V1,43,43,0.5368734136132165,-0.1571859982896537,-0.5805582299224199,0.26618623334311253,0.9974350922814665
B4GALT1,V3,41,42,0.509028753311473,0.12432238685664661,-0.3064104143827517,0.5550551880960449,0.962574441529572
B4GALT1,V5,41,41,0.5242243111806397,-0.10832370674154605,-0.541540576106172,0.32489316262307993,0.9715791351870459
LGALS9,V1,43,43,0.9999999999999991,0.07688169260991166,-0.3459826236176868,0.49974600883751014,1
LGALS9,V3,41,42,0.522757517712014,0.042476972427664156,-0.3878798724040944,0.47283381725942275,0.962574441529572
LGALS9,V5,41,41,0.006894503707096582,-0.5717760838066667,-1.0136410638519726,-0.12991110376136078,0.4113720545234294
FSTL3,V1,43,43,0.4040586032820602,0.1509872525709713,-0.27233338785124894,0.5743078929931915,0.9974350922814665
FSTL3,V3,41,42,0.16847776753800905,0.33046935461297156,-0.10283652765356655,0.7637752368795097,0.9531863394505088
FSTL3,V5,41,41,0.5004219676444249,0.12021161286967351,-0.31308053617573406,0.5535037619150811,0.9715791351870459
TNFRSF14,V1,43,43,0.48958900860234006,0.14192549542729105,-0.28132344966107026,0.5651744405156524,0.9974350922814665
TNFRSF14,V3,41,42,0.9530469556133357,-0.06858464435793106,-0.4990213677544554,0.3618520790385933,0.993568009111052
TNFRSF14,V5,41,41,0.8681420813663075,-0.009233623471010192,-0.4421275701127659,0.4236603231707455,0.9715791351870459
REG4,V1,43,43,0.661157713117739,0.07750074607446142,-0.34536615417721095,0.5003676463261338,0.9974350922814665
REG4,V3,41,42,0.3029501054757239,-0.14158491048739236,-0.5724440485764016,0.2892742276016169,0.9531863394505088
REG4,V5,41,41,0.0478461961842539,-0.4080201686918458,-0.845504245829773,0.029463908446081433,0.8227468565955679
WFIKKN2,V1,43,43,0.4268399315572768,-0.04433787653989714,-0.4670955164972119,0.3784197634174177,0.9974350922814665
WFIKKN2,V3,41,42,0.35712440504483134,-0.13876906523880075,-0.5696064784032974,0.2920683479256958,0.9562180802473277
WFIKKN2,V5,41,41,0.026341595522525685,-0.44197512039837267,-0.8802504716794113,-0.0036997691173340508,0.7858575997553495
AGRN,V1,43,43,0.972585136922629,0.027597718921091637,-0.39512735225436135,0.45032279009654463,0.9974350922814665
AGRN,V3,41,42,0.5286801055644084,0.19616038907736455,-0.23520569684452874,0.6275264749992578,0.962574441529572
AGRN,V5,41,41,0.17967871899869536,-0.34550496693802496,-0.7816944716952274,0.09068453781917757,0.8934025194657353
TFF2,V1,43,43,0.023650039900212094,0.45536183935759095,0.027085557242216174,0.8836381214729657,0.9974350922814665
TFF2,V3,41,42,0.5959767401665277,0.17603647323102387,-0.2551236872478687,0.6071966337099165,0.962574441529572
TFF2,V5,41,41,0.860131153579253,-0.052695407110409105,-0.48566398918260933,0.38027317496179114,0.9715791351870459
CXCL3,V1,43,43,0.9315328519506949,0.045517761762452896,-0.37724274544130887,0.4682782689662147,0.9974350922814665
CXCL3,V3,41,42,0.49365855559262845,-0.2119896129011783,-0.6435332449452213,0.2195540191428647,0.9604878418595706
CXCL3,V5,41,41,0.7819927925997132,0.056101633513333776,-0.37687722378103927,0.4890804908077069,0.9715791351870459
NME3,V1,43,43,0.5024327036272899,0.07498557778214666,-0.3478709526202948,0.49784210818458813,0.9974350922814665
NME3,V3,41,42,0.9310457636913454,-0.13667337173119687,-0.5674948986838396,0.2941481552214459,0.993568009111052
NME3,V5,41,41,0.2478100320882864,-0.22690123852498076,-0.6612182390234647,0.20741576197350312,0.9618175909306087
