cytof_id,Eosinophils,Neutrophils,NonNeutrophils,B.cells,NK,CD56bright.CD16neg.NK,CD56dim.CD16pos.NK,CD123pos,Basophils,pDCs,mDCs,Classical.monocytes,Intermediate.monocytes,Nonclassical.monocytes,T.cells,CD4T,CD4T.TCM,CD4T.Naive,CD4T.TEMRA,CD4T.TEM,Tregs,CD8T,CD8T.TCM,CD8T.Naive,CD8T.TEMRA,CD8T.TEM,HLADRpos.T,TCRgd.cells
453611607,3.591331963453502,15.388941125061438,84.96905559841757,7.983721020787535,14.380270425666229,0.5703946776062575,6.529361854941551,0.1580619936665674,0.10673227985972142,0.0188466173497743,0.2590226902210893,7.004905160941421,0.5648865602999523,2.433460999800247,47.06051480032364,33.667452883194876,6.69456086121708,26.930833660710324,0.13213838921494261,0.19390249756052794,2.6950634715150934,11.248357908753757,1.152558685763043,9.99620600657258,0.04774501895455978,0.030281055610792043,0.5115383051450604,1.3063244175895028
453612785,2.6561716203676675,11.747568213883874,88.71745835168365,18.43535548084993,15.316261381223109,0.834372335681644,5.8841005772396215,0.6724437420789979,0.5992508122595143,0.04281790281272432,1.2832497281197317,4.8103871373401565,0.31070583581533806,1.1150139168079796,41.354938955197305,28.658454195043767,6.0057034090891825,22.398701350660726,0.10628392887737392,0.3244294549245255,2.9018245398105775,8.97847375693365,1.8840238381725922,6.929362924927505,0.03388733276797695,0.033665263381549515,0.5450650733604668,2.275862630417057
453612786,3.317191290458701,17.68696006102069,82.24916437350208,8.893199164749408,15.565750448681342,0.721388227280708,3.688062919600636,0.3172982063842518,0.10358393926108167,0.07016391673191376,0.39966069592142944,6.377248555818189,0.866558946464585,2.35669813779759,42.06143392575522,23.223258259263517,4.588584332017498,18.24736978621396,0.20341937799608154,0.35444177573339397,1.6164767084167329,14.01774444333646,4.708491369121011,7.017372071221461,1.0345581458202078,1.0072195204612704,3.9053012867022985,3.6774529656145334
453612787,3.075377433932859,13.622689773658605,86.42939579254671,9.553399291115118,10.928986905714968,0.35643493812978605,1.3681126690242134,0.5515357206062684,0.45275458877903063,0.045630176526253584,1.3290104675016203,14.424429135863276,1.710897623737526,1.3221966246212071,41.53228445276865,27.58875045256229,6.1591220770977415,21.200613489113657,0.09456485106081595,0.27026520731089576,2.533487261071527,10.699433002543815,1.1497264768611002,9.349614448011325,0.07278610101101862,0.09869693162503701,0.7876003690736654,1.8325478130718442
453612789,2.736351394548744,24.17750733804022,75.1806346405654,20.180945971127592,8.103108125111518,0.754803120707973,2.315586107781741,0.3589365596003631,0.17432321708677972,0.06220919965649792,1.1115961101716645,6.77903028434116,0.18829775007669805,2.7262638229241403,29.32534639608919,18.367998674653936,3.5135087405246246,14.642943045726968,0.1252519208072723,0.2376778648941694,1.3696745942123474,8.092826196110416,0.9313631705209793,7.040037999849379,0.0656141406162077,0.03540309980437128,0.6016739539444943,1.9484873201700235
453612798,4.044950194550162,16.071523775667128,84.00845506615534,8.63443974545018,22.326806508172666,0.546795409123242,2.787033341091901,0.27748915320483075,0.029893092124157594,0.0765116202567394,1.358297340706027,5.986236634555794,0.7976625921963867,22.44507700633133,11.424277465348384,6.959879384158038,1.368414267367519,5.479375923716956,0.11027083163971078,0.06728246953259531,0.5817636354200841,3.5812703391198233,0.37964887642168776,3.091571973600883,0.03716941633848398,0.062385296895551,0.4987854380614003,0.5961121226795162
453612802,3.098203178894807,20.01993304504439,79.62844959580724,17.86656343109872,6.290487031700636,0.3866127637562856,2.334088893152486,0.48838131457764755,0.2884505637874893,0.07142274401320776,1.0007534303355332,13.821125878689697,0.8562388268238557,4.279363935583425,28.836718307140767,20.375130965654005,5.320566932118077,14.663481089832306,0.07994620759892097,0.3074698298520627,2.153349472580996,6.239633792284041,1.261221100634416,4.819900080867827,0.0537013928417764,0.04345202639428251,0.5759373986534904,1.4760219981829976
453612810,3.262502195930579,4.198612361468187,96.93864781660808,12.092758003597691,13.675754102944369,0.4945846381431389,3.1662469927812236,0.3551908500014242,0.11037254867689937,0.07782401465638704,0.42355797093197145,4.992018481410445,0.5707155167636974,2.312283505267623,58.55549317053064,40.247424895918805,5.870412568768185,34.26767938561885,0.21356785775475176,0.4364872917907637,2.934099438276197,13.200699810336852,1.7885783981769627,9.242308632750369,1.756981207283933,0.5629736517430988,0.8668874250598614,3.0550707626123916
453612814,7.696837655011001,6.882523988060463,93.59050374438011,2.9789217081304034,59.04380545241806,0.7402885263755042,8.397115244866368,0.2524887193700524,0.1222772115655079,0.04364819314719578,0.7536454376733317,3.9349279399330777,0.6158182618602149,3.132157083212483,14.894475178293758,9.729442606819207,2.2619253531263723,7.256657802275888,0.07801316383536468,0.16335741366038234,0.8589243259937066,3.3870306884476977,0.4476218900684178,2.857663674111955,0.033765774117217894,0.033573798306664175,0.5946339096720671,1.306986929058633
453612825,5.094702729348537,12.608742747400719,87.77959632932935,8.323394538117526,24.049138387088078,0.48508227782476016,4.288375511629274,0.4533632853038465,0.14185595466330198,0.10008115233204369,3.917441268005185,10.311721116391729,0.436171734780865,1.5320750182238072,28.233743615397707,18.99990028059557,4.324967553592328,14.151194515472845,0.24208025326720753,0.35541850806740927,1.4863685239771514,7.510107244094039,0.6351141193773144,6.607037084034213,0.12675814194823776,0.13912449472436383,0.9655057501547619,1.440151734354255
453611462,4.039040991539707,8.032092720809041,92.76379649142483,4.926107050156921,10.979449026797168,0.3872392930080469,1.1833651605496485,0.9147824421777871,0.8375408413190929,0.05256711835296435,0.6795130398746713,12.82157133455938,1.0812747689897437,2.0427149263284963,55.06219929976194,30.250583334798822,6.24403663837114,23.827259944255776,0.14373665179627962,0.25339437608697735,2.006801261735482,22.453671925975485,2.376544966221177,19.873241751905816,0.0851850833884877,0.0670500157147041,0.6325462792375145,1.8508142007207824
453611589,1.9580745980541865,18.218354802397464,81.2973953160722,15.986208163213513,10.058759488600563,0.40666169981264527,1.676772770436199,0.41677728457002455,0.2585413281004068,0.05706675629461333,0.4760302854232043,13.211904078787322,0.6774523097145664,3.968718239853574,29.40205863457361,17.967578658147115,4.272301443678939,13.125986169513542,0.1393873033282779,0.4472313474649432,1.2902985157984315,10.340079500438284,1.7276859067851005,8.323828029431994,0.06634349252076473,0.13866716934993706,0.7752514389564665,0.7040068476525148
453611598,3.102721981196919,14.749421861671683,84.83232000537257,13.070170851025365,27.82489877163245,0.5044002630873983,2.4569735535693074,0.269649295904726,0.19272133246008374,0.029747525934601525,0.2437691104271269,5.952859934577067,0.307934692578478,4.286937528991714,28.19569681969777,17.346152261665253,3.5752387642818038,13.3757245511862,0.10181376517415186,0.37681782556722127,1.274362784681025,9.682871570577948,1.1990069117549786,8.301876792247306,0.08530664203924723,0.06394020316860205,0.3837788131847843,0.7582381436257851
453611601,2.7598723398648666,8.50355292110437,91.82380273376684,13.69456257678369,10.99236298896659,0.5010587737446717,6.2706966533950705,0.2576281813778989,0.18376823888270052,0.028461915094130385,0.5187403088463008,11.405293167148168,1.685766221279088,3.5325306059320716,45.07383279613234,27.115414762364832,7.34811675416414,18.879496906590166,0.3390948871506905,0.5214630048501834,1.922684807609426,14.554288347779272,2.1152264915348593,12.016536617784482,0.22971831914153687,0.1304353126102551,0.6883472858886373,1.3354749222313282
453612788,2.8388934467889824,9.884377635848342,90.68078656624766,14.633497502736057,13.817048041974541,0.7625303148130281,1.974032165710653,0.4483109328215569,0.3001584553886827,0.05492407156049477,3.2242169116355446,12.758504895646082,0.4772611000170992,1.5592886080976616,37.33899140582976,21.826050173965964,5.615382656089765,15.285550920569277,0.21211807493208448,0.6685944118924597,1.6498610565171228,13.702739283625773,4.228054332387383,8.319744078327869,0.32465562538470893,0.5562052362015825,2.858989133033035,1.2630718831047107
453612793,3.7600339160657033,4.605663902529814,95.51738943637386,5.397047352232639,30.79804012924354,0.7749564783062927,2.218212863557918,0.1685151367333753,0.03628815896514564,0.04123767282131238,0.6187021017627387,9.185936669144192,0.8984748720201708,25.13498632617391,17.58940498644843,11.233148654957922,2.6342136880576104,8.227345051769982,0.11715730004738018,0.27408334279841406,1.0180799190523588,4.799378242472758,0.6483310942530676,4.009644181808843,0.06184582244266311,0.058909624049907516,0.4491011911879601,1.003367387204791
453612794,3.867674104236529,3.6080287653686987,97.58182281104868,4.170172382321543,18.73043082502374,0.4940625304333379,3.0653227089407933,0.194647994400391,0.09000672042944514,0.03464891726389776,1.8544454461376652,14.232901212148159,0.9095594449676201,18.79152419977635,34.62818298917159,21.682170091091884,4.379446446274476,16.944050915178774,0.17756491765851523,0.3287803535033279,1.4965552888053666,9.603003960818825,1.4145380091931514,7.783215002023059,0.2870940023000224,0.09595297937847627,0.723489801969851,2.506132688188363
453612803,2.244033677069903,13.8083656769778,86.47314712187173,13.901128260493207,11.386727178241278,0.7589799823863812,2.0740219654414505,0.4889039717309879,0.3296741485009353,0.05987903000814397,3.111137040096299,13.723227360438143,0.5072658923058844,1.7879084362360356,33.73062917733448,18.476550600134235,4.334890154010793,13.342800160893617,0.23676438291742757,0.5756272524638156,1.3914601506766493,12.732961800959721,4.133175334172155,7.149385790662404,0.3018025990419223,0.8398384334210682,2.9353332196922244,1.0750132703666857
453612824,1.8844992272377443,6.955974094393542,93.93574335234928,11.946946932743908,7.092780496562437,0.7613816778514659,0.8706867774662393,0.2549277860856406,0.11283218976958707,0.047478242109432724,0.8942834433736708,8.212870029357456,0.7486420239029258,20.063374428409148,42.80473839784408,28.155952235369988,4.950186789575004,22.731650570821987,0.16149649137395333,0.5523632641445178,2.3137153743321095,11.299810104621296,1.4568323287955611,9.48673310633243,0.1288246390111493,0.1772654309515568,0.46652818602626317,1.9959988569563787
453612829,2.9285742924770557,23.477587479594654,75.82340359018633,13.338779881802717,13.975271208722612,0.6406703753454676,2.415295562279648,0.2915137868194625,0.0754456451607339,0.06839620182626528,0.9457388525453063,11.810470780843392,0.5861956962247903,3.8117266341190255,26.245514993495938,14.695102683284373,2.959560490239958,11.355691460598695,0.10592148317170903,0.34902535097202975,1.1297308959319077,9.67434694641052,1.7904665374449276,5.974739354337605,1.1713116279246472,0.7507514504827325,1.1202136083053928,0.8903618594699133
453611588,2.9661151116022952,20.108110456962024,80.03855486372704,7.769146774474463,17.417656032052946,0.766498333407516,3.4692067411244434,0.2266171902797069,0.06295066840988038,0.05141542530837562,0.22617664839808949,6.670944110572845,1.7186377134680755,2.461059687644027,39.15554546176841,14.741624937061646,3.7837087826889677,10.276279616794378,0.07426789154347428,0.550676181022126,1.277186838296768,21.54914841163868,15.159247810342347,3.3742834887841395,0.07473103942317043,1.6557983664733198,9.54841611858086,1.7921346134547655
453611593,1.8037401194282003,20.52345775876431,79.16007689625714,14.315088099905742,6.88051402594568,0.4795479361008692,3.3360427555016523,0.10605760690920768,0.013167532693881195,0.02824764662071853,0.38806797527801745,6.714217390196424,0.4412362379378892,1.1648199209167394,45.241279940351006,25.42746826549229,5.450991881849241,19.041472202884847,0.21876291286930932,0.7802970733645077,2.0271747913919125,16.046807962426577,5.2111140422532145,5.836497609462875,1.374679250645296,3.151069410699102,1.830738732292233,2.5427601079818287
453611603,1.9022268362691075,19.82279221396004,79.78081791440816,3.4453514404638006,8.971707731868428,0.6085085404217239,2.3878217294564195,0.20893395659169295,0.032647890147967824,0.05513834003390662,0.9116725243387888,19.906843183240856,1.3775959820073311,3.687981819786968,38.26912729745324,27.388591793374875,8.71247431170302,18.194224950436247,0.08792001312359081,0.24735639438578572,2.287492019328783,8.366730489299583,1.699080596875435,6.357507671571997,0.0578343869675995,0.15577113835349843,0.7604788870405539,1.6095653814609812
453611604,2.297795837792469,12.44730165073968,87.95541373626929,14.383851275365194,9.397759962768934,0.8151587719609721,1.9593607651894054,0.14543111246084472,0.07701981546005406,0.022515964956951337,3.2494361635615636,17.543792229805224,0.3580063841686797,1.042872230444277,36.95553332125511,15.010796740925299,3.257620141271529,11.337588339248116,0.20547323699485964,0.2865144815949853,1.6516765195558145,19.1444940110765,7.065172396431173,10.942355378621224,0.2641194173064763,0.40821474503707816,4.537058702231224,1.6592537416459148
453611616,3.630958383641267,19.222887538376664,80.57646273865467,21.93804301687061,10.928552822952962,0.5550447109380983,1.0873001940793126,0.22792383316305764,0.1359528160408515,0.03205091202377899,2.3245607753876047,11.600605077198091,0.20884243269481514,0.7128432702288027,25.430241243904213,11.322701426025873,2.9811230642262374,7.564093266615605,0.1976202467054121,0.5258139034289834,1.514508201076875,11.880600867837892,2.3923109291086826,6.429793606115062,1.7735131837872251,1.2954259714250214,1.297426526015422,1.3756041883616363
453611619,2.6234972037216333,10.32889991643522,90.36031569228155,21.725309819431786,5.773494462161665,0.2697650583028148,2.383523102552105,0.323308763647665,0.18583433740055824,0.04804069685213885,0.39589814623891845,6.437986387756217,0.3986179660882136,0.6140014579511228,49.26877556863005,31.668844537147937,4.333649828958484,26.40224369051435,0.38790424218048764,0.9184603017035431,2.7414586380594512,14.359135344517787,2.858303700442375,9.87787352333028,0.6674510205265077,0.8211795581444561,1.9680773008854824,1.7796415400368395
453611620,2.312047445052977,26.22320465237031,73.14736520580429,7.594155078961186,7.246771356381034,0.4841424839471183,3.459207761151363,0.22261015210409774,0.02310448270833952,0.06081645457932083,0.4426757909404052,10.923271523269365,0.7460619939927438,1.6361798360902986,40.270450615978014,16.855152492770902,3.5858292320361262,12.949189604276865,0.10386762417293045,0.29876803269446284,1.1441537411837375,20.1546619749168,13.548759421731837,3.648112410315918,0.09272171973557691,1.7006162531671438,6.120780137122704,2.3830948439209085
453611622,2.8451502499765224,9.991849682297635,90.39026149773606,10.703594575406782,24.607911422469304,0.6147738329393363,3.75235542634343,0.7059809094183318,0.5363823859304102,0.0697353797850894,0.40921960592564616,12.036830783896784,1.110419551308468,2.038607214649424,34.40835705846088,23.373094833791235,4.73837743448855,18.453385424507747,0.11812382192915832,0.2344812863464796,2.104231111478611,7.928422730024292,1.6756676699526722,6.0777570209392335,0.05844218022139701,0.03366526338154953,0.766768762661001,1.6895399802348263
453611626,1.6760549877121065,24.202114987877696,75.29341358924337,9.494577779577522,13.369725755736162,0.6146694113973762,3.4261270236703334,0.20475269936497043,0.04799605056633912,0.04919238989672758,1.0964442209096612,11.775444650923856,0.5299128215174832,3.651140780665288,30.756689534047,8.978205771541605,2.700809602404613,5.423796165184466,0.23785172003442803,0.5251923464891548,0.9576653434870022,18.399908683500023,8.564638196085355,6.482578674135916,0.818183747468291,1.8626923658639922,5.092991378629273,2.6399600049531178
453611586,1.9753387401827693,34.45334499346886,62.373371959283716,10.746859223955568,10.750687411224506,0.36437097531876167,1.7101338531501193,0.4106796177810543,0.17894734234103263,0.07685980652603366,1.1911181061641918,10.772106120458737,0.33268386838355857,1.403837394242765,22.170899078943535,13.174759537768368,2.9286477735516647,10.116209912220807,0.04889669214679756,0.14471070546552534,1.273152475988564,6.697730857662293,1.1045055413933442,5.178879382920674,0.2071084101002693,0.17104580585935267,0.5469116423499591,1.6108904043992458
453611590,3.0066684655956104,40.82598061501711,57.049616816695206,6.994065198345157,19.30287746740789,0.47464012362873953,2.1866273006523014,0.1758323368801397,0.0572443010748449,0.03778259368754618,0.2398031796806965,6.910014426699529,0.9486421202737128,2.1012498177552783,16.441505321062735,9.056975238753898,1.3915988048837393,7.472518997795406,0.12114420280971507,0.17925151255028424,0.6538778616792327,5.9798357224195495,1.7276859067851005,3.3263991620882387,0.5323993595326998,0.3352256152785648,0.8466905767373248,1.001474497292984
453611594,2.992069258158017,22.07327364455127,77.40230887167783,9.715227487176334,12.461841659018477,0.36865225853913014,2.352872023756122,0.692914480584824,0.4915185323997864,0.07680623940768071,0.8040839415253694,5.805963644554422,0.2417139248838027,0.49397925732822573,43.86705854986681,29.11166105137728,5.274674905182677,23.852244369043717,0.0730597391912516,0.20189394392975343,2.5587020254978046,11.837774779758668,1.7784768530933512,9.548298669227155,0.15726936328887306,0.273944015105377,0.5878823918042478,1.9990274808152702
453611602,1.5006327650095965,49.949639635441685,46.99351081144428,3.4114761411745387,18.567215706512698,0.8814664511057031,1.1381361296433814,0.18428196085914142,0.08656322289968234,0.03239909829307326,0.7101218899945572,6.46350403919344,0.2390383383102804,0.6496872031630644,12.561041483212145,7.0448107392878505,1.545017472892307,5.413844741751982,0.02340467751489857,0.09507494412778693,0.9317445656567908,4.034597674309155,0.5138955783739794,3.320783729320063,0.097097831162919,0.09046507488535499,0.3248040160829772,0.9055049787643693
453611610,2.8337953108583944,16.41183638762408,83.63783765695354,7.593694816742581,26.558570834195375,0.6335697104921735,3.1509214533832326,0.408588989167693,0.1724538898563371,0.0775293955054457,3.308416672098221,16.409857658144276,0.6240361349074618,1.1782983498636956,21.53204285629647,12.466245125385566,3.400734570383998,8.635141680088363,0.10398843940815275,0.2944171341156628,1.355554326133633,6.922415594646663,1.2930362472996215,5.250042230910103,0.14645064337127728,0.17278364228217444,0.7612290556925339,1.4866221816891168
453611611,3.944493743372437,8.906782819577598,91.83243118618599,9.959810830142553,19.187085890645065,0.6406703753454676,1.3475540186122752,0.7054582522649916,0.5949218439363776,0.05425448258108272,1.2633183838556168,7.802647100549163,0.1696642007253825,0.37215993284573456,47.91569128686805,33.77949654516234,8.478529924913833,24.963098476246415,0.09347751394381525,0.30933450067154833,3.8565563800470675,11.364150720361176,1.4404999241276664,9.828764011303145,0.014073272694178397,0.031104241284759596,0.44177262051092536,1.7739628703014185
453611618,2.04462704214849,28.801508448410075,70.1448667863652,9.86564118021615,10.215680407062644,0.5522253293051729,2.2783001918073595,0.48707467169429686,0.29533755884701485,0.06866403741803011,0.833167433665859,9.74276481210322,0.6463963941290405,1.6717372153122694,32.95969180213563,17.629804502135077,3.6428841844422974,13.736198985096918,0.11256632110893393,0.2488658898110836,1.3230777095525899,12.748894729463133,5.700614147473067,5.692027839154349,0.10439135020848919,0.7896241073090083,2.7307102935444667,1.8239351639731232
453611621,3.1915917598051258,7.9045803534693775,92.9026638197699,16.339045179995423,12.108498290752552,0.6547672835100954,1.5517387965672211,0.3936061507719373,0.2814651830842562,0.043701760265548735,1.1255277130501506,5.088946746755638,0.2699986972324663,0.7282471890253244,52.779803989155845,26.917618160212452,5.257978221786224,21.157737675388606,0.3595126619032541,0.3699806992291071,2.0097261744089296,21.684527562107128,4.2978210783386785,12.602889897559647,3.60187684986091,1.3793909101697772,1.6690485351500965,2.876476599433401
453611627,3.8264255498890427,16.3594519209246,83.6948869541245,5.922666805878523,28.35415417919786,1.163822300566101,5.962503794037903,0.34517325456240144,0.18612949433168074,0.05465623596872994,0.42142246976081665,7.0245042696498095,0.7220772714943837,2.6493725949315032,33.06908922825386,21.811569737359793,3.993991583864891,17.588352649328748,0.1455488803246137,0.2825187584103732,1.4789049537069734,8.261796425143377,0.8868974907604101,7.286096053873088,0.043368907527218635,0.027079777989803978,0.7663648256945503,2.0953755773262457
453611585,1.8373414698798038,40.13202624744124,57.33932979556731,8.711671745731948,5.02698063221654,0.29983846238735434,2.392026907949771,0.34926740226356734,0.16172985469221868,0.06269130372167461,0.34068018738477224,14.601791367145584,4.546637165017735,1.4148768693802725,17.235848177627133,10.548973699849324,1.8360168120876623,8.542508749200882,0.0701601735459171,0.19558958068292082,0.9596825246411043,5.608304185789114,0.5206928797386524,4.974988124047085,0.056861917761523474,0.0505863022353402,0.4399837568023578,0.6210036250197781
453611596,2.139406023767151,18.398717690410802,81.46407671456832,11.59033576576945,8.507998821364648,0.35486861500038297,2.982153623183401,0.38019128383620254,0.2320755899430871,0.053424192246611754,0.44399776785588196,9.165076231657489,0.7298173612249301,1.979173761292845,43.84313752926414,26.37927455248516,4.457968563047517,21.570192416803042,0.20378182370174786,0.4174854082017189,2.1212762922307737,15.9168074438733,1.4752416866582172,14.3505146737936,0.02926810403911628,0.038421447275587994,0.6201973491203063,1.0749186258710954
453611606,2.8423694485598383,25.42634556729226,73.82058751690442,9.042600280908292,12.6464353535579,0.5423052828189532,3.0749478952700193,0.5709611448054173,0.18337469630787048,0.12493629524781916,0.7738818535333226,6.75923712505145,0.391833442991068,3.329840707767842,36.52186171498437,24.998292772037043,5.865737497417178,18.78559358122194,0.10096805852759597,0.3245182487730748,2.4121538146522896,8.823609751225343,1.2692456925232662,7.439958911721106,0.02695848967468571,0.03750679652673445,0.3909342680190545,1.4089190508094394
453611609,3.3872906595042926,7.446076453656661,93.47376585870983,11.726205172701384,14.008912622777416,0.775583007558054,4.370797010098958,0.5187825389969426,0.36538813716676083,0.05875412052273171,2.8592495924319894,14.371453327176122,0.5702377334469969,1.5666054695260094,41.69107053780358,23.207031954414084,6.157118475090167,16.47315802765017,0.18445138606618464,0.38258942572277227,2.089001393765141,13.738664485474217,2.9329796084903803,10.451362357127444,0.1278521698050733,0.08177589277124625,1.5117439393579966,3.710199961088791
453611612,3.660620265419233,13.088312286847032,87.2570166463463,9.395989612352523,25.20065143397684,0.4450888272540012,5.841114308196496,0.3708705646016336,0.2898279627993943,0.03427394743542701,1.3717204909247143,13.872355232145415,0.27907658024977394,0.9467261039559882,29.392985144000175,21.149782975018184,5.394223158301295,15.26353074956974,0.1999157361746352,0.31714835934367896,2.482250859757336,5.907477900617447,0.8004207122876259,5.0141940546467145,0.05090554387430782,0.018573526025465966,0.556086782016483,1.186504486172118
453611613,2.3595528025880026,39.9945403250538,57.95509676467669,7.898020195683613,9.574648688282895,0.4323493991348559,1.2609273416492388,0.24909144787334037,0.0906954199353977,0.05117437327578726,1.360737913473061,13.936100848093153,3.2064549616731175,1.6503000949871098,14.623507755260114,7.419967015332838,2.1313095841563916,4.851589317816642,0.1252519208072723,0.27062038270508343,0.9794508999513044,6.1270884565497745,1.1459501983251699,3.835361568440183,0.6041189634808066,0.5214485077451476,0.7934286024467494,0.6696508957532178
453611617,1.7443004891465708,36.57016214426106,61.68441541141932,10.121454921316314,4.274172602222451,0.23102466623557835,2.349414432550478,0.3758358075583666,0.12208044027809287,0.08162728005944747,0.17553476348213223,9.521935250616073,0.8248006845849694,1.461602089729721,30.45118098212588,17.51991750093931,3.088458886060589,14.00509915018744,0.11099572305104438,0.44545547049400447,0.9468734243125562,11.700568924111487,1.5483126763284518,10.003352921004616,0.052728923635700385,0.04436667714313606,0.8837373670889491,0.9343715499194261
453611623,3.259489661062504,19.10124745111185,80.67320291695354,12.162994018156676,8.681848967544628,0.4766241329259834,5.11436601613443,0.2939528535350507,0.2225321825034588,0.02910472051436595,1.3554500058111536,11.787572812253336,0.6998125689361451,1.7646741920512823,38.27954119004319,27.480712017741794,6.040814149031432,20.956697748811084,0.36204978184292175,0.2949498972069444,2.8288025820320697,8.131288488484884,1.4405943310910645,6.437961508323318,0.14098050408709967,0.05936694942433427,0.9274779700274716,1.6425963104220132
453611628,3.3560066435665927,21.114320987248316,78.5165973682017,15.924072763701965,10.259088683262387,0.4443578764602797,2.524817099928708,0.33524276864893554,0.24152061173900785,0.03663090064295745,1.07630949558163,9.091239985483623,0.3363150215904816,0.6896090260440493,33.75259114883606,23.992569965765874,5.292039455914992,18.249381244141823,0.12404376845504955,0.421658719083425,2.6232518224290704,7.438865742123383,1.2762318078147357,5.989849973422879,0.045800080542408694,0.06759880616401621,0.8284557079661201,1.2292837981789557
453611584,2.1861003142223105,36.08760985937989,62.20993891934531,8.816059216911354,7.1041751690648685,0.45030990435201146,0.9994586877737522,0.2506594193333613,0.1309351482117686,0.04038059892766495,0.711037104782195,8.282534188033981,0.29952570620455093,4.0914361262658625,29.126348250558394,19.037487796892446,3.114028664062017,15.898622123734324,0.06750223837102716,0.17765322327643934,1.6272686275911799,7.767875641537714,0.8376170558665308,6.851563656393875,0.0343735673710154,0.025616336791638293,0.5780724940475871,1.387718683797201
453611592,1.9479941929187055,27.920107172413108,71.32300583079046,9.47846860192638,5.626123364463529,0.6405659538035072,1.4408155327537107,0.5502290777229182,0.3280015925579075,0.07918997617438761,0.3585777210096889,7.257947118919615,1.7951786008034796,1.9775050034232218,40.912090750505556,28.622920641386013,4.352254704743106,24.2496661091027,0.12102338757449282,0.26928847497687936,1.9259122974559895,10.207744858601057,0.9654440843077424,9.148071461022615,0.021488350390508074,0.05323878940701549,0.43917588286945636,1.4585127664987827
453611597,2.090510265523783,12.387739952837606,87.96668148001655,11.20491218391037,7.116763569162795,0.3634311814411198,1.4010065096833184,0.4325441086957907,0.2873683217067068,0.05406699766684734,2.6764100159683526,11.868103803481073,0.540328497821552,1.0619987629499577,45.33201484608525,29.276594251302885,6.667559938924643,21.889590762503087,0.12356050751416048,0.6572287992784516,2.5218884694354418,13.460903814685507,1.3832893043083354,11.99530007204301,0.03048369054671131,0.022963849619963006,0.7495725889463841,1.4533073192413135
453611599,3.177803619447399,14.48498283671363,85.73627728528014,17.59012994260508,5.346465545046667,0.46430239097467907,1.2970918766920598,0.4889039717309879,0.24988339145414612,0.08146657870438859,1.7063840316042638,10.790152824517003,0.48624342637106677,2.3211407585756234,30.697402521777455,21.644993367322844,3.8484919142672123,17.545794434223865,0.08707430647703493,0.35266589876245413,2.183708048950232,7.422425395514774,0.8643342265082317,6.5200489255162895,0.00653663634708919,0.006408671065713755,0.4769151365921392,1.0267445776156074
453611600,2.3821468140985638,24.127173508827195,75.23545069122794,7.8213405100641715,4.588231480527611,0.46586871410408215,0.6765009794843735,0.5498806396206912,0.4007085832577562,0.05928979170626136,2.430217238093789,9.02176987738837,0.3850489198939223,0.6392895579754123,43.54639314437417,28.572495858594326,5.472936094313153,22.5963535586229,0.14856926120517044,0.5490778917482811,2.742870664867322,12.616052669520702,1.3832893043083354,11.15461873725828,0.02635069642088821,0.017658875276612414,1.1522977444977656,1.4316337297511235
453611605,2.9780493843488998,10.223851350651742,90.27118885435246,6.704468210399455,11.753744153510127,0.7206572764869855,3.017383674116588,0.9170472898422617,0.7506663179253632,0.07691337364438663,0.9775679890487092,11.679486638485022,0.4758277500669981,1.3324659038188822,53.241108498536555,35.38107391305766,7.1415549281451405,28.170632807708085,0.10761289646482086,0.2375890710456225,2.7258254841151595,14.58341414701799,1.830211869035585,12.643423112268119,0.01857094277228001,0.030006660386135336,0.6677465005996498,2.0426585932824213
453611608,2.7375100618056956,19.568140322460074,80.09326940318466,14.906709155699458,16.8617045346247,0.5266420515249222,3.313895482103336,0.4085018796421363,0.2026582824745421,0.06877117165473605,0.45396343998793776,5.055278970905004,0.2500273545943896,1.681749762530008,34.664580059312705,24.114986139060594,4.334603925152568,19.690643782544335,0.09323588347337071,0.23226144013280622,2.044219972144075,8.90733373858402,1.0234099598342596,7.8200726607378135,0.022460819596584112,0.014000272281198219,0.4526212133241736,1.2265391078068357
453611625,2.4439037788940974,23.915491793747968,75.35360973376723,9.895097962206812,7.9827586793477225,0.880839921853942,2.775165392899555,0.9895224151054522,0.7827400377740108,0.08984983272662753,0.6414807809217234,9.329631124575858,0.5645043336465921,1.6882964280185295,41.21636200825759,27.33693463299967,5.023175148422364,22.22529250403932,0.10918349452271035,0.2395425357136551,1.8470405143305988,10.883524291111863,1.4133107186689744,9.346449385905629,0.015531976503292435,0.05515955597960796,0.6511273796942483,2.052501620823817
453611629,2.759524739687781,13.16567724656335,87.17306687986871,14.699867314658766,22.722147383661856,0.5269553161508029,9.870609788936653,0.32374431127544867,0.0754456451607339,0.07731512703203387,0.9813305387312201,6.375113999424199,0.29885680956117044,3.328171949898219,32.90494153515281,21.47420637387559,4.440890241173429,16.781758020263904,0.12054012663360376,0.269821238068161,1.837257185733204,9.082697435742551,1.0509767931465444,7.939324032978347,0.058563738872156525,0.011347785109522925,0.6334695637322592,1.3391660575593518
453611467,3.027176876043658,23.55103758592774,75.69509342715398,12.838290745292612,10.1880076309853,0.33534178665382436,2.195878693337674,0.3520549070813823,0.30783253559786844,0.023373038850598767,0.4409470518970893,5.084386558095754,0.5071703356425442,1.9411774282614251,41.50145520638849,25.36646557510884,3.6624431564210016,20.92038563990319,0.5439975260876607,0.5771367478891135,2.110080936825507,13.00280674930725,1.7082380723250639,9.234242829319717,1.467793177127075,0.6872746885122961,1.0305973070342516,2.1925754742975347
453611583,1.9857667454953358,29.05858382057586,69.86489888316643,17.914522754277257,6.11717948897315,0.34327782384280003,2.686295954073397,0.20544957556942411,0.13910115663949177,0.02460508257271695,0.3221725105680971,6.717613275368679,0.3391817214906841,0.7905046941612655,34.03809677835668,27.14170548414625,4.262951300976924,22.86535958992015,0.060374139492913224,0.2772799213461038,2.562332951575188,5.339068139167828,0.9384436927758469,4.289803227552019,0.019421853327596526,0.04518986281710426,0.49145686738436556,0.8797616759637942
453611587,4.332763141177002,6.9148681338695726,93.98050979372373,9.705285823254481,9.448981728684632,0.5575508279451433,1.9185238095984163,0.6137319218537663,0.5252648081914618,0.04474631907343154,0.44562481636723794,11.493295105754868,1.4166786573134236,8.009166140181174,48.364107315320595,33.978936317426054,7.435225736683929,26.120427848202944,0.15207290302661625,0.4389735195500779,3.0654179314082404,11.589139908208667,2.1021039236225048,9.295910490992048,0.042396438321142614,0.048848465812518456,1.0391953938915601,2.039062102449988
453611591,3.5935334312417218,19.895123790755054,79.84436392869472,13.37845448504639,9.386582331647498,0.29649697304462763,1.2886815197053574,0.622529983934995,0.38417979511489486,0.08610013444192002,0.5861611315356174,8.354429928395128,1.5065019208530988,12.257695310251787,27.95267162331638,18.73380942069068,3.8663335130965666,14.124516231377246,0.3136028725187915,0.521995767941465,1.4723491149561418,7.732153406931346,1.8489044477884353,4.957018739188923,0.26120200968824825,0.5403817782464161,1.697670354487177,1.3066083510762716
453611595,2.404045625254953,20.267500916136594,79.43882666499677,10.197306134942266,6.64849678965804,0.44268713178891644,2.1274744565124935,0.3608529691626109,0.21741612903066837,0.050826187006493,0.44074367083316984,16.631269371375243,1.1409021269139534,1.470972806997605,38.436883765214176,31.251171234472054,7.762766960112668,23.094348195074012,0.0961354491187052,0.3547969511275807,3.383023104121609,5.248341781957335,1.2388466503090343,3.882939598803274,0.020151205232153552,0.036226285478339476,0.6666501002621407,1.380904280114696
453611614,3.498638582897365,16.789153685132085,82.72941388402903,11.748573916525542,13.337495110657848,0.3850464406268826,0.9689010573887328,0.4572832139538989,0.36558490845417574,0.04038059892766495,0.7824238582179419,12.978461229517512,0.8082693818271356,3.368735602729059,33.42501751756593,20.592337514746575,5.529800227480506,14.850864275741847,0.05385011679091063,0.16246947517491295,1.7476943424910725,10.668987916231574,1.7881063633599712,8.770101786335577,0.00981871991759577,0.0193052466245488,0.8129329873982276,1.2793507363462508
453611615,1.3802472370122993,29.735946666670383,68.94865874746229,9.945450648922101,6.261403486646806,0.3250040539997639,3.889257348404755,0.2981341107617732,0.15336707497708046,0.049219173455904056,0.4033215550719805,5.907258047978227,0.4683743303264719,2.051187081666583,40.629987679949984,32.45530683168736,6.778139687818878,24.567582327908543,0.4168998986338325,0.8410320657706134,2.528545167243979,5.825580618437508,1.3021937227492506,4.160239878773561,0.08737313910215874,0.19610723637794,0.5695898177521217,1.5687736038615403
453611624,3.0352875468423206,5.783941560088783,94.50745445851871,19.751521321169967,7.570271534759637,0.369592052416772,1.87637857625394,0.2704332816347365,0.1500219630910252,0.04161264264978312,0.3256299886547287,7.445691056299948,1.3903050182315617,13.5330114206138,41.85944565264909,24.245618162912013,4.124798172073686,19.727591088692595,0.2629812889606602,0.3847204780878988,2.0212241069873116,14.42398337836287,4.011012723534837,7.4868222506409765,1.2158020941026253,1.4922588125783052,2.2262507277284227,2.431363536671987
453611630,2.584681850613747,12.750236733966219,87.38319507407516,12.19502826857152,7.8689204750138915,0.4402854363238316,3.641805956173773,0.4657328379329007,0.3120631182772912,0.05754886035979001,0.5847374640881808,10.455027470660848,1.146444413387678,1.3658410612113456,44.407756101765,24.437663669674713,4.188531797838441,19.787087896874038,0.17889388524596023,0.5033490597466079,2.205897041645355,17.14719486537217,7.506052915500934,7.663351037116905,0.2670368249247044,1.1162458897246108,3.6244496844571747,1.730804980312219
453611445,1.2837302545082103,48.72801895828261,48.443902907493566,8.016859900527193,4.75405109561064,0.26736336283773016,1.2754118453485601,0.2159898281617872,0.11981757047282017,0.03330973930507366,0.24346403883124762,6.309815978826286,0.3325883117202185,1.5549241644386476,24.041687862627903,14.348599186055852,2.053836973196841,11.709919788312432,0.34803521455713843,0.41713023280753114,1.2757748114888965,8.271031434658093,1.3541175526182803,5.352651502401318,0.9250338014858943,0.651420379157237,1.019287071973631,0.8904565039655037
453611450,1.783579309157238,23.339076238464003,75.94227321116017,14.040863870061415,8.928190934978183,0.40321578892795845,2.306615060329258,0.6550218369676511,0.46377378087426907,0.07016391673191313,0.890114131563321,7.493912625745953,0.4153403821727275,2.050545251716728,37.690279842007705,27.056363336488612,3.9557323264821562,23.09477165990093,0.10604229840693134,0.26333928712423454,1.8134544481147998,8.358205865132154,0.963272724149583,7.233413084629838,0.07655441918456297,0.06220236674578028,0.3768541794742003,1.58221312223537
453611457,3.0307687445402087,19.60868701821501,79.95633078773324,9.730232035502826,8.184173080914544,0.5965000630963003,3.3488451878036325,0.44613319468263885,0.2693637489082327,0.06250381880743922,0.3128169816277997,8.876717067887801,0.7400419242023186,1.4934368552425323,46.102230466352125,25.52195054689426,3.6812388514444394,21.260004431088383,0.2732505839545532,0.6083033887290888,2.060962575723122,18.422235080129006,7.768787494638224,8.134128500645252,0.3782629903696497,1.5054297833617958,4.035484400461255,1.3585681791553734
453611464,1.976381540714026,16.155040647842817,83.79203317724316,11.008012006791533,9.710191030716597,0.36906994470697096,2.6624666092777405,0.44038396599589547,0.26395253850431977,0.06212884897896846,0.47399647478400925,7.831172535996098,0.28949225655384253,1.651198656916907,50.133644192833344,35.95176743235195,8.135150704663317,27.81312262758576,0.05783701955324554,0.14284603464603962,3.238391215372492,9.272979225194083,1.647534394859998,7.492029288298739,0.02586446181785019,0.030189590535906047,0.49532312120610833,3.5317004424053917
453611469,2.505776610415326,7.88789562119321,92.759126975998,19.03406457480989,9.213491830301013,0.4511452766876931,2.1150458178543663,0.26329030053908553,0.15139936210293034,0.03904142096884084,0.280072630336759,2.348467412746622,0.08872770687633491,1.6672444056632834,55.86293484286673,41.51430905176085,5.388498581136796,36.449581906294306,0.07330136966169613,0.2534831699355244,3.8409232261027753,10.943704078389063,1.1101699591972383,9.77403906650783,0.012736127535823847,0.022140663945994808,0.32203416259874357,2.446222722479672
453611474,2.109164808360708,18.96012630772571,80.65147951909837,9.927224265065378,7.020505716689859,0.39809913337190833,4.072229337071017,0.29987630127290754,0.07465856001107384,0.07118169198061944,2.077757854321283,9.072999230844086,0.8134294416474999,3.0509014115608313,37.774725169049,20.983925491904944,4.586962368487556,15.951237628478415,0.17079926448606808,0.36971431768346624,2.074477689455606,12.338596449595105,3.6820044560919847,7.267820372682115,0.3541943775192682,0.7759043460762052,1.4879116583374037,2.5554424703909353
453611475,2.0468285099366983,22.712326853967014,76.91160370704301,8.648984031558069,8.997210094135779,0.3873437145500071,3.20811188089281,0.24220979535435966,0.06727963673301074,0.05562044409908331,0.7366631188360528,13.743408620890394,0.6489764240392226,3.4349724535541024,35.81217040115614,22.594129502884787,5.7951343790550265,16.48903795865946,0.13817915097605515,0.21032935954171245,2.5473049519771274,10.093981719414298,1.5520889548643813,8.336896672965207,0.12566411409140224,0.03064691591033282,0.7774442396314847,1.918579659563473
453611480,6.486957305301879,13.91760872852903,86.00741371364994,2.7863479958664468,54.40031362664077,0.7135566116336914,6.822416071722756,0.2504852002822479,0.09433568875257552,0.05063870209225762,0.6034485219687755,4.798064925429419,0.41811152540958985,1.931549979013599,13.62171190967605,8.12570857815276,1.744232758216865,5.9460341629764155,0.11606996293037977,0.32984587968589113,0.5380916634337746,4.683991365349347,0.31120382795796664,4.33288891170057,0.0220961436443056,0.021866268721338743,0.35584945721876216,0.5275895078721031
453611483,2.2399783416705716,21.86103266470302,77.70247750465776,8.988381391556736,5.502626818675252,0.22110461974935872,1.9660890507787674,0.5039739196523003,0.17324097500599717,0.10755376534228223,0.336205803978543,5.093895036578064,0.21553139912862074,1.6553063685959795,53.451448507284155,38.21307759994969,6.8046635620143885,31.5659737899062,0.0777715333649201,0.17401267548601485,3.076008132467276,10.203482546517343,1.475147279694819,8.599086333850217,0.023433288802660133,0.045921583416187094,0.36104293250170016,3.16315477657657
453611448,3.2854438076182255,0.7869108487735121,100.65355187225056,10.295526092392382,14.141850468639138,0.33158261114325693,5.918302695652233,0.4230491704101083,0.19262294681637626,0.0769401572035631,1.6294042989107302,10.762500616685793,0.7344040810652539,3.34973743621335,40.460065947393105,27.05112573175872,10.540427209946893,13.556544032278564,0.7973470743487612,1.6228619022264024,2.635153191238272,7.984441688838824,1.4135939395591692,6.376395945428589,0.09369418894165292,0.04400081684359465,0.5253298672853056,3.7247752134097056
453611449,1.9697771373494002,20.520008959355266,79.1638328108396,6.278449500859495,7.963550517129336,0.7889489649289603,2.255218434299409,0.09734665435353579,0.03441883173470299,0.019864392598479604,1.5507975177058406,10.59503496504835,0.715197191733898,5.765328635487871,27.13482017753902,15.747758535860651,6.89453942349702,6.539414251689947,0.1776857328937375,1.5837926088657495,1.354646594614287,10.478503159537956,2.390706010730912,7.727979563339729,0.04276111427342112,0.1726921772072891,0.41938297151337045,0.5428272716621493
453611452,1.7396658201187631,2.101369477592164,99.22264992754789,16.195535420234663,5.06442027043882,0.5450202429099186,1.249620083922672,0.2496141050266807,0.21003720575260523,0.01890018446812625,0.5509762074775426,7.154712209683093,0.9150061747780046,34.03203309106483,35.401285629166374,20.455132810449797,4.966788063352051,13.468886813107325,0.25162465684976687,1.5816615565006231,1.3177321794942194,13.36287063676008,3.0247431769134656,8.798383147731661,0.59840570689511,0.7809349251948996,0.6320269317092208,0.8086836597754415
453611455,3.4139400064141854,0.42087205744101686,101.05279544124278,9.394056511034387,8.0129274313065455,0.30579049027908606,2.1886831656934955,0.2260074236008098,0.10948707788353178,0.037862944365075625,2.0541656509066204,14.50505715238166,0.9898270421732872,2.201375289932668,29.216773832750366,19.980256648272956,8.088781629630876,9.674430231542559,0.24582552555909792,1.4522889191677342,1.7747245699560403,7.332104972788445,1.9581333044401945,5.077393197983095,0.07169207315418287,0.10866662478754059,0.61431141046631,1.7666752441409614
453611458,1.0003202434577882,26.293765224063385,72.81390089760706,11.465788809415178,5.360573234811584,0.9855747284400288,1.6841551949023046,0.3159915635009006,0.30566805143630316,0.013222069922712031,0.665174674868346,9.259869940608693,1.3416666765914609,2.650399522851271,37.6744012335042,25.123379096762697,8.659426563311998,13.216607642473184,0.21405111869564078,2.420408249874999,1.650970506151879,10.960144424997676,1.996273717653082,8.531599041854504,0.06549258196544819,0.2518094669831211,0.9414426480104825,0.8916868824081783
453611461,2.9113101503484735,1.045943647630911,100.37124921133832,10.70773693537422,11.191498456032921,0.7094841714972434,6.275836315998054,0.2660778053569006,0.17914411362844765,0.03234553117472029,0.8189307591914935,9.533481260201736,0.6105626453765106,13.801809803613102,47.11186250834051,27.883391393151705,8.589300493046885,16.309594738254564,0.34827684502758294,2.179155363372969,2.108063755671405,16.47486587597675,2.62738426797029,13.571909395791605,0.09065522267266532,0.07637945335301032,0.6497424529521315,1.5090529271440296
453611466,4.144711445373716,16.573743538259304,83.46151269398894,18.4474143509771,4.1444903770757096,0.89002901754644,1.713965237999617,0.28620010576050264,0.29189406131725215,0.00783857452823912,0.5983639953707879,3.835088915868807,0.21944922232556402,0.5978273432147752,47.450571787132574,33.6533832391171,8.858260210158921,15.771582675660062,0.48298583230041425,7.269884288266019,1.8732638693339256,12.160391211047427,1.8591948067988433,9.931781677904768,0.0343735673710154,0.23534575350375728,1.4184345001078775,1.083436630474227
453611468,2.418181365789766,7.820504216524661,93.91077159593635,14.152707589182214,6.606065199672786,0.39340016398369904,2.3294164726043185,0.3572814786147855,0.32878867770756764,0.019650124125067753,0.5072492787348487,6.635432854200131,0.5818956463744867,18.019274404110735,45.028465343265204,28.24951023358433,8.509728870460352,15.417777812773242,0.41569174628160976,3.268211915801165,2.2722623016153123,15.809437772812112,4.28970207948643,10.030511195847058,0.32842394355825355,0.8597778197460757,1.4847955731676403,1.132651768181209
453611477,3.2986526143474766,0.33800766082920436,101.14242983519662,15.910725159362444,12.264225481619137,0.9904825409121585,5.230896184605742,0.2775762627303875,0.14529945219306478,0.04461240127754913,1.922171340422861,12.921895485076822,1.511566424010123,3.699021294924476,29.096240759110206,19.805053635151474,6.275235583917659,11.126808721651564,0.3190395581037936,1.7167170001405159,1.437149303817061,7.392183276444608,1.974654523034886,4.883099224204208,0.1114417519525404,0.290956519034053,0.7226819280369496,2.305959580014774
453610965,2.604042171215005,19.821999524754453,80.89117473600402,19.77299544862793,17.015056016605058,0.6201130025871109,3.1488473178240435,0.29521243580895096,0.1935611207405728,0.035720991412535624,0.5230916186154917,6.295193244163722,0.426845040003823,2.049374901305763,28.76617755587441,16.731689618513933,4.808129019331022,11.111030624791391,0.131626366235281,0.4192066821307469,1.4744239081524997,8.310455001692228,1.485299101398551,5.926750937075859,0.17277686384302446,0.16458601057043204,1.0620133809152796,2.2782171781919685
453611005,2.51454216377255,23.01088601375491,78.19395148332124,24.34219587357074,8.21829468796713,0.9921298439181356,3.587575531508671,0.5947410816251526,0.43518072393669055,0.05467376117384432,0.4163162847449165,11.171246657463174,1.1463668070137298,1.4044838867399227,32.56464369125099,20.308599716892644,4.565035843440793,14.685997638416092,0.08259177495465012,0.6869266418954902,1.4746406432106196,9.659736082611477,4.7151525532747005,4.599328037659583,0.18676486523413668,0.738482891108442,3.0517530286999657,1.3804719714993927
453612783,2.9049671715595293,12.881553778368177,86.04859926029287,8.416262949242368,7.146571729721188,0.4674143549447228,4.876539808939786,0.2514598586165129,0.11486668369306471,0.041051457907903696,1.7031042207259568,21.485531207232185,1.5241551149901063,9.715904918328903,32.569262142393825,19.055615941204323,5.390780917099663,12.787490933112847,0.16385385213352363,0.4206273658794985,1.7420917049308084,10.449377683791981,2.476116749037284,7.301183804429136,0.10350295219180175,0.06684987750203072,0.7524301520265916,1.5350329175288266
453612796,4.123068457452061,2.217664076948603,94.71848679620975,4.979405354150316,25.329587519677744,0.5331336368552109,1.7576975042261698,0.36164361047033006,0.1706250536613996,0.05814279492479814,1.9346120694906572,7.181066982674932,0.3608611659676434,0.9591109827958687,36.344636022056264,22.076500110864952,5.512179096512488,15.608020774665981,0.16218978229368325,0.48621559894686334,2.1921420531171716,11.254223363323772,1.935168952554856,8.307496783415187,0.12844452080981672,0.08058140032982265,0.8690052409566352,1.1955110699468783
453612799,3.1315002604859425,14.49366076717249,85.09954586966863,9.769908795539349,9.247112323366883,0.44075268630875025,1.2379632351614838,0.44101870161162343,0.1828839860657853,0.07836472337548019,0.7140614000396018,9.47771092333091,0.727272943937782,7.514772640913125,41.50113672302095,26.853081910816726,6.577455541286639,19.500940609216798,0.1850984770888196,0.30381559098214583,2.0195125793245214,11.528004603989796,2.20665966996239,8.429329389562671,0.08100373302302856,0.08219687360368051,0.7175098426326536,2.0092944947185662
453612809,2.794616224574705,39.40614121995753,64.50537693301655,9.611272050949214,9.880615915997405,0.6940039128068061,0.776527124550909,0.3184259058597066,0.16877962297686838,0.04672036672043798,1.554608011183898,7.877476965710743,0.5419230166053831,4.90304327976915,20.245450091757437,11.520009277471374,3.0368237169448786,7.976552405900625,0.06861358829999066,0.2806110897525366,1.1111759507432322,6.7415235122512405,1.3182502383602073,4.90807677130159,0.03800358059849825,0.06994620127692497,0.36909000796939917,0.9653399781292704
453612818,5.818797621166816,1.276901612144392,95.46276478077974,2.7722204167809545,39.82664602875688,0.45723444510189687,1.9026786922918264,0.1292949609300478,0.06583095407552195,0.019306539029973608,0.8327723452491839,3.7699303627518996,0.22994355912662903,1.0001333980638998,18.964564653214257,11.455494666206189,3.4303042055551503,7.596330487173473,0.10200592308612162,0.16798243922650813,1.0549332031610694,6.060035745016393,1.0015836979918689,4.444344976034613,0.11016390523518858,0.04813731207984369,0.3196141303607917,0.5777127064228876
453612819,2.439885198038221,10.859330096552162,87.71238736615547,14.443235824043464,7.6378376763100855,0.6064012872886108,6.215941818966029,0.8447405263653183,0.09061245183922634,0.20164233740327844,0.48083310279360236,9.433525726843156,1.1325399474676867,3.8553867334808247,47.023649677054564,30.424790831232972,6.042591190915221,23.121157835391447,0.2575409841165389,0.5916619038542034,2.9888601267666153,12.70863902858701,2.765619691676779,8.491041678149292,0.1838784522486691,0.7623111218978456,1.319836225973327,1.5578607229582457
453612821,3.126375877039089,8.947856257916058,89.70192380772154,7.539886691853669,9.994445037669651,0.8613145398834546,3.0544494257953505,0.4235818554444659,0.08547160921803236,0.0926921148021838,0.5039516292610482,12.932539601388044,1.191172832884451,2.4667779766579776,49.80479698342512,33.28163784976973,5.663357921404741,26.46036323274378,0.26619414728370916,0.503579511431605,3.0162771116188067,13.181043760905977,1.3735942529842151,10.327239788325963,0.10135664510004379,0.15260458378931954,0.6562198042758166,0.8728038497787952
453610986,2.684530331906098,26.432762790946217,75.4583026711809,16.99012361036805,8.811493280348198,0.3651304989049008,1.649543866944259,0.3076214797070507,0.20964273099148736,0.03631326546757651,0.37405776892302733,4.524530671519353,0.2939146624693974,2.654269060985274,39.40624927055479,24.183177230969324,4.623211988098284,18.735491217276884,0.17500312006045443,0.37374480217069617,1.273185406687998,10.272751582094092,1.9643661886163406,7.416742171828053,0.10661139694538226,0.14883514615031787,0.8452463762474886,2.5696336016494823
453611004,1.6390677573092804,29.725431417760962,73.19563580824388,19.331476899845782,8.707155336154047,0.8138082939502672,4.4201256370724495,0.31799800779425497,0.18367488493058434,0.04387181055095558,0.41760662110589025,8.160439753039695,0.5787654714717382,1.8655198946954066,34.50974637597143,20.201075364784,3.5647623358094522,15.714338751940394,0.15891711160866373,0.48069071770171834,1.7244277976940212,11.72156006952565,3.153608833568445,6.669733179331149,0.5193684538672508,1.1784301126890697,2.2065509981539773,1.4281319750300827
453611373,2.468864469944564,34.553440033913134,69.2561470441509,12.122544732661453,13.18140041223287,0.7129094596577685,2.5125167318511323,0.4972872972185242,0.3290684595761479,0.05879147603270007,0.9662146305798824,11.944290340657432,0.4401468289341935,3.5627290936482137,20.01547221780447,12.284382392647403,2.490383501054878,9.370599330143806,0.09124493812182026,0.18842449983354478,0.9050609104710282,5.1071390046596905,0.8619889524441743,3.7995967106038497,0.04340635362257865,0.0361558852987311,0.4792684794777494,1.5379281513881675
453612790,1.1900657456384425,10.992938902949119,88.1496470615916,12.077686013111542,12.03966376806973,0.6149884221220149,8.27318994239166,0.28772421966354594,0.14913896783435804,0.04330774002234519,0.5268550996683317,5.889932145127589,0.6345104685023037,1.9700338208669126,51.533462253224975,29.38355501220883,4.288303400231608,23.68097904906238,0.3831782570244902,0.549436025766309,2.641325461071054,17.82982550473964,5.120863400636522,10.910463055879019,0.27165501124263286,1.335400265798926,1.742535148655836,1.925332712797678
453612806,3.4832273381053054,2.098479643062934,94.73190677803044,3.663821451713863,16.400729803125486,0.43168079386378294,1.673343489683953,0.2661153673582342,0.12396202063825408,0.04296929770517898,0.8593317686792262,8.460563755075945,0.8204729782196537,2.0601899016946077,51.748535125762466,32.34722622428236,9.681271585589588,21.192017136636252,0.21216734648355698,0.7914258243036624,2.9029246762220002,15.158867910687874,3.1570950707101146,10.8737540769322,0.11438250882933354,0.15947034520321549,0.617056840469531,1.9795626700861035
453612807,3.6726528227614015,8.992474020345053,89.07842565953725,6.371385015335405,13.500915051307162,0.5754460512359362,2.740469081761593,0.2267487453366763,0.0755853734080439,0.04296929770517898,0.745029472702971,12.814285024180853,1.044853154650376,2.2873049098603424,41.98250528986181,25.14319465565652,4.8991529191352585,19.249461551859614,0.20978217971311908,0.45653909397294135,2.3938140246979134,13.759553550655177,2.0547178345379487,10.270116122107698,0.12341180073259117,0.28561188333695114,1.1222590735706157,1.4342565081940732
453612808,2.4382948721409217,30.426602610343718,70.84356676425713,4.831915321690763,8.435291608664995,0.47343919954557895,0.49668140762698837,0.41662851188087563,0.19883377983923334,0.06666025990681486,1.834288417424951,15.453561492958402,0.5645010530793014,13.594014885349386,16.655024187405402,9.882438400520046,2.228392972053118,7.431047078058538,0.029064195106450124,0.11967919176895424,0.9299854421548382,4.883930194821694,0.6397413346627256,3.7769345348254553,0.026605949835369725,0.026597668428405344,0.3682414770869297,1.2548633640633686
453612820,3.4245619827827087,4.942036874907475,92.46875718193432,9.47112253623419,9.987294150528616,0.33306724545436767,1.1666371486633191,0.5885365596761029,0.31048233625336963,0.08809493999400922,1.198690231615314,9.027475606441168,0.5383350340649543,2.368697111062595,52.97252964340992,33.395163561065836,8.017512999602582,23.587475291271137,0.3508953021315862,0.8596186442437384,2.7455750240268166,13.503240825541694,2.6186166922030365,9.79149471548219,0.1416924163072194,0.09781311525097329,0.7863061157190288,2.901917364583078
453612826,3.3134158728492347,7.405915284548027,90.6821617604183,3.1963392197982863,7.403938658733419,0.41028220786763875,2.616885719645386,0.33789526783775975,0.17998402356152196,0.04990736520708662,3.1265602829401287,32.61152148712224,1.0951724219856593,12.137439445048376,22.091256076907136,13.353124441280737,4.160078428333466,8.6256727115949,0.091522283095127,0.28668845912219615,1.3244432479333987,6.716506872694518,1.9572484544520978,4.469254640319956,0.05687628088809418,0.043156269485448553,0.9070585874550761,1.143508215627177
453611343,1.960136885686263,30.40313244490162,72.02491135099966,20.842672006622607,8.218619728291722,0.47842527783594263,2.807573828446601,0.3636761262812257,0.28754626917419635,0.03369033750953825,0.41545606050426737,6.200609307932122,0.716596508085774,0.5757378655637254,35.10846558775954,24.460139957470563,4.341532593812781,19.351975307724963,0.15270458420659289,0.36285289343026733,1.9695551484278409,8.749971479421538,1.3050315891980429,6.630121194396186,0.048439073699804235,0.09525528256736497,0.9615603787521569,0.9467436683404263
453611347,2.1650238721216573,17.49405248996607,82.69418308492662,17.93419575362298,7.974319420328102,0.332790241104903,3.6725117998182206,0.3976940224846371,0.2849099396248661,0.04311031533733156,0.6910504016022372,7.8556802504790575,1.1546804250952114,1.1486531878865662,45.46723164192236,29.811852012887158,6.099382189271343,22.835841229711516,0.16540698398404133,0.4187331208811631,2.402591794551777,11.893225975449361,1.0711631809443616,9.458117253618205,0.10601931223041453,0.06590751809228029,0.8561467345069047,2.4285466285808277
453611356,2.5139237037013773,29.719808357290454,72.96102749296236,22.83317573501452,6.591662887577102,0.39096115449247937,1.9094473923370605,0.33243956750325027,0.19290203835324024,0.04570503976893931,0.6355659380803673,5.618804678286428,0.1384937602303322,1.3507818158435914,37.618593783885196,23.831797650543603,4.50992680845062,18.42474639481004,0.1805500195265891,0.42402122150151617,1.8567445506763351,10.807697913304866,1.2650851219497432,8.422025051915089,0.07708117178636745,0.07317714782464071,0.83995937613364,2.1889103491461435
453611357,4.252680018081954,32.38782831009929,70.20153166276667,10.12660358371803,12.852264579550644,0.5183831552462184,4.638252454659184,0.30195183033981554,0.20674276848722406,0.03445183272316227,0.4874998406586332,5.816257275091086,0.7875685529708426,1.6021373421222533,30.428610037694195,20.587762941762616,3.4051736940874586,16.484092920737943,0.12763259861966397,0.3507770815658788,1.64781195464857,8.303553859745548,0.9738390607394132,6.411646582449931,0.0772291929651094,0.1065635954843701,0.8697885002327608,0.9200184327157405
453611384,1.9603135885637408,30.766308807029134,72.50619631053806,21.424611941147347,8.607042916179601,0.4503093363652806,1.8834643179698722,0.3576855533649016,0.2702783106260832,0.0358338055182577,0.4382520028814697,7.178995801589569,0.3502722418849143,0.6975930854621718,33.88321149252767,22.03008959981527,4.273561486024182,16.768308304431034,0.11115830720524388,0.5954503938508743,1.856419448089155,9.751823195462514,1.3693817164380309,7.424327445539006,0.06301915980588423,0.11814115394701818,1.3058681022157514,1.1408356920647083
453611387,1.6171566005020455,17.588666594404533,82.76668960541068,14.925670962475678,11.06993846368087,0.28666901691903884,7.142089217628422,0.18556355653694848,0.11789846267479448,0.022972997465941072,0.955354299541687,9.302548180111595,0.2734369084581692,1.1830560770545284,43.334137002729186,25.234315292652774,4.015528517883477,20.420861412582735,0.2030149623644347,0.3194431122184133,2.052889778275015,13.288119291422461,1.2726386357566943,10.405995531423608,0.20304719489574885,0.08165838251239457,1.293662311829459,3.127522895314802
453611442,3.5731284296040475,8.62815726995245,91.45077655407992,6.300878319334354,16.556986178255578,0.7629214909300402,3.604507595509222,0.5291688531164035,0.5726990601069919,0.03816285207039215,1.7763390953269698,16.436399318312304,1.361404465403354,4.735122549249477,34.760170001870264,19.09271902109034,6.751580976273118,11.946037155000846,0.18737487410398274,0.9134559494069201,1.8387619497444343,12.481545439637589,2.87472567792932,9.163856850766235,0.1078613277147607,0.2232858869294039,2.3493832203807887,2.274289622080423
453611444,2.339725493108066,15.09396739021813,81.74133291080871,10.54621879802599,6.6171723425233004,0.22388993819781186,1.9229282707091264,0.4024352627300122,0.31043135189442067,0.047147913668132056,0.2988342398329807,7.949034656367095,1.8198559642772012,1.0580106692981008,43.02568787558654,29.901485432279205,4.580064849903754,24.04374500341965,0.18576368487429792,0.3953817538601159,2.90356403259274,11.442945635017784,1.1655201162676259,9.795296839301535,0.020385632636529014,0.05062321301454442,0.8592370652039061,1.182122769976897
453611446,3.025566346570368,10.175582869327899,89.38261430370504,6.301351369396608,13.270251239471609,0.4396725624837254,2.776120099397231,0.6945092502038342,0.6255592183513863,0.06591003317465882,1.0336727474329712,20.154895857585025,3.0653022737178546,2.1190612320167888,34.493413678891514,22.108829029964664,5.205006682014263,16.29945319142671,0.15139164797435523,0.38692109742766956,2.0395470061675223,10.242487283873785,0.9468229536004081,8.837804818059567,0.034401075494367245,0.044067884377776874,0.84672936464255,1.6773603468568248
453611453,3.5663920049748716,5.662372050983117,95.05589286465514,18.055793926294616,11.06934469327556,0.5322028718286134,1.3286859529226265,0.15800371756811124,0.07182133688213754,0.025545531528885054,0.5171750708908436,5.7187189025108776,0.28094359305742633,4.60518133835804,42.33451402936783,22.616597909305835,4.357971935584598,17.450848380678302,0.12426996260799422,0.3845239114384763,1.9842701485287775,16.966290158715168,3.1115799797975723,9.476782113324969,3.303140653735359,2.282712613833893,1.5792947416696352,2.2342292560662496
453611456,2.7132329289662853,5.817610741985003,95.52098545945245,13.89408869860948,10.432058626520329,0.5766465637186777,1.9500489611911804,0.27053845199454574,0.14445784803614778,0.04097580448549005,0.8483206718998559,11.218606950412514,0.8141381854976731,2.884327248750262,42.208188662227634,14.561878655107726,2.5284151385353537,11.402283730976281,0.14682661182358156,0.2619854041085437,1.179865419557108,24.093978028729538,15.549220332506703,7.140640471191623,0.6092758782322488,3.0833991830390723,8.905813406128235,3.3090001675929015
453611459,1.847238233056161,23.39445580580762,70.15418560039234,11.596768376279508,7.327858752970633,0.2763480663303468,1.7997752420432866,0.4953732290133657,0.285849530053496,0.07243717518639088,0.5163363737164857,10.08785713786956,0.6776020295830641,0.7708956703503828,31.060220520768812,20.098089024048452,3.3326252703857735,16.07167017932583,0.05176644727217762,0.15763730810837087,1.9043354769433374,8.928987712080355,0.635209927759178,7.865831005235044,0.03138050591293659,0.033415475343029626,0.3833456709731605,1.5042955894606076
453611476,3.004901908856545,14.502133362595842,82.85792879003847,8.669629201064664,9.687017543931395,0.4167221314257413,0.9874092214473845,0.22536027394013775,0.09954519610122539,0.03734354554172285,0.633334629539425,7.406558797450751,0.6662834983608672,2.277254966783364,42.97328293529586,23.196159985586753,4.029826998064236,18.25379176331983,0.1797217252629799,0.3162746162167417,1.655860582557411,16.431001462517848,3.8303592444821293,10.103902971037401,1.2252304272775867,1.9001623641025303,1.9369617534667118,2.7376180736736275
453611484,2.7419082500229126,25.711819294598623,66.8549447365628,8.474448745378695,10.793817463288507,0.40676480154873235,2.400001484420133,0.15213642171688946,0.11137404270136954,0.01858142603519607,0.5359059744515053,5.653778233382399,0.7671305918631437,2.452991784966994,29.958913291764176,15.612694105389776,2.696206866626238,11.631141191247453,0.562379167313123,0.8884970129312031,1.2599807344681648,11.513170925817432,2.027426327391627,7.190691575433085,1.5928941567293253,1.2242611578758194,1.2672675308570818,2.0886997874688564
453611485,2.2232035535763766,5.5476147787093755,95.82945570978436,10.503833512448038,11.592391127367158,0.47124458404497327,3.6736122730364493,0.22911534328491973,0.24685130141864567,0.016205437102055138,0.18882512712969124,1.6928090848122215,0.33345749917842976,0.8660566984207989,58.24186849422691,24.132831325955966,3.7668222311073407,18.290736250405864,0.604270087284928,1.6500971027919236,1.814465422448973,28.770677847531147,14.047959661136197,9.720347216198832,1.945092569924139,6.067712544927495,5.213380527642793,3.2840494185369278
453611439,2.5292557103775795,18.07672172964899,77.4227494061615,6.1887654545801745,5.694977046963225,0.3562495670507358,2.426736115251197,0.15248845946796274,0.027278336403469647,0.030816403529990842,0.8518152434596807,17.290096387124883,2.6720088059339506,2.8073212721230765,32.39864448131009,21.21901778119407,4.195280906004393,16.212505539492707,0.24819726752458446,0.35420655922220995,1.5826097140197932,9.613505151226933,0.9816156840247382,8.196202168764579,0.06907721428919114,0.0350543075022215,0.9324869498744011,1.339282667417115
453611443,3.4419502148656385,13.860973840750624,83.89854882026331,18.18976170392493,13.15173451911163,0.4414940252661051,3.2495257464238323,0.14744258503591195,0.025245253394069876,0.029942476566076917,0.3314036467705493,3.0444189226320604,0.28848928053889095,2.01278278480417,36.73468459200445,24.291448315253888,4.242356102675869,19.07268656879716,0.043039172278051555,0.5272269832657397,1.773098100882723,9.863503603550681,1.102832339584722,8.224234174693386,0.10979449224687637,0.14368546776865515,0.5055618727349219,1.7932670137861697
453611451,3.1146874237590585,25.386242271506212,67.25143072453994,10.828440465166679,9.719302657510251,0.430200956015351,1.5606112882549243,0.16527916442362628,0.038367880091104804,0.03193612245250553,0.43498274780376084,6.087470752728534,0.4814141550649852,1.032613996211784,30.111753594622147,21.968690831504674,4.555942796530334,16.815105663305303,0.07767974071627504,0.22207930793550468,1.5469326572104727,6.767320693116161,1.042579039666203,5.5090252862236655,0.009028291010349757,0.017612450950822138,0.6372253802398354,0.9412635470182327
453611454,4.57376058533243,15.038889651770958,81.83090553060559,5.753654007319014,10.607695163212123,0.2680907683835589,1.1415435371051792,0.15917717673835566,0.02543007912219712,0.03264618811068559,0.6484311786778687,13.098490091935178,0.761114435627922,1.3787839096855155,36.741648110475765,25.476036064759896,4.232260970206816,20.37995939259964,0.06411889803309453,0.17766086166516076,1.7518725101227473,9.822120842900889,0.997946965652485,8.430197432756401,0.017969176971384494,0.01492008383214976,0.8976250610757277,1.0682042105420522
453611463,2.524795104879882,20.360003171411332,74.23892540584781,14.807359148796907,10.499664206236728,0.30403430062251807,3.7434890698656544,0.21785013525057384,0.07145168542588301,0.039501052733885315,0.3929081062234684,6.298141988395725,0.6265156859585539,1.7500445122324753,31.41018196189219,24.625923270947368,4.39399561881627,19.40948474525257,0.10198184493068765,0.22306638451929006,1.9610574811870167,5.372488769223135,0.6897827818941331,4.4677760025539355,0.02654759458264755,0.024167779587589686,0.49351988442850997,1.0811269092563014
453611465,2.6490548294585974,18.05881786950102,77.54646964115331,13.751038359783886,5.186279552240004,0.37895713640440254,1.7852014902184108,0.17185053577699477,0.06627656503831993,0.02958744373698689,0.554497095149774,10.615101270904745,0.7023804357721978,1.830620302345689,33.87776722532343,21.740048950610316,5.1471987655598985,16.029766700684632,0.08976365993891115,0.40003511489796145,1.5321199045098939,10.489619397797552,2.1241967787759153,8.063071312812664,0.04007974630745687,0.07356686324323089,1.0235669608770421,1.5933628052142035
453611478,3.5950673260314985,10.49181249555592,88.44817363622904,8.611444043407431,9.094158000989799,0.37227843953567696,2.1935560860531815,0.1925034171732955,0.041509917469268076,0.0380263009822806,0.6716351338351064,10.992292320597098,0.8615536541312004,1.2269138445227619,44.461333267092975,30.36372044902928,5.402021161989246,23.940350029494322,0.1805273198778223,0.22377143922199397,2.3552212176829035,12.198315376489004,1.0572873367843598,10.561476771742369,0.10653227709893125,0.02018775862955225,0.8062123984624123,1.8169254929707188
453611482,2.421928080137062,24.683246124250328,68.23870159303165,12.750726698141738,9.157072581297308,0.40858626433111206,2.1469393831961274,0.1974319456883219,0.06294970193202938,0.03600534487822968,0.42631621033539496,5.744859837469092,0.21507178071923563,1.3407398973915552,30.393508265077617,21.31264954912412,4.2458628329019605,16.191925724538745,0.12896926452790825,0.5967453769523414,1.5985966483368812,7.5108667886874425,0.9747179998589818,6.239974661364246,0.033434493228309436,0.03353253478297189,0.5474094453577572,1.0747649652739018
453611486,2.568490832204265,25.760641467451933,66.6062587608578,5.7445714461237385,12.26416983683485,0.3255275614545985,4.616176910928759,0.16527916442362628,0.03984648591612284,0.031799571364393986,0.32511341796286436,4.243505667506722,0.2742136555739579,0.9061406041353471,35.225565153037664,25.17135705410176,4.326623892654382,20.007456476947002,0.07714267763971343,0.1882366822057188,1.8465296127459574,8.399252546533,0.9024951891822383,7.144620846655831,0.03875069569162739,0.022528947428397797,0.7326298621812429,1.1920633074493967
453611440,3.0976642966556005,14.656077798647274,82.71656389066027,11.070452877015793,10.972075440826453,0.49468073851159183,1.9102848171392008,0.45852661106769277,0.3851009460578307,0.049168869772182974,0.8898361820305762,10.967180556306532,0.5233233112120383,1.5035233923544524,36.68433299690403,22.96486564667739,4.505467134185071,17.694334866037224,0.1264182149142406,0.3265684148762182,1.7898979301650864,12.139376293139302,2.561895413705898,8.960010813694817,0.17866347870349522,0.35041243870671746,1.858988215924641,1.4533006322266848
453611441,3.6372154963464762,15.56263148838872,82.27970275888126,12.447974658299223,15.485920636748572,0.6049399522716422,3.4576118983074924,0.2880229936311867,0.14778471114243832,0.04455344299401262,0.47426173213619327,8.589693396976896,0.5552395298836386,9.100392474636108,25.673849707315107,19.092100114220173,2.574533954236078,15.645279555440332,0.08721261032524351,0.24943543040041483,1.4941848061303633,5.0812867023995905,0.9009736412044979,3.945753994864614,0.038509050125112944,0.10985528962533689,0.40676434436463577,0.8849006995491602
453611447,2.4991238650768066,13.657775813529074,84.09845248854704,10.505158052622347,12.22815951784305,0.5369386750628006,2.048880231844644,0.6857083064270015,0.5357339144815414,0.0797836237267922,1.277314276583967,10.78851652840314,0.6351830296872633,0.7147986012842212,38.53234366814233,21.01486692930503,5.378749225034273,15.057639056152503,0.08613848417212029,0.5985785191793714,1.7377823307246358,15.794763910796032,4.70210479919552,10.358392934227927,0.21696430099603592,0.6876606851804192,2.426425333412972,1.3365987222995401
453611460,2.0790076534059114,11.599335217882018,87.08538279273701,11.215206196065491,9.895629047056296,0.5448316804531126,2.8756269744399274,0.42731259713919273,0.22393291113086644,0.06462645294641027,0.6699577394863905,10.608514578631809,0.7227741857221021,1.5113769820237153,42.69018912667284,32.88364397856134,5.098954658813057,26.435466630478903,0.15864199950793686,0.4110339682601419,2.7503784924696824,7.670933873711643,1.4018672354766315,6.022070276908596,0.04140879692328637,0.04336552773812321,0.6883206676394177,1.470795978178284
453611470,3.1605679374496605,9.643715987743391,90.00733921512759,6.0795855002119685,19.434086492186506,0.571789329632332,5.5331650969429775,0.3956291995425949,0.13854342473607573,0.07096242343478612,2.421996136720227,12.751042074537802,0.40514153025234323,1.2833168976020115,39.00818409701674,22.48768844977607,5.906246462680346,16.174403954377137,0.1385021341368767,0.2872263624653422,2.092294857247632,14.731889802851335,1.8005128056446114,12.36221556951947,0.05167873350015058,0.037512555741009326,0.706949157837182,1.358865526237939
453611471,2.5748631257724046,8.136699904043283,91.62431701792754,7.466473672728027,11.219870586072695,0.41538639205199623,3.4477673772072444,0.1564782206467936,0.07847506309471862,0.024180020647769574,1.0466725536355204,19.056564921072933,0.8501331541592541,5.6733715280487855,35.63891246742575,27.469269847777014,6.15309901768676,20.527489391365997,0.15340563451146122,0.46222093967644295,2.229674106379218,6.56497511669217,1.2180642397655936,5.110818362123213,0.07125202438782122,0.04090727949933538,0.5455465963379806,1.0672101567948022
453611472,4.104031516595306,17.354239855083478,79.06858142484036,4.822218434741033,25.818812628831942,0.4283794932329713,6.28906989358158,0.2339265258829216,0.1986117863774328,0.024453122823992673,2.818280551604376,10.675204837895286,0.3159188742215122,3.750465995131796,26.159867586262994,17.58656494489727,5.504991513173583,11.984965238708941,0.09540282224280795,0.19599228393546142,1.1917878790478178,7.425682794362865,1.337860783879686,5.856927039563662,0.02787664519847704,0.038214912380663005,0.2995174650832207,0.8828131866799352
453611473,2.9585662313396464,12.011339710443762,86.48940830504992,11.273202133697822,19.341646209717137,0.5779823030924228,1.8220701868879647,0.5405514070677738,0.23409832617786527,0.09057115968760451,1.6466205990262675,8.13881372748107,0.24046199940686644,1.6539655321227948,37.11901724609531,18.326600731086646,3.3151978838076195,14.201055914855868,0.16428116181183372,0.42880134676827947,1.3530120471608236,16.633257465866837,2.1120243949539925,12.260673650762248,1.4280918803664686,0.9695398165614232,1.080317325658089,1.5057866700814824
453611479,1.999627082099948,9.928955398213274,89.47955616568682,13.862205124413562,12.998311244326645,0.34216358820033294,4.151457606049435,0.48293456180877553,0.38288303732030365,0.05386622720322025,0.7903107840067618,4.65013099829376,0.1418582183990793,0.6795084451080541,46.16105670524302,25.37029140522794,4.69653079923093,19.663963661892126,0.19878746448091678,0.47293777115754165,2.1675328023670346,17.972374937110136,3.8995389592033916,12.446735031504208,0.8046463187591829,1.0038382324645108,2.017263852283503,1.7707019937235957
453610976,2.9796858328797646,12.312325889477526,86.30258244684082,10.578291592246805,15.982062809524454,0.9423962904205186,5.186097470702884,0.38718029351683547,0.10139345338249797,0.07445813129044176,1.3228834897240842,8.530619000654001,0.39351709278089786,4.444743720828819,36.66701347660354,17.01531390373006,4.919367565416227,10.588678516491132,0.5552630815486816,1.961308248565412,0.9098036477599722,16.247107939543767,5.772970265929198,8.540885746197342,1.65801763690497,1.1590590498279707,2.8546810169951478,3.751453490493856
453610989,1.9063184977093375,31.00460301143458,59.21013441078922,12.931621041947638,6.572607848138814,0.5107096109965331,3.0920134088198745,0.10731028141355477,0.02857211650036041,0.02011079822204542,0.23383520882023662,7.766562696993414,0.5684954673510764,1.3612408262684614,22.814611167810323,12.381204505696175,3.5133812738579673,8.127696307377985,0.14414129644077353,1.0665938308342007,0.9322937417992655,9.036923267454814,2.836991288081359,4.754786480175467,0.8435512549680095,1.1468848680739738,1.2774466701437173,1.1079663604320504
453611481,3.9658437789319447,10.999088533081766,87.19654417837144,12.372381258351043,13.78170814561182,0.42400798255526,5.931289112026511,0.32745122175139735,0.0910432126073718,0.061704259660823116,1.1144672418961243,13.138936499173676,1.0286804349706657,6.193544350298647,28.048498781917406,23.354953805419033,5.978400093695996,16.811882318794446,0.2191958613902578,0.4022912899466139,2.0478565991458955,2.616414824561913,0.4435963190957394,2.0555837824022554,0.037059176726026224,0.030488989344472674,0.6120103881507186,1.8010206330147194
453612186,3.547093058739936,13.076080116352019,85.02126843595664,9.44391754296189,19.998248156391348,0.7714216505811455,3.345365054782123,0.4473787489503713,0.35737708683874275,0.05067093174141,0.910104697077561,6.503461536591154,0.33641459292116593,1.2951482794414202,39.191913853606515,23.03400638560213,4.6358537398643085,17.38183574820216,0.29559308403114604,0.6193071274388652,2.6956435648077877,13.837502648980811,1.2779117935567152,11.825288326049273,0.23387949065204747,0.037395496301067054,0.5142773449345903,1.273973336222793
453612195,2.3517418181222713,26.264322352337626,65.42105627480782,14.950977147697193,11.584112893116169,0.4663873499586274,4.339951230645348,0.27933939577137845,0.10102380192624343,0.048868457378337574,0.4261764274730019,6.03930556548269,0.6303904984490357,2.394854822480245,21.848289066096157,17.928024706696952,3.19809434716661,14.139151170275472,0.05297483919444124,0.17103334745974438,1.5506358453856173,2.351368095638238,0.5978812840386141,1.6677088967408187,0.03585094889345396,0.04324846829818092,0.5516673859743889,1.4196022101949113
453612197,3.619099976059909,10.63720046832378,88.6584565188578,23.409396090834743,10.094030727938314,0.404457615357718,3.311777865145985,0.423088144126313,0.14427302230802055,0.07688874065882736,0.555894923773704,10.17410163981832,2.6212283685586892,2.602311983354013,28.35355445648848,24.10993177175967,4.8739926015816435,18.51256847264053,0.07781400648541542,0.31881281314647564,1.798478488131885,2.3436648111882765,0.4623620774878707,1.8071914156675406,0.013498733990867123,0.01866598591030263,0.48739909479210175,1.2486249656679191
453612201,2.701853833308894,16.66993850155641,79.91106225322005,11.485507001637387,9.498135832438019,0.6671125485768689,1.7340485864622235,0.2771098233479141,0.10157827911062521,0.048841147160715234,0.40814443822430524,11.060423418795285,0.4381794051711882,0.9861044262223847,36.321515829372025,22.947801500114117,4.24437512916968,17.90823270178363,0.11634828222871053,0.2915977016221062,1.9369415972171722,11.227791108868862,1.0671266803737478,9.660218140037344,0.06750651810684721,0.023933660707705126,0.5016365837289645,1.3743727646950386
453612202,5.138527861000085,14.053170700893308,83.6589965531818,11.227789327721442,12.062318891681585,0.6928558892345018,1.4639033456819062,0.4632204477486702,0.35460470091683394,0.054794774602378776,2.1882791907991344,15.777112588618111,0.9353790289498539,1.8272544782017195,27.239302225197413,17.671708847179275,4.537877822638346,12.669306073322621,0.16629514834893974,0.3731020252546736,1.3846246291437658,8.286211325883567,1.839160124279217,6.2005096620807905,0.056874113180211315,0.08117572683947892,1.5804257571459281,1.1080657658067754
453612204,6.77138257145314,13.487653190596948,84.47438763212112,7.067314030198165,21.705220058945095,0.8791308164458641,4.6946435349924975,0.3282726431705684,0.1350317359016579,0.05580525265440422,2.230214049517034,14.411711863851814,1.1107652785190305,2.178830109240008,25.69652578028586,15.888638154218572,4.0295082044073185,11.522456626329939,0.11903359761151856,0.2103753998706204,1.1149241439978637,8.411434484732942,0.9625456160370587,7.088641523637884,0.07040626490502062,0.01573949991174569,0.8024867004228596,1.071981614781602
453610963,2.9009424909306154,14.806858500375368,82.48552257934166,13.042503976539958,12.073632478491271,0.5482317443135546,1.9691589139151895,0.20822777005457002,0.060546967466375105,0.03887291772857219,0.633893760988997,5.885341633602808,0.43175537393696833,1.9058923695653751,39.61633137684647,18.95523328064536,3.8397197139891306,14.274366340013154,0.2594755921323782,0.5101646594603061,1.4949073794328305,17.548783865437255,10.17105541385369,6.685776713355906,0.5485020182538644,1.42373044353746,3.716115627997482,2.8629682512018464
453610964,1.348833843262412,43.0507371566958,41.795265829969836,8.376148942442331,3.8842512751304232,0.4201221952861834,1.287088025528444,0.10684089774545699,0.018776352909616042,0.021367068232671666,0.3083394744757046,9.450080075129174,0.8333083104505832,0.8394360892821291,13.278876104220696,8.30393446028125,2.571027224009986,5.634563303015478,0.03498322612962748,0.18259624458408788,0.830681871139808,4.089712762154548,0.8872797094048345,3.06947857086049,0.027030885715676457,0.052144985733794044,0.3450242054234738,0.467596936453629
453610970,3.3879677850669725,13.987882728948092,83.6866052633394,7.945011115704099,11.724704904812118,0.7806503953452026,2.122714140096499,0.23087553204028627,0.10231758202313422,0.037971680547035966,0.6049587084736463,9.60836652381317,0.6968741232857236,2.9780603514262665,39.344307777075294,18.49626962878048,4.742118292170126,12.862541444255806,0.1834811667989111,1.0694140496450162,1.6088029962342312,18.62903514993186,11.93858698132878,6.128185393007675,0.18011335210258195,1.923691311530928,5.13400985333589,1.809072468367444
453612187,3.776859758253986,9.88149938336323,89.6067015414125,6.954349675331928,11.954839816989589,0.5880610638215904,1.2044712602165641,0.5463013570019711,0.36070394994503335,0.07320186127981552,1.2193043886908728,10.16586827447715,0.5749194985852962,1.2718934944467206,46.20712305820722,29.403088571257772,6.785691897563286,21.755253050567223,0.2128853702406589,0.549506711871182,2.896970551207726,14.885149334175573,1.7728206324497366,12.557084589586493,0.013740379557381582,0.0371613774211825,0.7858541198891413,1.4798418672782585
453612190,3.9745829243968207,11.257076686539277,87.5811978619953,12.542584670750006,17.988844762534832,0.8447658852849675,4.366492831650918,0.47073058643823423,0.3211512441258013,0.06052992030306382,0.8729224556810234,10.816509970563116,1.1827552158421926,1.4332490640152065,33.833218562282475,21.69619497809539,3.7375994792232405,17.04214482667291,0.14857206682240678,0.41159801202230506,2.210074305549794,9.938924132700302,0.7991313632277416,8.638023845292029,0.056390822047182404,0.07251332828375032,0.8125993093873601,1.3416683964105147
453612194,3.3500071219539147,10.511370125918358,88.66426887889095,5.977879736827374,12.471539604822098,0.49468073851159183,2.391218627360108,0.49056204641536383,0.403583518870556,0.05389353742084254,0.9590286989151102,7.723234611885506,0.2902227492846328,0.8840077605219707,48.82353120999371,30.27026551163356,5.923567584706195,23.011117661914426,0.43200710547779353,0.7039136917633297,3.085110574837637,15.783298557196083,1.6146810792965862,13.402109831754574,0.14688708670684478,0.09639345403197497,0.6650350548922122,1.7326297352039224
453612196,2.4783683945977244,14.909032738408563,82.40300782529933,11.782109390670598,8.576354448590493,0.6497479367181825,0.9696504775018403,0.3006963526698259,0.1026872334793887,0.05413932937944334,0.905352079756199,9.306407849925757,0.48610471755346324,1.0348578789744305,40.22269313911944,25.222107417455724,5.930049722396849,18.670429703813493,0.16871193219346695,0.3264274039356774,2.270680141294235,12.681382969961593,2.595470905748036,9.366178488723694,0.24209543991353888,0.3972362146836284,1.3657324076166937,1.9036069797309147
453612203,2.4613452674942664,14.748688930657663,82.93442359976076,15.463858025192904,10.96738444141756,0.30221283784013836,6.041798687122424,0.3584305438458486,0.2128433674432312,0.051353687181967755,0.3388121384773781,6.9553703767546295,0.7985369667859964,1.9073202949597865,36.997780603991835,18.955852187515525,5.649830097966411,12.921884043199356,0.21369096485550132,0.4649001475467176,1.2999029094294805,16.185302517794074,2.783838545392295,9.797498749132798,2.294391236320779,2.174198513007402,1.8475450005174425,1.5886907526021288
453610967,2.042048350710704,18.569689059667027,77.84933511573895,15.64238711868754,4.713454405937732,0.3492065776255343,1.4845575370098762,0.2108093802291076,0.09011908396673553,0.03510410769669346,0.6949788718547371,8.111746538921974,0.3382500304166573,6.683832733936896,32.22571710593866,17.443420627353593,2.894602785781198,13.885002853072931,0.08801820494008591,0.19768441522195074,1.6088029962342312,12.022752149489884,2.772376217293317,7.2313422184718386,1.380487703763122,1.1802468084575233,1.323153001450375,2.2296566088289
453610972,2.465259676400409,13.913031650980072,84.10831274217477,16.352246042105776,12.277139070494725,0.3159345241340654,5.820200447454112,0.32803795133651953,0.16977897278958137,0.05061631130616539,0.3266510294491873,6.432757511723856,0.6881048108072648,1.7975740289321684,37.06205923603492,19.208277775277853,4.577939558857638,13.955172583578605,0.2652490202054154,0.472796760217001,1.304238349244284,16.175539052619126,3.168688747228762,9.477205557523288,1.9860514934483382,2.4588870709470205,1.891920725381403,1.5935616159636534
453610995,2.1629398629748313,19.31985360956174,76.59012883140956,10.152735756243171,6.97382626817004,0.8050579966290903,2.2550360854733533,0.38905782818922635,0.08937978105422649,0.07669756913547118,0.8242780195682603,11.0528075558547,0.43563018642745016,6.020051414877665,32.11180108581789,25.229269054096275,3.1900182411913676,20.85494813372583,0.16159584642902572,0.25437081331934186,2.035301888015527,5.2867673364485634,0.5007050865269282,4.553396419454311,0.017123417488583918,0.02112423414909047,0.3951880683131679,1.581831781746104
453612166,2.519060040668556,25.89538778840494,66.62431859381799,7.95125537652585,9.473853011968451,1.1241782761020114,1.4685360614937875,0.4338839684925611,0.28788261306289575,0.05706152266503048,1.6647923711373573,6.022633000666819,0.23301828067515135,1.6439700543619151,31.991903581881996,21.68443574756216,3.070364355295018,17.67218470375746,0.14602101720873917,0.20600406071385644,1.6364414250536037,7.725842168686368,0.8804834617709274,6.520040654133323,0.027272531282190905,0.042194933338700426,0.5807411367473283,2.087506922972157
453612189,2.7055861766845184,16.213066504045525,80.66957523754907,8.469245194693901,11.872609356763105,0.9359604552561104,2.635787416262332,0.4337666225755367,0.15111157424872887,0.07748956544651817,1.2037884909652499,7.880594806968619,0.21925249945896594,2.2896983166489493,40.06449628359121,26.273718605142278,4.2201468112439535,21.130254814897096,0.1107091199248137,0.13676768890833627,1.9720767240496424,10.603645922271983,1.3425268643447565,8.823492404156339,0.05590753091415349,0.05834913605073476,0.5201320132824592,2.90243218496767
453612198,2.506679584593314,15.812422693826674,81.3870903252155,7.222379840605001,11.497467374622497,0.5623177231639576,3.5017192134331108,0.5267045888588903,0.2636704426782257,0.08232347396566697,1.2812281967309709,11.397991397783256,0.5323985299397458,3.235698890446492,37.11705317678288,23.515073854258816,6.229396966242335,16.912632497223683,0.0968797457033524,0.28116289202208894,1.9798443870511657,10.613409387446932,1.7091184904483394,8.535465660458842,0.04128797414002914,0.0602220870898112,0.6660330097242353,2.372999159182344
453612199,2.7757724386993097,8.597598472511134,91.38113202582528,9.234261755370952,11.835219332062811,0.5828395371787687,2.997525309240049,0.2272378086125287,0.16238594366449133,0.02773034893866983,5.143848033236683,14.474388357511469,0.4302258426907255,1.1802002851913038,41.37087020398881,21.61741697504943,3.3162605293306777,17.421838280080546,0.16710074296378213,0.17766086166516076,2.5464321778483,15.82387516017088,3.0058831136105404,12.227729692132927,0.14592050444078694,0.16815089071659114,1.9704930358226882,2.601333304925658
453612205,3.0442280634484904,17.264936263502033,78.98606667079801,9.440700802538563,17.636605895155284,0.7805289644930439,2.4307897415865933,0.7471975669478063,0.6139151974793693,0.08194113091895468,1.3019160603651345,7.595205780830309,0.3470193428951161,0.8874755793369697,34.600098352907445,19.71701922255786,3.208614537844886,15.618666300760912,0.2081860683207449,0.32304314136269885,2.25053841048796,12.648151359136758,0.9405338886257479,11.059701215486086,0.11668139089253823,0.04418494381771916,0.4896611257446874,1.0252610886608542
453612206,2.4363112570480054,13.08362993689635,85.31344331976699,13.478183083875827,5.858058261707691,0.38150718429973407,0.8207279671324121,0.24343154516190094,0.18937049997107014,0.028030761332515235,1.197078913570386,10.092797157074264,0.44949793639338503,3.475998335391722,40.35874957694393,22.100252749049442,3.646211964240239,17.532010542464608,0.1638783645044125,0.325440327351892,2.2354546927989563,15.067520114874666,3.919521955977715,9.399122447353019,0.8776232798465473,1.3261028706256006,1.6723706623363226,1.9575840982065873
453610966,2.5702204547441885,30.89034906053046,59.51538710467422,8.730274219045617,7.2362462939263645,0.4649301797327236,0.7513337448669429,0.6587187455113812,0.5614246906912296,0.0697061534241599,1.9677018339429841,8.24070162357805,0.5258725299557766,1.9437323925172767,23.044496553242137,17.41415517392125,4.985995439711974,12.045878184978301,0.039279730742120315,0.5645948825090449,1.1784202729521736,4.130737230504343,0.749427462621556,3.256386839999091,0.008424177094063633,0.02451895790741651,0.5800093032038447,1.0604505913135025
453610971,2.3157838758449145,37.55827866222566,49.606766338123364,4.927330158573854,7.894227946309067,0.3070700719264843,0.5314727736280852,0.7434424976030242,0.8846848891857944,0.04165855992604779,0.5904212907847745,14.024949526950344,0.4907952800419412,0.693277725697021,15.051716486319739,11.511728768374041,3.493722331681392,7.677833123464671,0.1340713637552435,0.48407763546026283,1.2168973013085547,2.5013134231874887,0.6421076119249343,1.805074194675939,0.007699240394520276,0.025689552306839288,0.37196898588809724,0.6792309792431445
453610992,3.6816394857929344,8.358161306676823,92.14286256660124,15.162146695487355,10.114450372424082,0.6161115906702376,4.300090571680622,0.5940611452309168,0.48860335380909214,0.06541844925745725,0.5887438964360586,4.450266054636856,0.40340806150660136,3.097598105872705,46.79116585102078,26.722514501282927,3.882331799463763,20.842881254274907,1.222295422638195,0.6236784665956292,1.4391789134800435,16.770841709066147,3.1063052801414064,11.167594797218108,1.9173033297749766,1.038839005007252,1.857923730770483,2.0585799589271825
453612161,2.484194491574309,21.94481835824439,72.24082285230125,10.19076898124839,6.506244003560061,0.420607918694818,1.3762678049071553,0.6794889728247063,0.3616280785856697,0.10406240719302552,0.9826520026595269,9.700477298567506,0.2799239055599312,2.4035243695177426,32.9796518942772,25.03767317014497,3.6259154347498277,20.393018070361595,0.07982799302252147,0.24435903654094687,1.4965331693633817,5.906523442370463,0.6150240579211557,5.050350530603068,0.011807215025265959,0.017378332070937575,0.3854081109593415,1.3823251946730382
453612167,3.0534223727396625,19.355229911540864,75.89046599241641,7.233827652111548,12.02161757328089,0.5203026483170662,2.1601619262425382,0.30656364852104767,0.2594194509312989,0.03193612245250553,0.7784292407033568,7.537983891709178,0.33284568667993275,2.085912963932239,37.10169772579481,26.3119140005585,7.158149153395173,18.718862521335673,0.13017765645017185,0.3927025459898413,2.46992972944958,7.773853336886127,1.9721434175337265,5.60277583173179,0.07499753066879522,0.06677741572657875,0.4394307325328584,1.9362119426407132
453612169,3.7664820230144445,15.463620984678847,81.53551309034827,3.7044957476474534,13.907675276797688,0.2634763960015304,1.666970722102695,0.537383067308114,0.5464538067129221,0.0436795160300987,1.902283454343061,13.87530811187458,0.6066317797573972,0.8806419363780009,37.7897469162892,28.466947722491568,8.360426298183185,19.763556742291822,0.1574336075856733,0.42344293102772995,2.5642255454215563,7.4584665398127035,1.5197364854855864,5.7454765265657475,0.02956816416407821,0.0235824823878783,0.502434947594583,1.4000193513740873
453612179,2.9507374135273614,13.062706148530642,86.0447627625122,6.645921034742368,10.410949129180308,0.7024489265550348,2.9941472872938864,0.20447270070978807,0.07514819998842803,0.0357595529196289,0.9142981829493511,12.614676961074672,1.133912184712172,13.947077247281433,31.708452669747615,21.019906599533567,4.341607194529503,16.023981210536935,0.125881151837679,0.2925847782058917,2.0514694656582315,8.625066268606874,0.9883104951267959,7.255901981974419,0.04285867032237308,0.060807384289522565,0.548008218256971,1.1893793623318216
453612188,3.0270228708145135,11.495938627951166,87.55846738257988,12.109838473800117,10.823895047733762,0.9075456358509872,2.7954230819467356,1.2975499177924126,1.3652317823166509,0.10124945477792764,1.1721975640644324,16.712937476708863,1.2764644968620027,4.2936896130342985,29.824195992107246,18.10821502118369,7.0433834369048895,11.094660954837138,0.18979165794850994,0.4062395962817556,2.506600324549793,9.508615080402457,1.9459727923165917,7.322128654591722,0.016519303572297788,0.044067884377776874,0.6872561824852598,1.1503130500648984
453612192,2.3559293253241913,6.699573587667789,92.1647627088691,14.508959169527127,9.782493178959461,0.5063381003188219,3.83488869223756,0.3495122541519914,0.14649093104554756,0.05591449352489346,0.6217326519608061,5.988361617434199,0.4344065614304558,3.1787858640120956,46.8990111114486,29.773902201756954,5.076001515515001,23.56181367411623,0.19274550486959877,0.34870713254111974,2.0227471768851584,14.146171465429271,2.2135623633352,10.742033377906163,0.6853942316843014,0.42076516211202625,1.3357937626560008,2.1434721489423287
453610959,1.992162395348699,16.73759927424412,80.68358717691473,19.45630594060359,9.62948381588703,0.959760902279205,1.979872069230165,0.5385565264783584,0.3599646470325244,0.07150862778723234,0.4005961636550833,7.0197964605492835,0.68698315456002,9.14904393271712,24.838227490755177,12.115251382057268,4.615663474926204,7.171602735540906,0.21973292446681938,0.7316928470498621,1.345334705822109,11.076770904419615,3.5325415869724113,5.751828189540552,0.6369442955981537,1.8320337700561244,1.2313411569042503,1.0304301681465537
453610975,1.8600738529576983,7.442188317018172,94.2196395648825,11.517769015883102,16.217854515106772,0.7428854003238637,7.801748121073506,0.6648207331966518,0.29342738490671333,0.10993410398182211,0.492713069972069,5.6689070421968,1.7863082456096089,12.011422380485772,36.44944816231332,17.98010129905843,3.1805606960361494,13.23289546356787,0.5631847619279653,1.2876989856021344,0.9849512712165666,14.419727636477896,5.466023320553039,6.4588953118958665,1.9141619374102894,1.7547745396942214,1.116842472510134,3.2670510994589534
453610993,1.616652238654779,1.4997605181062368,102.04670889455346,24.745005636602492,7.3686980419421735,0.7006274637726551,2.297599161995011,0.36242030502467937,0.13484691017353065,0.06380714641774098,0.5533788322506301,8.25027291078716,0.5897049672989768,23.359961447241286,25.99363590172938,16.801083711383967,4.9260622322114935,11.607833930938142,0.09231470955257874,0.35801385461681084,1.9447995818815038,7.709092003661452,1.1863146052967442,6.260045916364631,0.013982025123896034,0.03973668509991259,0.27969142908702865,0.863926165482186
453612159,2.489019228133043,9.344527385029705,90.6461798580593,8.838697293314215,18.3187323974367,0.8707520876469176,2.110649776003059,1.3794573678754694,1.3720703342573595,0.11992964363158748,1.1656277695319615,14.376411309951543,0.8472780291662675,5.016525846619548,31.267697660863394,19.19536914627144,8.964965336250975,10.495532125113161,0.1570308102782521,0.6469452717848571,2.6929339149235356,9.759419690401202,2.5734591783367247,7.017418209480402,0.03379696157808111,0.052262045173736296,0.6448763672853458,0.8203866113526381
453612160,1.4039086662441873,11.530955414666272,87.1468277416591,19.834462160369377,9.126167173426952,0.6155044364094444,3.235627598988189,0.4391645347586608,0.3320559620853092,0.05252802653972706,0.30121054849366163,5.948326878462759,0.7568317481384421,3.2627274782692792,38.16800881068709,18.234295192164097,6.8185276442257825,10.977794053853595,0.23436789330312313,1.0584151962828359,2.2986798567648408,17.555233126837226,9.916348282379953,7.025971782286472,0.18434214951658484,1.6086843586462594,2.3026789342421083,1.0862959887420014
453612171,1.524982244038833,6.881991632629246,94.83606110482907,14.488618016850207,8.630990794647015,0.5544247177736455,2.2636259127078833,0.3682876008759011,0.2218998281214666,0.0529103695864394,0.5865073706377707,9.080401971310636,0.7528549668982107,15.248937228300496,36.445341471932785,23.530016034410064,7.048165341758652,16.198950962575235,0.0972825430107736,0.43571088285477727,2.854519369687775,10.878814408670607,1.5704547514102658,8.940701758251413,0.015673544089497202,0.03189370262378001,0.30849905857142856,1.3125426216160911
453612173,1.5945312766968098,12.681691871727036,86.21363257990457,15.296682133192366,11.428620059768443,0.39862893445410313,5.88920861006859,0.6063824665184825,0.5545861387505212,0.058317792675656725,0.7225160957461576,7.8888281723097915,0.8368772166918164,5.221229151375524,35.5917748039275,24.378183692344912,5.248362619355036,18.311150765641315,0.1636098329661317,0.5032551233738081,1.7644272212531158,8.450309199282746,1.6435904908736536,6.444328831473645,0.08091784704839929,0.16101026488011222,0.4921892779858126,1.8576816966079666
453612183,1.3898896203942808,10.661575603224028,88.40177854810716,13.040706386303393,12.347090149915578,0.4066433706965737,5.609894452577259,0.3064463026040233,0.1346620844454034,0.05078017261189923,0.9313516921612968,10.427792209393125,0.5254646549567784,4.292465676981947,38.138726322756355,23.597918959594473,7.69287238059804,15.771237940941694,0.11164898030879652,0.4031373555898585,3.084117036546745,12.440879263587792,1.9683902658553003,10.076633164665571,0.026185126232875874,0.03364959422291417,0.31129333210109317,1.0551821064530778
453612185,1.819291174121607,12.200588545421516,86.75636169800207,9.805990060611043,10.057606497233966,0.5220026802472872,3.449311615811205,0.5170822236628865,0.38380716596094,0.06195005161942391,1.2928301743095896,12.518655337783278,1.3084826842833521,5.7670026360537605,36.531939073435254,25.231833096844117,6.6562616728548,18.08088825776285,0.12923779606618907,0.42555809513584153,2.0081150675101966,9.106700692879462,0.8716584835000332,7.849994192217862,0.023043733868187994,0.022763066308282356,0.29632400962074684,1.721198117110548
453610980,2.2021630504700846,56.40878287817503,57.776979287834564,14.886739746410427,7.3618575682511596,0.46154069155629057,2.415463976303326,0.3934377395517779,0.19918938480260137,0.045668990093017,1.4681953514091997,7.48147124132907,0.37820305405117144,0.7447237740018711,21.912939463443145,11.856940488312954,3.002519772808245,7.915896927024171,0.15518235150741608,0.5234671140705446,1.4523138288731878,9.18342776084772,2.4851327207410647,5.5652696679076845,0.3546859932076162,0.597857174561046,0.9189281658706013,0.9754547414195149
453610987,3.839475876988559,59.339708057915985,55.822450952598,15.183675263999692,10.437880324140647,0.3080978832229047,2.9216549943035197,0.25585910849005633,0.1289117200259366,0.062140398361140645,0.28603093612331726,6.6429829530458235,0.30844962165786827,1.6003609749919023,15.861021775821742,11.037050673114251,1.9020041067924014,8.832101062769558,0.06486789371515737,0.2347106065421215,0.9689436354040142,4.173077960376873,0.6014765741079573,3.809334106186762,0.009817965500701124,0.008668647053207346,0.373151141577163,0.5698233939928583
453611003,1.7897506661592448,41.830999307502914,67.87563100523812,13.512349492552794,5.469551030799603,0.41782630440710217,2.059464255155949,0.3599726671313592,0.1815826662385962,0.07586657191791038,2.005493299199811,14.448307585955128,1.4094490630832204,1.8626747446993792,26.702480242774836,20.35771265178699,3.7189025907587214,16.243345800067118,0.11564710693168836,0.2888139009035655,1.778404522678104,4.397083170297052,0.6402861299682016,3.8613023342863935,0.04967744912408982,0.0672794721102607,0.8003686030548577,1.4727904455239
453612162,2.5461452424788225,20.788819447203327,81.70554184640496,10.830686705297225,8.972048615581292,0.7944425629231865,0.5091994596176169,0.3923613775733435,0.19849307389894016,0.05115945951572488,1.6599804906547841,9.94737527852395,0.37159597427478713,1.7412622227681644,43.42187121273721,31.361404573775623,6.325618120253729,24.17747185348412,0.2682749135139473,0.4663678718128644,2.747600733440129,9.655102210990355,1.3577986842456393,8.728363115035414,0.057155640040681875,0.07284108324706137,1.703839492500611,1.7121947084986018
453612163,2.449090026072883,44.09572135177235,66.2075702304516,7.2501296274406934,4.026185339209833,0.16261923449159765,1.7535700542263586,0.16221561636625295,0.08181126104256678,0.03468805124760122,0.4753651470718336,10.514189315621577,1.1171128611740198,1.5893098967349404,40.17052972610785,27.475901842650536,4.415330455562946,22.60384052643313,0.2386778863820264,0.29374840332089586,1.8071269839202528,12.009833841657017,2.1104069612866474,10.288354834898863,0.094837009804869,0.08653120296841692,0.08330155882932491,0.9822859914654856
453612168,3.1527644401540806,42.388177073496344,67.30681289807437,11.7496427871467,5.356917351127772,0.2546495232267311,1.4204936085786193,0.35097036694808864,0.1776037467891035,0.04017852067030914,0.38488504410506685,10.996345367520998,1.219035190183489,1.145250691369052,33.648798833555226,23.952757697677672,3.607154853139706,19.9497616153261,0.18739088103333007,0.30493914987448445,1.6285992694337366,9.042193118455414,1.0675626277405577,8.453522054153959,0.05374326166126607,0.05376047888542211,0.07053877303046296,1.2710615615906125
453612174,2.586432313439779,14.21667376771453,86.18150173393185,12.077353722724524,11.069053963056387,0.670113182468511,4.987630856683426,0.23100493189711374,0.1158310223357294,0.08684751076332616,1.113900049799678,9.831969351270493,0.478609004095569,0.6789399905938759,48.14394617736302,24.755742568233096,6.025495624934087,17.942908439107853,0.144591258465111,0.4258344590990791,2.618082720478321,19.374165733373193,5.418132408839442,13.577235015949567,0.33290485461560043,0.2597112174435644,1.393838142701938,2.3940776676327724
453612176,2.151852402045159,25.32535231139097,78.46679245892349,5.563888807002758,10.436134653903148,0.6609101535949977,0.4351685534958366,0.33345502202629046,0.16875065101398223,0.04017852067030914,1.431091020245251,12.155057289182386,0.2615501865238617,0.8451541811343951,43.29119610160344,30.573238972875018,6.42748815606535,23.3462798545455,0.2678396631149485,0.3904117810318144,2.5891467093384604,10.828238482446132,1.2647671651739532,9.977962781612893,0.17462858084695312,0.05239146691328658,1.1600776449122563,1.8763517171790505
453612180,2.493810602450595,27.60368480490605,77.13977361272094,7.741170853026053,8.219892439336105,0.5291475575117154,3.615616449319871,0.16759742625842555,0.08390019375355046,0.06763086778384855,0.5790530303061343,4.586107460822893,0.7175470038775982,1.5257661967574103,52.4865525375076,14.330002162782304,4.19951763728622,8.276348387084834,0.1797739990508504,1.1414254257265815,1.3566434746985954,36.880943843468565,22.692562828881982,5.122831071404922,0.13636638072031226,4.685983613102585,2.436356224798449,1.4400832483341006
453610984,2.2643285068572063,19.794547774706675,82.37699806346252,15.669464711771303,11.05303933609496,0.31137203772598154,2.528201396793347,0.23824591247930962,0.12045651619576464,0.03468805124760122,0.5823890160438104,5.918889146553694,0.44340734954925914,2.6411784062337245,40.740583936485336,17.659398078564426,3.6704120546133274,12.020622940601749,0.5047609636366489,0.9757671302876322,1.2669525176599152,19.746258517537925,5.167355828986523,8.480805373906264,2.295821064528054,2.1669160211249077,1.094248539212863,2.522939884409038
453611000,2.474823633600575,15.85318851398986,84.99944006905328,14.176489314879262,11.384868478632189,0.4364978341408648,2.0066029313261833,0.3638867106893029,0.18421870037388513,0.04017852067030914,0.6987400288129634,6.600299954534902,0.27671397617457977,0.552375276772591,47.11982787968282,28.802391135308337,4.784197764471429,21.97747110244093,0.3205775031269743,1.4201366961911532,1.9850140487136354,14.524003214948515,4.533961594348752,7.7695493065972325,0.6262967914500516,1.0604120946463464,1.8882281610157479,3.324783734501998
453611006,2.479546280674946,24.983531549607225,78.97931279685436,13.079287894031202,14.079652034392558,0.615956897174375,4.334881192046204,0.583073149934151,0.29567818145279934,0.03743328595895519,0.9545216291486616,7.163675077060558,0.2931775192239308,1.5759440655998311,35.48516723162955,26.94218859034152,4.143144894648057,22.33078154300982,0.23272946426237562,0.32529397234597224,2.2304896561325953,6.472343673864447,0.8002594906074387,5.944519623425668,0.07283805982693317,0.04169606088097756,1.3575649620104357,2.197937988282552
453612165,1.6550106537108797,5.8836762170709616,92.23399064898912,11.264588588269016,17.81622122841138,0.5865779973089285,1.6608748418234527,0.3092858030559881,0.15656521019991088,0.03468805124760122,1.193350975429638,7.0785113691311885,0.31765620823151863,6.228074664542315,37.89180266599523,26.848552760596643,5.188784439511704,21.288419396243206,0.11579219039802133,0.27894489606890466,2.117948860038822,7.3600125028502426,0.9633896093788489,6.703728192117541,0.08176832664965959,0.040070359164066593,1.5664716137707548,2.601188748571976
453612170,1.359025976866152,0.8332071183474001,95.19393203646035,6.61151344528904,10.747091652296335,0.23872120402257335,0.22873381019855382,0.20321522263571337,0.10260111516616616,0.03468805124760122,1.1746966878352858,6.337526423417909,0.2609003098245452,1.1969219491651164,63.936586705253774,15.105983030855622,4.6500007045628795,8.631019021842633,0.2067595237887783,1.0578913490903454,1.2995188770608646,42.37902965311074,23.967893114279878,6.1796758555764955,0.7874772170309671,6.37106622430493,0.05576081052651757,4.608851735567346
453612177,5.2113566618169065,9.493422552938256,89.43193195108411,4.3735208477388285,22.85635069760791,0.8443512964295473,1.2676717719143689,0.24538904197255695,0.12423648967278272,0.02645234711353942,2.794147560123081,11.787093429981605,0.6111838507561328,1.5483910394051088,29.080916243548952,13.677624980866936,4.289913575038746,8.87483383020442,0.04143691390238663,0.24079061844918925,1.2495482009964567,13.716642181106186,8.501356645698287,3.291069140502268,0.056647413473534844,0.674864097993671,1.411974733047689,1.3266430960555562
453612178,1.7484034091203688,4.723810745419009,92.98472331659909,9.907424165640476,9.849968947632554,0.3927834469916765,0.7003520192484745,0.32190859353035656,0.1627822718397432,0.045668990093017,1.5609221386482788,10.898032868581152,0.6240730719592431,8.08032498374632,40.22139511952964,24.30172405495665,5.306219338777402,18.447653832708525,0.14328550726811454,0.3059084271350314,2.3766645611158723,11.079869573895664,2.5553241662682056,8.535844451848146,0.1203935457528341,0.1726933939646983,0.787269954471815,4.54095325026194
453612181,2.2881345033341347,10.419358428180757,89.25375142635224,12.678997389067396,10.28206028076715,0.5810030855874733,0.46986662624665404,0.7427661270982546,0.37640050978438244,0.062140398361140645,2.057984013562021,9.998250985279855,0.4860825861377086,5.115499894077923,38.78237270270405,29.495493865682494,5.645653091795163,23.136356551390676,0.2354860501227016,0.41816835712929795,2.688233861876431,7.24768866670958,0.9532694141904118,6.610303491147524,0.0583899045608961,0.055043927609299215,1.3552139225211717,1.4343905399624584
453612200,1.886613121460108,22.135119718417965,80.79635202219576,3.3791492364839417,16.55531602599349,0.3452639613659393,0.3111573909568135,0.4354158567107243,0.22082475930921794,0.02645234711353942,0.7796887439577983,11.011719338548628,0.17468333438189088,1.8772352869974034,39.59558051971071,27.932664665122335,6.81591131905716,20.367907978899616,0.1572135200360773,0.37745871218632215,2.6330312133181004,7.568598616102877,1.5119227577576149,6.22880945305251,0.05897073492334985,0.07215657726099363,1.619537933671286,3.616871425861534
453610961,4.374580704680492,4.639879641737557,93.0617018990195,16.485590984027603,10.55802797570433,0.4484440735439831,7.382925250694739,0.2210241208243573,0.11165315691376204,0.04017852067030914,0.5155331386071176,8.818804431640421,0.645194064687029,6.746504639799648,39.915564281257296,18.375113916708155,3.584705530850172,14.107840923481312,0.1830383770433417,0.39420077395940745,1.256275022774358,18.592396116916586,5.8105917213304785,8.786118713991593,0.5343077827964385,2.506858806455818,1.415333360889495,1.7656026634034638
453610991,7.026106085558157,11.117744605097695,88.8034650169951,19.773939144327255,13.110729153873283,0.8778007667582785,1.813571414687159,0.5121311104464211,0.25762976421702544,0.1472426744131129,1.0769999626604851,6.500976010132716,0.5220424301665544,4.85370881050422,29.731525062337067,17.615269586703416,3.538310264785134,13.4704765964621,0.14480888366461045,0.36706101066409025,1.3904911334858117,10.682506603525788,2.2912706330946766,6.456288560597709,0.7481985637700322,0.8653278886170299,0.7066628862684765,0.9849770899684438
453610999,2.480606466752865,22.581570808777574,80.91813903318922,19.90712422968388,7.245960244222259,0.718694556041192,5.618459356225365,0.5991207285217202,0.3009999862164958,0.19391166450612987,0.23510609261756737,4.322524773336025,0.25418491726494147,1.2320165895757382,45.878946388696875,36.76154643599079,5.4139760857671675,30.715358571986908,0.37498380300182893,0.39420077395940745,2.25664951860221,7.2797047077067765,1.0134335103565324,6.5755792660082255,0.06666673722586207,0.04049817540535896,1.1614210960489786,2.016909862064327
453612164,4.706033424859268,0.45920331511822915,95.43635712438133,20.275273854427557,7.418933395146859,0.56631363565475,0.19741786006243686,0.5606652505649232,0.2832937946662533,0.09233798018603402,1.198729401414871,8.163893494772626,0.7628217472633136,12.661967624076835,33.94462685387433,25.876957533079743,5.687059619573637,18.868293885628372,0.2737155435014328,0.748603786861244,2.7441839350767503,6.716907679341355,0.9845584580298912,6.019755444560814,0.04931443014755623,0.04049817540535896,0.8161541539113446,0.992636370323017
453612172,3.082021114591062,8.405579041877818,89.84392055824203,11.070482880272921,7.386980039929985,0.9369125291381525,4.570001345668169,0.23002642100762782,0.116029968308204,0.045668990093017,0.33695577962906703,3.91470996291889,0.2939357087064667,1.6155188728713834,63.0927319566457,37.816897980149356,6.772110196901136,30.49001973469113,0.3020068194363572,0.30573219490584114,2.650542304930414,22.668070258977657,12.817944853962606,7.833800934065867,0.07588741922981537,0.5361660725666878,2.0853796153297464,2.547780793667114
453612175,3.5657551077801495,0.5139286631267432,95.39269762987423,8.45215653345114,5.925322760199434,0.5341915252596987,3.018609175924938,0.19949688125566684,0.10071112842765709,0.04017852067030914,1.5272899559051767,13.147791010473105,2.6039224364269264,8.49653248512676,44.58113396574303,30.554467897978917,5.927716354517447,23.734841994510273,0.2952604382518752,0.48134761129404596,3.083407947590903,12.094853027448906,1.8143216176543042,10.81949374799895,0.07697647615941614,0.06351468918688792,1.5651281626340325,1.4381166763511697
453612182,4.992090904792564,0.553200480220936,95.37795297602759,18.741754732813384,12.261574431387798,0.7513476104097153,0.5983872856052779,0.5385509044625413,0.2721528202076738,0.08684751076332616,1.1226825428641722,6.451718616116557,0.5249668753134785,5.633183174858435,39.1559885945531,27.741441200391293,5.9593449552542594,21.01003298558,0.2145214892375909,0.4116477646492542,3.4156915884294423,9.329052562707881,1.1738711001328541,8.501356445927483,0.1262744531726783,0.06488370115902349,1.114736169047878,1.4827268092271302
453612184,9.417596735687832,8.292158631497479,90.81247197585999,12.027461833493925,11.42418400832895,0.8199278736498387,3.449641913598451,0.48189512396130596,0.24444959354058085,0.02645234711353942,1.2384208235590584,13.559044735462207,2.0064691241886345,7.09035744637606,22.744237483131187,12.418316377310967,3.5107724294433047,8.27317460064405,0.07879590648312018,0.3402737118271538,1.0296985813028348,8.489461333747972,1.7808971197842371,6.644791497068187,0.09323972630812119,0.21855529503123935,0.6713972939295159,1.3706322062000649
453612191,4.215938315202661,10.353999916699086,89.120475074699,11.677378324429542,7.529821404581189,0.8116097513987787,2.6887895890913547,0.4357094099775701,0.22097396878857392,0.02645234711353942,0.935458853504798,11.232821316617047,0.8778499230423321,5.902739880991082,39.816280992423586,31.36381956586752,5.383345232687669,25.119406329303033,0.3442986498724108,0.4759725283037396,2.5532703265229886,7.4923597492466785,0.8185501186085588,7.042466551639677,0.07625043820634894,0.04049817540535896,0.7002814933690457,1.0754394011832684
453610982,3.185726589122136,25.887066893799602,78.42562232155933,16.738726674650216,15.722479525293352,0.5917989463814024,3.1964837726980817,0.42719636523904253,0.21634847492853865,0.042923755381663035,0.4796542715917028,9.161785587921297,1.3906026388030424,2.232736527412233,25.17481583281048,19.19006397535525,4.853641001420389,13.590060335570282,0.10041334296672909,0.43059272928721903,1.5491587074851914,4.254456526122254,0.8856776518309432,3.427249520045163,0.038859483623388695,0.05435942162323142,0.7247994766142277,1.288450198071265
453610983,2.1245767056768563,11.103425278287181,88.56084844006313,6.967689016617372,16.665369149662066,0.3714571973905542,11.636382861982682,0.2651549619401727,0.13428326128275175,0.02645234711353942,0.689344803674202,9.482919522215548,0.949877923883243,6.5943283054233754,39.37817884866326,26.452494057525694,5.25782857739774,20.453940261348052,0.27139420804010567,0.35974737315268984,2.3298971335171323,11.477660852506308,0.7582931766150213,11.313664353382705,0.17978345031373016,0.06437032166947264,0.5948205791363443,1.0564982078739857
453610990,2.5495185618176586,32.46431649175552,73.82079032963212,12.746325180639632,11.095239016618905,0.7109073777636039,3.1522656511058855,0.3872731209480166,0.19635440469483784,0.02645234711353942,0.5204349952012539,9.192735819069027,1.2887886225767922,2.405372290453419,31.731130936371635,19.264379868364966,3.9705345499329696,14.856061076896545,0.08510703726860332,0.3046748015306988,1.5566329539050814,11.065842479010604,3.1241905508512615,6.1688097715192995,0.6417613998503826,0.7376675222153896,0.8406721371565269,1.079579552726281
453612784,2.6887884602353185,37.331044525662925,70.69884923885816,20.587754634345504,8.955578596383992,0.391544577720242,2.127983554053773,0.661451872181974,0.33546737594772635,0.04017852067030914,0.4847603722105949,10.085741017772621,1.1753851385460647,2.1249138449591745,22.041060663610125,15.355166305792173,2.8093558263525167,11.969048910938987,0.11644506599651958,0.39834223134538116,1.6620198284255308,5.512611983369916,0.6186530521800749,5.004130914040993,0.08118749628720583,0.11365475266635257,1.1036526971699192,0.9198732069545711
453612797,4.412651022933071,15.866798963235503,84.72216398113102,21.183831416205805,15.23262927690926,0.25686178978286406,4.686246152573437,0.2263080796275813,0.11409024507657632,0.05115945951572488,0.30073650590572626,6.710345220837941,0.3113740668047925,2.3387671431209203,30.41895276422964,19.76702754058278,3.485529413713295,15.51700210319016,0.17890349825285276,0.5086636068185535,2.2671134635900563,8.488390563146059,0.978430633420379,7.811478217904887,0.0771942875453363,0.13085296556630546,0.6576269197781123,1.2638162963903405
453612813,1.6592513980225594,16.734323327132127,84.75835540420931,6.760453864086907,11.88822869668042,0.3894208018263543,6.328705105312497,0.3200494228403333,0.16173780548425137,0.05115945951572488,0.6748434779165488,9.616733756883669,1.0919842954671153,2.956208806004817,48.30345919983006,36.025193392698114,7.866739151738832,27.104043000435773,0.3136134967429928,0.518885076111595,3.5386963295110605,9.340723962268727,0.9892007494007338,8.664465816394731,0.16940110758486934,0.07540798069481557,2.1797570576844887,1.9046082514601113
453612822,1.677563703004812,23.95480842745754,79.56747129412868,12.778676131972322,9.1680949731233,0.3234952584535905,4.213124777916981,0.35733068772974724,0.18068740936246036,0.04841422480437094,0.24525021251376622,5.41104237991073,0.42087829063962084,1.9068790577272263,49.29533437155462,38.97104465534003,8.548599900746295,29.691699095317787,0.1966762228786386,0.4118239968784446,3.909846051733028,6.559825632040733,0.9525266475710771,5.777866964678899,0.11153588272541436,0.04631647628693506,1.1342162105303517,3.3419653634055
453612823,1.767486758522927,40.00890041474276,68.97803324154228,6.2318099093551185,5.015828566461187,0.7155088922003605,2.2181734904457895,0.44549451887242936,0.22594761810043976,0.02645234711353942,0.9296038581284682,13.092667232775351,5.713149191523449,3.380555277182611,31.215240921081364,23.183582716408786,6.491643330430554,15.383022975582714,0.11492168960002366,0.7781226852506311,2.34826242472029,7.313648135787415,1.244619620624496,5.600938769921521,0.23234859811579472,0.3653818290427775,1.128170680415101,0.8298249108940474
453610962,2.9178850336185542,24.942558426357333,79.0597381814727,13.115945303171163,16.082542986454524,0.7119692657105476,4.890426147460919,0.5740708497508804,0.29095321460652673,0.045668990093017,0.4956533868642313,9.06428224535133,0.7244790220036407,2.1840520475234557,31.49340439054687,18.17390116650609,4.275645783539176,13.389318343190586,0.051157506146694016,0.3412429890877009,1.9813837004525456,10.440833678674045,1.307661937440539,9.719066517989278,0.04198144682157761,0.047086545521261305,0.8799680829056543,2.1516717947893866
453610973,1.5706776702399787,18.66714889552609,83.17837957448101,17.447716679506087,10.532298314377682,0.6148065185651858,4.722447390930787,0.3328679154925989,0.16825328608279566,0.05115945951572488,0.3311688655943228,5.286331154403703,0.17739115396237626,1.8254146903059745,45.31623467234889,17.530964408222683,3.102593862836703,13.737528055551069,0.15017697191892945,0.4700687486258621,1.6026529568618326,24.74311660842468,9.870646908442032,8.391632618871672,0.8887595114838405,3.548334664257939,1.5036652731289868,2.4086717018218917
453610981,2.113492942134966,28.4295271679879,76.61174266489934,18.72831018161019,9.548043895250787,0.6195850143264331,1.8654306281125688,0.497747000370978,0.25191006750837963,0.05939516364978672,0.6342669983317535,7.289701181668633,0.23902112761422337,1.0089789493490846,36.2973109190667,18.597732278633845,3.688870386273611,13.481471499489109,0.23962092891319056,0.8991061105898208,1.8448185408662696,15.05082235108966,3.0737752665639104,7.018254081729623,1.6613364973426366,2.151600199686641,1.0818216161981815,2.222364882386326
453611002,1.9541758887893672,16.91366935104604,84.4231538904607,20.534816713982938,10.332836515066647,0.6271952112795306,6.847798294768772,0.2154466087542875,0.10802239291609997,0.0813570413406182,0.5919204038657423,7.386193078776258,0.17966572240998396,1.3227399685095795,42.48203197696086,31.389725844671496,6.217661823732502,24.70534054829623,0.1655558193502217,0.29885913796741664,2.6257705167959213,9.105689815148846,1.009441139777608,8.678638969512814,0.03486627488151915,0.01731053512731303,0.978040015886383,1.7470754852484829
453612792,1.6943339191464541,34.624266431936114,72.36212278836976,10.723970580121884,7.98506184303917,0.27376350627172036,5.926107250362579,0.33462923509367365,0.16934748893140614,0.03743328595895519,1.0671962494722123,12.146561147298694,0.2187666371521928,1.325577407521502,35.592005840406664,26.809144480551605,5.793519294608896,20.61206283580863,0.11847623452518086,0.2358561160318589,3.05692776027472,6.510891415533312,0.5635954765218812,6.3129034948864575,0.08227655321680663,0.012604556473097057,0.9504992675835756,1.3725987781829958
453612795,3.754950132412582,1.070114000529335,95.04188976172954,9.155264547155607,19.921120041308217,0.6370176747887611,2.8918422097739365,0.19822481709933512,0.1002634999895892,0.02645234711353942,0.7270618669124178,10.920689246937663,0.7772273474314958,2.380880711613666,42.79882334979896,22.970075461011614,4.251101191169285,18.385764997113206,0.08416399473743916,0.28863766867437507,2.40229054884121,17.246330393251874,1.231342667303886,17.32567968685404,0.05171035539267794,0.033824242041198146,0.03426559233896061,1.8574105238697678
453612805,3.7735515790524494,19.154431333622625,83.24760285195605,6.419823555087267,18.094769479351825,0.6799356459777416,8.328666944805468,0.35429730397234077,0.17959320651384983,0.02645234711353942,0.7295808765510713,10.527742684816985,0.7884918768863148,4.370821492343602,33.44086791567627,18.300468706595005,4.2034088531497416,13.652855967291545,0.07690982142079186,0.27057386518236204,1.7827822955811825,11.646949684668735,1.1085076376313898,11.295711692766472,0.04314310754648511,0.051022454941151006,0.7812244243565647,2.8934834475086633
453612811,1.8157734153445513,8.06035566778266,90.30081333847865,12.654839211124159,13.066707904405854,0.4738408936083901,0.78365244661054545,0.41584563892100573,0.21062877821989287,0.04017852067030914,1.2574155178613367,9.263031278701943,0.3551324312254361,0.8715871656138846,46.3628061039454,30.354243099087167,6.639908632307211,23.19280461023037,0.14125433873945328,0.30009276357174924,3.8826184397748573,14.229755453542843,1.171457108620016,14.054515947200944,0.05250899714105185,0.04717210876951978,1.3051703676782656,2.03761061977939
453612816,2.3896232251568303,0.7713929946901147,95.23347451723107,10.679120397592483,18.342199260841163,0.599143671347764,2.688163270088632,0.20390018025835352,0.10314821659047138,0.02645234711353942,0.8129124386513891,9.060539897140657,0.3633642027501116,2.266711126107622,47.76245572669973,26.94712834689312,4.834584021165718,21.718694158001146,0.09250629405158356,0.3646818755700202,3.0894941196756704,18.15744909841956,1.1004300506461238,18.513980466195818,0.0415458240497373,0.03348198904816426,0.9353854422954497,1.8398148798119645
453610968,3.2088579217312967,20.60862277021156,82.07348798103382,6.6677074678961326,10.395832441028658,0.754002330277075,3.560876168481938,0.41359506387518813,0.20938536589192638,0.042923755381663035,0.9950981087334567,16.99684671742352,4.771369541430636,3.93004774267573,28.08265629440744,21.08945525563148,5.32896798536413,15.446045306335453,0.08307586873994206,0.11372718120293165,1.5065555028918183,6.043285893677949,0.9783377875929622,5.267161013990712,0.07363670157530708,0.024412284732766208,0.8285810769260261,0.8729859907299536
453610969,3.493855215586672,2.4759599871936477,94.08387023971632,6.258383905092682,20.513813036292937,0.6144525559162045,7.08266792078965,0.35889630515292464,0.18033925391062974,0.11704509258821952,1.9425180582334762,11.470409855721675,0.6832118515970438,1.0491511122020942,41.6981941360722,31.193672395756664,6.8484378926855545,23.32519684461742,0.25354894168115333,0.5504306451366715,2.568539144209335,7.963712968208736,0.9762951793897914,7.346835014850467,0.07065994596773159,0.05786751480182877,1.7857900118406715,3.341447844462623
453610974,3.6555817827457253,38.554425427127875,69.78324453278063,9.411446268910197,10.63423027650657,0.5397664369811539,1.4763612636214518,0.5694718485702965,0.28806849800564455,0.07861180662926427,1.2764102121636152,14.244299036200326,0.873084160580678,4.334606810217747,18.617543012636784,11.795138645233978,3.0237717979090046,8.256398872314179,0.0856873711339351,0.2747153225683358,0.858004463543075,5.653953702822418,0.8716579318909985,4.9913750762347195,0.04321571134179184,0.04734323526603671,0.8614956297757229,0.897516388622303
453610978,12.383419098392475,13.480291753320175,86.68856463504933,1.2610022086434407,34.8259561239194,0.8206357989478014,3.7288549250120697,0.1583994238972578,0.0793741728797525,0.062140398361140645,0.8507656645727754,4.830068106340287,0.7567562314030264,1.942496384271623,10.640402107888383,4.626563937544049,1.2365064193648694,2.9280648362979687,0.06769702130864981,0.2629077632125809,0.43304016709789933,4.75364978073405,2.4852255665684817,1.2947805238205568,0.07356409778000035,0.4831168586464351,0.35299937452632846,1.2093733035997252
453610979,2.464992817241681,28.173338816041316,76.90127404952537,14.046560331767154,10.51878834471354,0.6512646714102578,3.8440976215129803,0.5049879809531739,0.25539162202668575,0.06763086778384855,0.3210247456981239,7.806549812926462,0.9004872947351898,3.537361117315177,32.558172437781714,23.900615822966273,4.016231392637889,19.558252387952038,0.17592928719302736,0.2200833315193207,1.7476533374076992,7.194471367794508,1.1611512217767452,6.254911676711643,0.07429013573306756,0.05957877976699821,1.3582366875787968,1.366802566022778
453610985,4.92105843757193,8.380626551594146,90.13192003078015,9.774659222508946,18.57794064160983,0.7529404423301311,5.618960411427544,0.35351449526075207,0.17844926717212073,0.06763086778384855,1.5087037496524096,9.8997361972475435,1.2332241647852324,1.6324688374952367,33.13024849434122,17.052466656923826,3.532423553606989,9.985092336900701,1.015672390328117,1.5722251099824434,0.9866682769140391,11.48462086141874,2.321445527005154,4.725628455270701,1.8230251494906995,1.4654685119019535,1.0049090386208295,5.089937344865407
453610988,4.464503760198607,18.08246668001544,83.58213415416616,8.417389764324135,16.16792903068013,0.6323276696897592,3.095521149459241,0.5460854383115828,0.2764301586158784,0.062140398361140645,1.785862891245869,13.781866170816611,0.7274034671505649,2.4371814751660255,26.370791055963817,16.071540778142783,3.135419760762289,12.674649646435094,0.11281797933819591,0.14130752507122477,1.1254757104262825,8.730384719178375,1.2419270916294072,7.856596088664113,0.06819141692730317,0.05923652677396435,1.1486583102501164,1.1364031326541286
453610997,7.491142251554838,30.901525012227406,74.93420318406854,6.209962513649932,20.298108913902546,0.5706496781047707,3.6295207311803064,0.3696599249372699,0.1838208084289358,0.22136401161966937,1.5403615734895402,10.033145853730728,0.43430907575882827,3.2927440067083746,14.164160764307978,8.719975533307824,2.0214345013727244,6.465249824553625,0.07081631583480816,0.10191962184717678,0.7288067754278332,4.605883437670069,0.7923675952770063,3.982010355008717,0.030800462344342888,0.028861573642206744,0.33754968645402184,0.6399989626469211
453610998,2.197729545053329,20.82142781518767,81.83594586289324,12.92131441739369,12.255730231027462,0.6433890024704243,5.751740040004679,0.4825800815839461,0.24444959354058085,0.042923755381663035,0.4005437526696691,7.843771005940723,0.8620362566922976,2.3896170369924805,37.86966877094978,23.324749981416886,4.829695057644886,17.862203583899305,0.18180516757951168,0.3507595294639809,1.8504776131556153,12.927270093375993,3.4761690825885503,6.81841262276468,0.5911565545215995,1.4896829111591008,1.7982169348553527,1.7124017160757528
453610977,2.4237419407553435,56.61534980058021,57.685160307061956,11.638725239720364,15.841868189797255,0.41764932308261155,2.5228150533699347,0.3546887083281352,0.1791953145689006,0.05939516364978672,0.2186304079539424,4.244238894550592,0.2414040088450505,2.0709278342849626,15.12113248615316,8.41810152182082,2.363761722596692,5.611161223435046,0.040784038303888374,0.2577970285660601,0.6147711300500824,6.248552618064651,0.6988718470682357,5.781410252958419,0.0652872651150344,0.08336536278285345,0.32176413559753475,0.31541108167473575
453610996,1.4144447945756011,38.29937127928508,69.88023371685011,20.836898973829673,6.103001630894689,0.3220794078576653,0.5469038635815017,0.15047348569242178,0.07599209134768369,0.02645234711353942,0.23367638444427763,8.817489552539374,0.11749418484203984,1.962507796250446,30.399692019021813,21.854897976394714,4.12758003119398,17.26564508254734,0.14959663805359766,0.29374840332089586,1.6818799689126671,7.209676310341672,0.9220732161783494,6.664515801824185,0.03203472686455711,0.04503302756305797,0.9421026979790611,1.358936278091054
453611001,1.796015402074226,30.643918905151068,75.94172261542421,19.34360847026881,11.192617056389095,0.6669275186276795,4.390623583288492,0.4190747248563093,0.2110266701648422,0.10880938845415769,0.5543395033106969,7.931564472072191,0.22136614394945878,5.897139672414919,23.626294483284056,18.03723456857834,4.3700327119209526,13.271208147787066,0.07683727968762541,0.20880446885113693,1.1863374312739583,4.661135200728776,0.9925431991877405,3.791971993617114,0.024846951129191944,0.03305417280687188,0.6663593521668071,0.7629614634743945
453612800,1.1534462583022302,16.48919346519762,84.60918546464337,28.04475395208509,4.0692199054995415,0.2646489680604524,3.4859684157563473,0.2981307789158485,0.1501492025876039,0.07586657191791038,0.25335189216240817,4.44652798701941,0.5766320729091394,0.9742576561768738,46.794842709159624,27.721791946552678,4.87898379191613,22.38337571831427,0.20879069231743957,0.28943071370573176,2.063920735917903,17.659861999710635,1.457050873754255,17.3397347303628,0.13433347445172408,0.04854112074165532,0.8101086237960943,0.9746267111109124
453612815,1.799292340860524,9.896490336327387,88.94478390711019,11.162388992013495,11.583191797353546,0.520210000624938,2.4946306982474296,0.28276815795091936,0.14258925563356778,0.062140398361140645,0.47264189340842444,9.387843648755203,1.4397766423846565,3.722018661433192,47.99134999709772,26.479937149479053,6.82768474141345,18.751657233929496,0.1865203802353324,0.42169300171310536,2.3609686436341035,20.660054149210392,3.177298364133702,18.494610490267767,0.10826871193661204,0.054701674616265315,1.5930047737210205,1.014268662135258
453612804,1.7238263682231347,26.89424013797702,77.44299646163311,11.795123183013752,8.925295012698644,0.3627851124905128,2.841861953356694,0.2451933397946597,0.12413701668654537,0.02645234711353942,1.5375021571429606,15.15045302591439,0.6171410538332006,2.40708968775011,31.12191675783681,20.235755551146237,3.6459672370091676,16.150059148611167,0.1427777151359492,0.2949820289252284,1.6228334221955358,7.506708075312311,0.8223567975326498,7.119355907305267,0.032325142045784,0.04451964807350715,1.6568187027153303,2.9100440536807133
453612817,1.3298226694470856,27.915732708964963,76.89256129952504,10.523982880974389,4.6330713922125035,0.2535876352797873,0.972299730230514,0.22777584596181022,0.11453787351464423,0.053904694227078845,1.4349035753740236,14.256234092655989,0.9170591505677603,1.562951581703133,38.49814369469243,26.999928855811394,4.4411721198873435,22.10906989021779,0.15155526484909246,0.37930915059282105,2.3895843299273967,9.048938973247463,0.9564261723225849,8.695292424426558,0.01490023117217145,0.03211297707602869,0.9179205775180598,1.9946565475206346
453612828,3.063034145741042,1.5559786834961162,94.81382634963323,4.034571107639586,17.987676405216412,0.5502083351261017,2.6485799091165805,0.44588592322822374,0.22614656407291442,0.02645234711353942,1.5415870376380745,13.69467957196255,0.7860006828722683,2.9364960718167223,38.63094706496517,31.91136413652104,7.255119837806186,24.19039369827876,0.1387879198117932,0.2342700259691456,1.750002386282522,6.7810468383959375,0.9078678045835711,6.27628951599808,0.018167401960973797,0.01320349921090637,1.3226352324556556,0.7510585277882333
453612830,6.0473615745330145,1.2086286767063255,94.96050693205623,6.8977353361382585,24.438990514667903,0.48047769327678913,3.066710475334013,0.22073056755751147,0.1117028934068807,0.02645234711353942,0.7732890978487871,9.118192288494269,0.17197551480140552,6.132273763166083,25.107456431061564,19.05822736161129,5.9603427029115705,12.510292848608687,0.036068825648067626,0.26493443384827015,1.8289090734867894,5.573538830618758,2.0556279231107046,3.4835878036895345,0.00582475675883158,0.028433757400914382,0.6757635101238634,0.5274903444655547
453611345,3.281528858345079,22.293624741924486,81.31882978869842,14.64263711362746,7.778237869248243,0.3833149461314272,5.4962018868939655,0.5235796878534066,0.2648415557192309,0.07037610249520244,0.9776012039460533,12.660072008530786,1.6183844219134715,2.9128258569014736,25.09362274665815,16.400748109215336,4.333515147663309,11.590801576906777,0.0501419218823634,0.26625617556719794,1.0652546392717401,7.98127360608011,1.3798031453434334,6.8955381976489045,0.04902401496632936,0.0525625934098035,0.7311808695136587,0.8455574867574952
453611346,1.570870431345055,21.8378164677085,80.62841615955224,9.01714279065406,5.553115506081738,0.3883589138794104,5.909321901089619,0.4438310503603033,0.22450525979999866,0.05939516364978672,0.46916974498757796,8.470361469862883,1.6210922414939564,2.219296026829442,49.869113035425315,27.79753488034396,6.553703234715399,19.45068369751255,0.17803299745485507,1.18830319869122,1.5680578734326274,20.325117104932037,5.997490371920603,9.423320056258653,1.2692033988910478,2.391519547803397,1.5587467697346016,1.821184197868408
453611376,1.5235475800488125,43.56278719849773,66.41399538430537,13.910329215278555,5.076395733831889,0.5700302434690535,0.989711398506195,0.36281034871086837,0.18392028141517316,0.02645234711353942,1.0366958084420306,7.589594761253655,0.33476962798018617,0.4933117436559915,34.89840618701103,20.6449869383548,5.011784005104443,14.36786471259426,0.17295507613320196,0.7660507775510909,1.564961399915816,12.20760517183033,2.313832169156972,8.402498702928867,0.61351852347606906,0.8119364217037432,1.385105710313243,1.5201951806913938
453611379,3.306876943662618,33.07494362614068,73.40841874445215,13.219930503883356,13.26783947524841,0.5366692638025677,4.262228187730413,0.6924706673786778,0.3489957020760015,0.16371408268123647,0.4831945013541348,7.893837556326753,0.5881132279303974,2.0966887937353125,24.502179531933866,14.847908194126191,4.645011966276315,9.329025339784002,0.04774804468786978,0.5057557750369124,1.1488594242256527,8.518693371180193,1.6269587379270953,7.07612779029512,0.04953224153347638,0.12263889373349211,0.6270634064176797,0.9792843815968015
453612791,7.146099873468183,11.291703159518542,88.51699745654504,3.4643330726229205,31.19852926909739,0.5598538173108417,3.323000211247994,0.26270868471645786,0.13303984895478532,0.02645234711353942,2.4365843541174685,9.180295039882196,0.2701068963981954,3.9277329897975823,17.84094125282068,11.338705139865631,3.4374379766308256,7.12211026828052,0.10636176508637984,0.39975208917890415,1.4264742912501394,5.468603311631293,0.7001716886520716,5.050666100112025,0.032179934455170554,0.0272358719252958,0.47458170239969755,0.9262904418462405
453612801,1.6329395071796382,16.875957064594573,84.34799445364482,3.777864208103626,8.534264879498322,0.5984357460498014,10.515522374710788,0.42455438583743055,0.21530400857304682,0.02645234711353942,0.6627249991143784,12.305358084886715,1.533900451002328,4.461694210172807,48.9783301728026,32.944651434749105,7.306304292626325,24.35010316595973,0.3075199911570092,0.689301641738684,2.0268698286650197,13.409223941296991,2.648634222822142,11.055358637805682,0.10173437035900733,0.14479977503243638,1.6679021745932892,2.12155219231397
453612812,1.6992493273259008,18.505666586247084,83.24741136294506,4.642832014027782,7.4233355200936035,0.4365863248031101,8.072251945090944,0.36144043346558813,0.1832239705115119,0.02645234711353942,0.7076586845606282,9.038894964246493,1.8122643038762238,5.12431088890442,46.91083283223437,22.96930705443691,5.735749705250495,15.607908414815524,0.21814857589591452,0.9735642274227527,1.3191654676502897,21.404882179901016,11.063808636576002,8.095059389875827,0.1439897792275177,0.8736275236981017,1.2742709915336523,1.6386035148215534
453612827,1.118749259388488,38.94090547549887,69.4469898294716,9.407034775546647,7.360567290249528,0.6557776951847691,1.3249173287631906,0.22405750458176366,0.11284683274860983,0.05664992893843279,0.4491538305615212,7.425538307261443,0.30455036146196934,0.4744950428400837,43.944784483186126,22.32658984088913,6.004243599833328,15.127193118552237,0.12021723612117614,0.713004876564789,2.1400512744519253,18.748621547735674,8.671078818216294,8.153051208050641,0.13041286950516123,0.9301848307969516,2.1663225463172653,1.7327919624250891
