cytof_id,Eosinophils_1,Neutrophils_3,B.cells_4,B.cells_5,B.cells_6,B.cells_7,cDC_8,Neutrophils_11,Neutrophils_12,Neutrophils_13,Neutrophils_14,B.cells_15,B.cells_16,B.cells_17,B.cells_18,Memory.B.cells_19,Naive.CD4.T.cells_20,Neutrophils_21,Neutrophils_23,Neutrophils_24,B.cells_25,B.cells_26,B.cells_27,B.cells_28,cDC_29,Naive.CD4.T.cells_30,Monocytes_31,Neutrophils_32,Neutrophils_33,Basophils_34,Neutrophils_35,Neutrophils_36,B.cells_37,gdT_38,Naive.CD8.T.cells_39,Naive.CD8.T.cells_40,Monocytes_41,Neutrophils_42,Neutrophils_43,Neutrophils_44,Neutrophils_45,Neutrophils_46,Neutrophils_47,Naive.CD8.T.cells_48,Naive.CD8.T.cells_49,Naive.CD8.T.cells_50,Monocytes_51,Monocytes_52,Neutrophils_53,Neutrophils_54,NK.cells_55,Neutrophils_56,Memory.CD4.T.cells_57,Naive.CD4.T.cells_58,Naive.CD8.T.cells_59,Naive.CD8.T.cells_60,Monocytes_61,Monocytes_62,Neutrophils_63,pDC_64,gdT_65,Memory.CD4.T.cells_66,Memory.CD4.T.cells_67,Naive.CD4.T.cells_68,Naive.CD4.T.cells_69,Treg_70,Monocytes_73,NKT_75,Memory.CD4.T.cells_76,Memory.CD4.T.cells_77,Naive.CD4.T.cells_78,Naive.CD4.T.cells_79,Naive.CD4.T.cells_80,NK.cells_81,NK.cells_82,Memory.CD8.T_84,Memory.CD4.T.cells_85,Treg_86,Memory.CD4.T.cells_87,Memory.CD4.T.cells_88,Naive.CD4.T.cells_89,Naive.CD4.T.cells_90,NK.cells_91,NK.cells_92,Memory.CD8.T_93,gdT_95,Memory.CD4.T.cells_96,Eosinophils_97,Naive.CD4.T.cells_98,Naive.CD4.T.cells_99,Naive.CD4.T.cells_100,Neutrophils_121,Neutrophils_126,Neutrophils_127
453610959,0.520915548539858,3.52223099184425,0.853459615890555,1.41962641410155,1.76479873717443,1.42488818731913,0.139963167587477,3.91686398316233,0.0347277032359905,1.52591423309655,0.34622467771639,0.257826887661142,0.1557484872402,5.60273612207314,1.35332807156012,0.478821362799263,0.170481452249408,1.35017100762957,0.0420941857405946,0.0220994475138122,1.2954485661668,1.43330702446725,0.237832149434359,1.7984740857669,0.191528545119705,0.295711654827677,0.439884240989213,0.605103920021047,0.0431465403841094,1.14811891607472,0.0273612207313865,0.0178900289397527,0.255722178374112,0.304130491975796,1.98053143909497,0.750328860826098,2.68245198631939,0.00631412786108919,0.00631412786108919,0.0126282557221784,0.0831360168376743,0.0610365693238621,0.0126282557221784,1.22915022362536,0.894501446987635,1.63956853459616,1.41331228624046,0.931333859510655,NA,0.0715601157590108,0.191528545119705,0.0294659300184162,0.108392528282031,1.44698763483294,0.217837411207577,1.01762694027887,0.943962115232833,0.781899500131544,0.242041568008419,0.371481189160747,0.0841883714811892,0.676664035780058,0.247303341225993,0.264141015522231,0.649302815048671,0.511444356748224,1.12917653249145,0.31360168376743,0.491449618521442,0.310444619836885,0.446198368850303,1.6353591160221,0.786108918705604,1.34701394369903,0.908182057353328,1.26072086293081,1.62062615101289,0.234675085503815,0.685082872928177,0.342015259142331,0.528282031044462,1.69008155748487,1.19442252038937,0.42830833991055,0.419889502762431,0.122073138647724,0.427255985267035,0.0515653775322284,0.987108655616943,0.600894501446988,0.373585898447777,6.37937384898711,4.79663246514075,17.9342278347803
453610960,0.224719101123596,0.674157303370786,NA,NA,NA,NA,NA,NA,1.12359550561798,0.224719101123596,1.12359550561798,1.57303370786517,1.57303370786517,NA,0.224719101123596,0.224719101123596,NA,NA,NA,4.71910112359551,NA,0.224719101123596,1.34831460674157,NA,NA,NA,0.224719101123596,NA,NA,0.224719101123596,0.449438202247191,3.59550561797753,0.224719101123596,NA,0.674157303370786,0.449438202247191,NA,0.224719101123596,1.34831460674157,1.12359550561798,1.79775280898876,12.3595505617978,3.82022471910112,0.674157303370786,2.02247191011236,NA,NA,NA,0.224719101123596,0.449438202247191,2.47191011235955,22.4719101123595,2.47191011235955,0.449438202247191,0.224719101123596,NA,0.224719101123596,NA,0.224719101123596,0.224719101123596,2.47191011235955,0.449438202247191,0.898876404494382,6.29213483146067,0.224719101123596,0.224719101123596,NA,NA,NA,0.674157303370786,2.02247191011236,0.224719101123596,NA,0.449438202247191,NA,NA,NA,NA,NA,3.14606741573034,0.449438202247191,0.224719101123596,0.224719101123596,NA,0.674157303370786,NA,NA,0.224719101123596,0.449438202247191,0.224719101123596,NA,0.898876404494382,7.19101123595506,0.449438202247191
453610961,0.764416860615464,0.0837858805275407,0.156193431600724,0.251357641582622,0.0972329971554176,0.0630980087923455,0.138608740625808,0.940263770364624,0.231704163434187,0.12929919834497,2.58391517972589,1.5784846133954,2.1701577450219798,0.233772950607706,0.587535557279545,0.47788983708301,0.220325833979829,0.26066718386346,0.0899922420480993,3.09490561158521,0.109645720196535,2.08430307732092,2.90457719162141,0.0920610292216188,0.26273597103698,0.17274372898888,0.334109128523403,0.0982673907421774,0.0682699767261443,0.443754848719938,0.458236358934575,1.88259632790277,5.07680372381691,1.00646495991725,0.352728213085079,0.297905352986811,0.0196534781484355,4.2648047582105,1.30230152573054,2.82286009826739,1.02922161882596,3.07318334626325,1.85777088182053,0.807861391259374,3.19834497026118,1.00646495991725,0.0403413498836307,0.0124127230411171,1.01680889578485,0.633048875096974,5.84639255236618,2.56115852081717,0.732350659425912,0.794414274631497,0.588569950866305,0.231704163434187,NA,0.0113783294543574,0.229635376260667,0.30411171450737,1.07370054305663,0.828549262994569,1.0540470649082,4.59270752521334,0.415826221877424,0.417895009050944,0.0548228600982674,0.266873545384019,0.332040341349884,0.703387638996638,3.92448926816654,0.102404965089216,0.471683475562451,0.728213085078873,0.445823635893457,0.419963796224463,0.230669769847427,0.181018877682958,0.127230411171451,1.16472717869149,0.243082492888544,0.140677527799328,0.124127230411171,0.582363589345746,6.62011895526248,0.124127230411171,0.100336177915697,0.108611326609775,0.265839151797259,0.831652443754849,0.155159038013964,0.700284458236359,9.11197310576674,1.17196793379881
453610962,0.00709751992375236,0.301137631050636,0.184535518017561,0.312290876645104,0.0375154624541196,0.0243343540242938,0.0689473364021658,0.022306491188936,0.699612678198447,0.428892989678178,11.5872082412346,1.76322673534362,2.12114452578428,0.0648916107314501,0.136880741386653,0.175410135258451,0.425851195425141,0.0699612678198447,0.0496826394662665,3.4037677691481,0.0294040111126883,1.42558757325654,2.13128383996106,0.022306491188936,0.181493723764525,0.118629975868432,0.276803277026342,0.304179425303672,0.0243343540242938,0.609372782025024,1.70137691886521,0.654999695820575,3.15028491472837,0.0699612678198447,0.375154624541196,0.21393952913025,0.0162229026828625,2.90998316873847,3.17360533733498,2.16575750816215,0.459310932208545,2.0957962403423,0.486687080485876,0.861841705027072,5.13556263054367,0.844604870926531,0.0101393141767891,0.0669194735668079,0.955123395453531,2.45472796220064,2.94648469977491,1.187313690102,0.308235150974388,1.23294060389755,0.534341857116785,0.745239591993998,NA,0.00506965708839454,0.423823332589784,0.295054042544562,1.48236773264656,1.49149311540567,1.32622229432401,4.48563259181149,0.341694887757792,0.619512096201813,0.0973374160971752,0.345750613428508,0.401516841400848,0.645874313061464,1.92241396791921,0.163242958246304,0.362987447529049,1.10924097094073,0.615456370531097,0.146006124145763,0.596191673595198,0.152089712651836,0.239287814572222,1.47222841846977,0.133838947133616,0.140936467057368,0.189605175105956,0.605317056354308,0.128769290045221,0.386307870135664,0.099365278932533,0.0669194735668079,0.181493723764525,0.694543021110052,0.0699612678198447,1.06462798856285,10.3562955001724,5.37687830795125
453610963,0.00106934716355665,3.37379030102123,0.312249371758541,0.872587285462225,1.3987060899321,3.12570175907608,0.0630914826498423,0.0021386943271133,0.0021386943271133,0.636261562316206,0.0866171202480885,0.110142757846335,0.0267336790889162,2.17826017216489,1.302464845212,0.346468480992354,0.125113618136128,0.00106934716355665,0.0149708602897931,0.0128321659626798,2.18253756081912,0.255573972090039,0.0320804149066995,3.20162540768861,0.166818157514837,0.534673581778324,0.0449125808693792,0.288723734160295,0.0673688713040689,0.0812703844303053,0.0224562904346896,0.00534673581778324,0.0406351922151526,0.37641020157194,2.78137197241084,1.12388386889804,1.71951023899909,NA,0.0021386943271133,0.00320804149066995,0.00748543014489654,0.0160402074533497,0.00641608298133989,0.419184088114206,0.166818157514837,1.92803293589264,2.45842912901674,0.507939902689408,0.00427738865422659,0.0256643319253596,0.171095546169064,0.00534673581778324,0.0310110677431428,1.38480457680586,0.0171095546169064,1.09180345399134,1.20729294765546,1.20301555900123,0.206384002566433,0.217077474202,0.248088541945142,0.189274447949527,0.0203175961075763,0.132599048281024,0.235256375982463,0.857616425172432,0.750681708816767,0.391381061861733,0.473720793455595,0.371063465754157,0.584932898465487,3.26150884884778,4.23568411484788,1.60295139817142,0.623429396353526,7.17104207881088,1.47890712719885,0.59990375875528,0.80094102550393,0.142223172753034,0.0320804149066995,1.8574560230979,3.56627279046142,0.692936961984708,0.329358926375448,1.73768914077955,0.62236004918997,NA,1.90129925680372,0.937817462439181,3.84109501149548,5.0173768914078,0.578516815484147,16.7160348607175
453610964,0.00102282955568284,0.857131167662221,0.150355944685378,1.24376073971033,2.17453563538172,1.69176008509942,0.0756893871205302,0.00102282955568284,0.00306848866704852,0.440839538499305,0.0542099664511906,0.271049832255953,0.0583012846739219,1.02692087390557,0.229113820472956,0.161607069797889,0.0235250797807053,0.00511414777841421,0.00511414777841421,0.00409131822273136,0.98293920301121,0.19433761557974,0.116602569347844,1.05965141968742,0.133990671794452,0.0961459782341871,0.122739546681941,1.10977006791588,0.0327305457818509,0.0470501595614107,0.0184109320022911,0.00409131822273136,0.0378446935602651,0.0143196137795598,1.35218067261272,0.614720562965387,3.55126421733082,0.0122739546681941,0.00920546600114557,0.0112511251125113,0.00409131822273136,0.0132967842238769,NA,0.312985844038949,0.107397103346698,1.40843629817527,2.36580476229441,1.25296620571148,0.00102282955568284,0.0204565911136568,0.0828491940103101,0.00204565911136568,0.0132967842238769,0.653588086081335,0.0214794206693397,0.275141150478684,1.2519433761558,0.631085835856313,0.148310285574012,0.09000900090009,0.0368218640045823,0.148310285574012,0.019433761557974,0.0634154324523361,0.083872023565993,0.322191310040095,0.678135995417724,0.157515751575158,0.0808035348989444,0.129899353571721,0.402994844939039,1.46264626462646,1.41048195728664,1.14045495458637,0.390720890270845,0.24138777514115,0.642336960968824,0.131945012683086,0.438793879387939,0.0746665575648474,0.00920546600114557,0.424474265608379,0.342647901153752,0.173881024466083,0.00204565911136568,0.186154979134277,0.243433434252516,0.00715980688977989,0.618811881188119,0.378446935602651,1.30103919482857,8.68995990508142,2.01190573602815,50.8980443498895
453610965,0.00139618005137943,0.138221825086563,0.149391265497599,0.21780408801519,0.825142410365241,0.625488663017983,0.0432815815927622,0.00279236010275885,0.0209427007706914,0.0907517033396627,0.221992628169329,1.09879370043561,0.843292751033173,1.34172902937563,1.1267173014632,0.280632190327265,0.248520049145538,0.00977326035965598,14.9796157712499,2.33301686585502,2.08868535686362,2.01608399419189,0.227577348374846,3.12325477493578,0.131240924829666,0.117279124315872,0.055847202055177,2.48240813135262,0.0307159611303474,0.187088126884843,1.06947391935664,0.893555232882832,0.960571875349045,0.541717859935217,0.0809784429800067,0.113090584161734,0.513794258907629,1.24260024572769,0.670166424662125,0.478889757623143,0.0670166424662124,2.6262146766447,0.547302580140735,0.584999441527979,3.10929297442198,0.353233552998995,0.0572433821065565,0.855858371495588,0.205238467552776,0.654808444096951,3.09951971406233,1.655869540936,0.658996984251089,0.435608176030381,1.20629956439182,0.245727689042779,0.889366692728694,0.0670166424662124,0.367195353512789,0.188484306936222,1.29425890762873,1.66424662124428,5.50793030269184,2.48520049145538,0.0963364235451804,0.263878029710712,0.501228638445214,0.469116497263487,1.03596559812353,0.358818273204512,1.56372165754496,0.117279124315872,0.108902044007595,1.30542834803976,0.959175695297666,0.314140511560371,0.529152239472802,0.19406902714174,0.476097397520384,0.70507092594661,0.0418854015413828,0.0586395621579359,1.79967608622808,0.879593432369038,0.202446107450017,0.258293309505194,0.124260024572769,0.00837708030827656,0.226181168323467,0.241539148888641,0.108902044007595,0.594772701887635,7.89260583044789,8.11320227856584
453610966,0.00929176130497626,2.16291554821392,0.502787528391493,1.09849266983275,1.1212058641338,1.48977906256453,0.0650423291348338,0.0175511046871774,0.377864959735701,0.742308486475325,0.0196159405327276,0.037167045219905,0.0103241792277514,1.54346479454883,1.56824282469544,0.237456122238282,0.0980797026636382,0.0175511046871774,0.00412967169110056,0.00412967169110056,0.378897377658476,0.136279165806318,0.0196159405327276,1.45674168903572,0.193062151558951,0.320049556060293,0.0433615527565559,0.0908527772042123,0.0412967169110056,0.504852364237043,0.0113565971505265,0.0216807763782779,0.0340697914515796,0.0123890150733017,1.05926078876729,0.908527772042123,1.28845756762337,NA,0.0051620896138757,0.00412967169110056,0.0908527772042123,0.0681395829031592,0.0123890150733017,0.260169316539335,0.111501135659715,1.68697088581458,4.89262853603139,0.340697914515796,0.00206483584555028,0.0650423291348338,0.0702044187487095,0.0216807763782779,0.0154862688416271,0.980797026636382,0.0154862688416271,0.496593020854842,1.20379929795581,1.51765434647945,0.258104480693785,0.387156721040677,0.0722692545942598,0.153830270493496,0.0268428659921536,0.192029733636176,0.194094569481726,0.566797439603552,0.96221350402643,0.205451166632253,0.227131943010531,0.436712781333884,1.24199876109849,2.11645674168904,3.98926285360314,0.717530456328722,0.547181499070824,0.051620896138757,1.43196365888912,0.258104480693785,0.754697501548627,0.11253355358249,0.106339046045839,0.970472847408631,1.79330993186042,0.406772661573405,NA,0.360313855048524,0.647326037580012,0.209580838323353,1.18211852157753,0.659715052653314,4.27937228990295,12.7286805698947,1.01796407185629,31.2244476564113
453610967,1.81123783614105,1.05053887203097,0.464580935439992,0.51166684105891,2.19001778800879,3.06790833943706,0.101496285445223,9.26441351888668,0.0449931987025217,0.122423354609187,0.0324369572041436,0.224965993512609,0.183111855184681,3.47493983467615,0.765930731401067,0.29297896829549,0.0742910955320707,5.95270482368944,NA,NA,2.069687140316,0.637229256042691,0.193575389766663,1.22632625300827,0.224965993512609,0.262634718007743,0.381919012242335,0.210317045097834,0.00627812074918908,0.101496285445223,0.00837082766558543,0.0303442502877472,0.0742910955320707,0.761745317568275,1.05890969969656,0.952181646960343,1.95877367374699,0.00732447420738726,NA,0.00732447420738726,0.0753374489902689,0.0565030867427017,0.0272051899131527,0.377733598409543,0.22391964005441,1.88866799204771,3.7344354923093,0.217641519305221,0.00104635345819818,0.0345296641205399,0.104635345819818,0.0387150779533326,0.0313906037459454,1.28387569320917,0.0188343622475672,0.907188448257822,0.553520979386837,0.756513550277284,0.183111855184681,0.169509260228105,0.0544103798263053,0.127655121900178,0.040807784869729,0.163231139478916,0.741864601862509,0.875797844511876,0.561891807052422,0.196714450141258,0.111959820027205,0.12660876844198,1.09971748456629,3.71874019043633,2.10526315789474,0.395521607198912,0.273098252589725,1.04635345819818,0.745003662237104,0.216595165847023,0.394475253740714,0.151721251438736,0.448885633567019,0.548289212095846,1.4523385999790701,0.459349168149001,0.105681699278016,0.259495657633149,0.312859684001256,0.187297269017474,1.01391650099404,0.775347912524851,3.30752328136444,13.0250078476509,0.820341111227373,13.6475881552789
453610968,0.0391047080010291,0.222279392847955,0.19243632621559,0.408541291484435,0.119372266529457,0.0710059171597633,0.226395677900695,0.21713403653203,0.604064831489581,0.664780036017494,4.21610496526884,1.39130434782609,0.481605351170569,0.0535117056856187,0.084383843581168,0.326215590429637,0.453820427064574,0.328273732956007,0.0360174942114741,0.42397736043221,0.0380756367378441,0.20684332390018,2.23617185490095,0.0267558528428094,0.84795472086442,0.343709801903782,0.659634679701569,0.0535117056856187,0.533058914329817,0.420890146642655,1.40674041677386,1.05994340108052,0.400308721378956,0.0514535631592488,0.226395677900695,0.491896063802418,0.150244404425006,11.6861332647286,1.00643169539491,1.5065603293028,0.891175713918189,6.9112426035503,1.21121687676872,1.66503730383329,0.851041934653975,1.69899665551839,0.40339593516851,0.116285052739902,4.50218677643427,0.961152559814767,1.39130434782609,3.94031386673527,0.667867249807049,0.110110625160792,0.279907383586313,0.134808335477232,0.00308721378955493,0.266529457164909,0.386930794957551,0.371494726009776,0.0915873424234628,0.298430666323643,1.41908927193208,0.821198868021611,0.257267815796244,0.491896063802418,0.355029585798817,0.22948289169025,0.0782094160020581,0.826344224337535,5.75456650373038,0.230511962953435,0.355029585798817,2.54283509133007,0.764599948546437,0.0771803447388732,0.727553383071778,0.338564445587857,0.277849241059943,0.805762799073836,0.188320041162851,0.4178029328531,0.171854900951891,0.345767944430152,0.0319012091587342,0.343709801903782,0.391047080010291,0.044250064316954,4.26447131463854,0.446616928222279,0.761512734756882,1.13300746076666,7.54926678672498,6.49035245690764
453610969,0.00203124047856026,0.229530174077309,0.196014706181065,0.185858503788263,0.0568747333996872,0.047734151246166,0.0964839227316122,0.00507810119640064,0.122890048952896,0.284373666998436,7.13879466190002,0.896792671284353,0.677418699599846,0.0345310881355244,0.109686985842254,0.410310576669172,0.566716093518312,0.0324998476569641,0.0558591131604071,3.10068859052223,0.0121874428713615,0.171639820438342,2.5146757124576,0.0335154678962442,0.497653917247263,0.501716398204383,0.199061566898905,0.287420527716276,0.166561719241941,0.436716702890455,1.80577278544007,0.935386240376998,0.753590217545855,0.342264020637403,0.214295870488107,0.386951311165729,0.109686985842254,4.71349353049908,2.91178322601613,1.30913448843209,0.190936604984664,5.36450610387764,1.39952468972802,1.25530661575024,1.95608458085353,2.54717556011456,0.116796327517215,0.151327415652739,2.32577034795149,2.20491153947716,4.83333671873413,6.19325221913022,0.804371229509862,0.573825435193273,0.331092198005322,0.135077491824257,0.00507810119640064,0.0121874428713615,0.263045641973553,0.207186528813146,1.46960248623835,1.16186955373647,4.33872966220471,2.02717799760314,0.264061262212833,0.908980114155715,0.0609372143568077,0.229530174077309,0.624606447157279,1.11007292153318,7.60902683268672,0.698746724624728,0.569762954236152,1.38022790518169,0.563669232800471,0.121874428713615,0.717027888931771,0.244764477666511,0.268123743169954,2.2384270073734,0.106640125124413,0.63273140907152,0.368670146858687,0.452966626718937,0.0954683024923321,1.02983892263005,0.290467388434117,0.0121874428713615,3.31600008124962,0.447888525522537,0.720074749649611,0.568747333996872,1.14561962990798,0.781011964006419
453610970,0.0140875596012137,4.96315561335067,0.307758994364976,1.33723450368444,1.93107932379714,1.25596012136974,0.114867793671435,0.00108365843086259,0.0346770697876029,0.968790637191157,0.0433463372345037,0.250325097529259,0.0509319462505418,1.16493281317729,0.554833116601647,0.410706545296922,0.268747290853923,0.00650195058517555,0.00216731686172518,0.00216731686172518,1.30797572605115,0.135457303857824,0.0325097529258778,0.97420892934547,0.533159947984395,0.814911140008669,0.126788036410923,0.5851755526658,0.0162548764629389,0.262245340268747,0.0314260944950152,0.00975292587776333,0.0270914607715648,0.152795838751625,2.23016905071521,1.16926744690074,2.84135240572172,0.0151712180320763,0.0108365843086259,0.0195058517555267,0.0162548764629389,0.0715214564369311,0.0270914607715648,0.687039445166883,0.260078023407022,3.05374945817078,3.75054182921543,1.51278716948418,0.00216731686172518,0.0758560901603815,0.0650195058517555,0.0368443866493281,0.0368443866493281,1.40442132639792,0.0433463372345037,0.435630689206762,1.40442132639792,1.58539228435197,0.162548764629389,0.195058517555267,0.0379280450801907,0.132206328565236,0.0303424360641526,0.176636324230603,0.256827048114434,1.00455136540962,1.24620719549198,0.151712180320763,0.635023840485479,0.606848721283052,0.8777633289987,4.20242739488513,3.17728651928912,1.35999133073255,0.641525791070655,8.5717381881231,1.0717381881231,0.237321196358908,1.05114867793671,0.178803641092328,0.0964456003467707,1.22778500216732,4.41157347204161,0.0400953619419159,0.159297789336801,0.805158214130906,0.936280884265279,0.147377546597313,1.72843519722583,0.766146510619853,3.47204161248374,6.64607715648028,0.295838751625488,13.8133940182055
453610971,0.00412519981436601,4.53565719589543,0.244418089001186,0.340328984685196,0.444490279997937,0.511524776981385,0.0794100964265457,0.00309389986077451,0.244418089001186,1.80890011859949,0.259887588305059,0.0330015985149281,0.002062599907183,1.44175733512092,1.10142835043572,0.100036095498376,0.288763987005621,0.00309389986077451,0.018563399164647,0.0288763987005621,0.372299283246532,0.183571391739287,0.00825039962873202,0.721909967514051,0.304233486309493,0.101067395451967,0.229979889650905,1.22415304491311,0.0866291961016862,0.68684576909194,0.0391893982364771,0.0134068993966895,0.014438199350281,0.00618779972154901,0.411488681483009,0.444490279997937,3.81684112824215,0.0268137987933791,0.016500799257464,0.0340328984685196,0.110349095034291,0.113442994895065,0.0113442994895065,0.498117877584696,0.0680657969370391,0.854947661527355,5.19568916619399,0.980766255865518,0.012375599443098,0.0938482957768267,0.016500799257464,0.0195946991182385,0.024751198886196,0.469241478884133,0.018563399164647,0.193884391275202,2.89279636982416,0.745629866446656,0.0794100964265457,0.229979889650905,0.0660031970298561,0.256793688444284,0.0732222967049967,0.107255195173516,0.119630794616614,0.556901974939411,0.607435672665395,0.618779972154901,0.299076986541536,0.183571391739287,0.695096168720672,1.11999174960037,1.21487134533079,0.195946991182385,0.312483885938225,0.0794100964265457,1.3345021399474,0.11653689475584,0.59712267312948,0.159851492806683,0.0845665961945032,1.17465064714072,0.158820192853091,0.002062599907183,0.002062599907183,0.385706182643222,0.304233486309493,0.151601093177951,1.36028463878719,0.371267983292941,1.2499355437529,12.6365183313567,1.82127571804259,38.7170628577322
453610972,NA,4.31368342005042,0.566432441130719,1.09853564340503,2.00075095209998,2.63691465965778,0.0740224212841281,0.00214557742852545,0.00214557742852545,0.944054068551199,0.12980743442579,0.0375476049991954,0.0214557742852545,3.67108298020705,4.05406855119884,0.425897119562302,0.172718982996299,0.00536394357131363,0.0203829855709918,0.0107278871426273,1.26159952797297,0.264978812422893,0.0568578018559245,2.48886981708952,0.204902644424181,0.5353215684171,0.249959770423215,0.121225124711688,0.0300380839993563,0.542831089416939,0.02360135171378,0.00858230971410181,0.215630531566808,0.568578018559245,2.77101324894062,2.75813978436947,1.6692592393928,0.00536394357131363,0.00107278871426273,0.00536394357131363,0.0042911548570509,0.01180067585689,0.00321836614278818,0.46451751327576,0.244595826851902,4.38663305262029,4.19674945019578,0.0804591535697044,0.00107278871426273,0.0128734645711527,0.122297913425951,0.00321836614278818,0.0332564501421445,0.729496325698654,0.0160918307139409,0.598616102558601,0.673711312556992,1.22834307783082,0.20061148956713,0.321836614278818,0.0890414632838063,0.186665236281714,0.0343292388564072,0.304671994850614,0.78313576141179,0.639382073700585,0.755243254840959,0.35831143056375,0.345437965992598,0.563214074987931,1.75400954781956,1.89990881295929,4.74387169446977,4.31475620876468,0.349729120849649,1.40428042696991,1.3871158075417,0.131953011854315,0.916161561980368,0.173791771710562,0.304671994850614,1.2347798101164,1.41286273668401,0.626508609129432,0.190956391138765,0.453789626133133,0.584669849273186,0.0042911548570509,1.60167355039425,1.5051225661106,4.92946414203723,7.37434962184198,0.363675374135064,10.9735557581934
453610973,0.0134933156190318,0.0882255252013618,0.2968529436187,0.275056049157187,0.108984472307565,0.0799219463588807,0.14635057709873,0.0342522627252346,0.122477787926596,0.0965291040438429,1.47803703396164,2.12467823631985,2.7951922278502,0.190982313377066,0.409989205347505,0.857344515486175,0.247031470563813,0.0259486838827535,0.0217968944615129,1.49153034958067,0.0944532093332226,1.59532508511168,4.48600846965042,0.0695424728057793,0.368471311135099,0.506518309391348,0.228348418168231,0.0591629992526779,0.0435937889230258,0.507556256746658,0.488873204351075,0.838661463090592,4.18604168396579,1.9658722909574,0.606161255501121,0.332143153699244,0.0176451050402724,1.82782529270115,2.32707797060533,0.771194884995433,0.169185418915553,1.17391845885577,1.14796977497301,0.403761521215644,2.87822801627501,1.10748982811592,0.0518973677655069,0.0726563148717097,0.554263887735614,1.21543635306817,7.7493149547455,1.28394087851864,0.359129784937308,1.80083866146309,0.220044839325749,0.106908577596944,0.00103794735531014,0.00311384206593042,0.179564892468654,0.231462260234161,0.852154778709624,0.788839990035705,1.21232251100224,2.5699576517479,0.481607572863904,0.706842148966204,0.0560491571867475,0.0934152619779125,0.45150709955991,0.842813252511832,2.83774806941792,0.733828780204268,0.693348833347173,0.456696836336461,0.576060782197127,2.1807273935066,0.228348418168231,0.106908577596944,0.159843892717761,1.1573113011708,0.29789089097401,0.420368678900606,0.795067674167566,1.06285809183758,12.0339616374657,0.240803786431952,0.127667524703147,0.0124553682637217,0.334219048409865,0.556339782446234,0.213817155193889,1.06597193390351,8.40010794652495,4.31682305073487
453610974,0.00102770698018581,0.224040121680506,0.204513689056976,0.135657321384527,0.0657732467318918,0.0400805722272466,0.186014963413631,0.00205541396037162,0.190125791334375,0.161349995889172,6.98943517224369,0.725561128011181,1.25174710186632,0.204513689056976,0.469662089944915,0.410055085094138,0.439858587519526,0.00513853490092905,0.0565238839102195,1.33396366028118,0.021581846583902,0.817027049247718,2.26609389130971,0.0462468141083614,0.485077694647702,0.193208912274932,0.231234070541807,0.434720052618597,0.154156047027871,0.252815917125709,1.60425059607005,1.45934391186385,2.04102606264902,0.0750226095535641,0.273370056729425,0.197319740195675,0.1592945819288,5.52289731151854,3.75626901257913,2.4983556688317,0.162377702869358,8.11682972950752,0.898215900682397,0.857107621474965,2.18387733289484,0.783112718901587,0.12024171668174,0.113047767820439,0.954739784592617,1.4264572884979,2.11913179314314,2.26198306338897,0.305228973115185,0.672120365041519,0.322699991778344,0.246649675244594,0.00513853490092905,0.0143878977226013,0.769752528159171,0.572432787963496,0.640261448655759,0.67931431390282,0.916714626325742,1.71318753596974,0.105853818959138,0.188070377374003,0.0359697443065033,0.206569103017348,0.187042670393817,0.845802844692921,2.45724738962427,0.250760503165337,0.273370056729425,0.123324837622297,0.501521006330675,0.0585792978705911,0.304201266135,0.0739949025733783,0.13976814930527,0.828331826029762,0.048302228068733,0.155183754008057,0.150045219107128,0.163405409849544,0.0626901257913344,0.149017512126942,0.131546493463784,0.0277480884650169,0.44396941544027,0.376140754748006,0.231234070541807,1.41104168379512,19.9097673271397,7.71807942119543
453610975,0.00325623297261508,2.11546602120893,0.601317688942918,1.43599874092325,1.57276052577308,0.919343109268325,0.131334729895475,0.0130249318904603,0.0206228088265622,2.28696095776666,0.296317200507972,0.436335218330421,0.157384593676396,2.81881234329379,1.20372078887671,0.530765974536258,0.206228088265622,0.00651246594523016,0.0477580835983545,0.0206228088265622,1.74642628431255,0.843364339907306,0.132420140886347,1.18201256905927,0.341904462124583,0.872670436660842,0.345160695097199,0.182349046466445,0.024964452790049,0.306085899425818,0.0510143165709696,0.00759787693610185,0.0966015781875807,1.7985260118744,1.54779607298303,0.820570709099,1.37413031444356,0.0130249318904603,0.00217082198174339,0.00651246594523016,0.00976869891784524,0.0238790417991773,0.00759787693610185,0.641477895605171,0.606744743897277,1.8636506713267,3.53735441925085,0.593719812006816,0.00651246594523016,0.146530483767679,0.703346322084857,0.00868328792697355,0.108541099087169,3.4472653070085,0.0966015781875807,1.35242209462613,0.488434945892262,2.00475410014002,0.270267336727052,0.564413715253281,0.307171310416689,0.476495424992673,0.201886444302135,0.291975556544486,0.9931510566476,0.587207346061586,1.26558921535639,0.422224875449089,1.12122955357046,0.19863021132952,1.24279558454809,4.60756965625034,1.63897059621626,6.29429833606495,0.951905438994475,3.48742551367075,0.982296946738883,0.0792350023336336,0.829253997025974,0.311512954380176,0.300658844471459,1.8560527943906,2.57242404836591,1.14510859536964,0.668613170376963,0.39074795671381,0.258327815827463,0.0130249318904603,1.53260031911083,0.931282630167913,1.27969955823773,3.28553906936862,5.11771282196004,11.3555697864997
453610976,0.00980456238969867,3.11894023574526,0.537072139791272,1.20051419482755,1.92169422838094,2.3280388696429,0.114386561213151,0.00217879164215526,0.00871516656862104,1.58616031548903,0.238577684816001,0.0370394579166394,0.0174303331372421,2.33239645292721,0.93796980194784,0.48260234873739,0.218968560036604,0.00762577074754341,0.0305030829901736,0.00762577074754341,1.43691308800139,0.179750310477809,0.050112207769571,1.03819421748698,0.423774974399198,1.00006536374926,0.148157831666558,0.1655881648038,0.0392182495587947,0.18846547704643,0.0261454997058631,0.0141621456740092,0.0446652286641828,1.62755735668998,1.02403207181297,1.31054317275639,1.38353269276859,0.00435758328431052,0.00217879164215526,0.00871516656862104,0.00980456238969867,0.0392182495587947,0.0468440203063381,0.530535764864806,0.35841122513454,3.52637427282829,4.82384469573175,0.396540078872257,0.00217879164215526,0.0686319367278907,0.167766956445955,0.0108939582107763,0.04139704120095,0.722269429374469,0.0468440203063381,2.64069547029218,1.83236377105257,1.70599385580757,0.350785454386997,0.422685578578121,0.10131381136022,0.129638102708238,0.138353269276859,0.12854870688716,0.320282371396823,0.545787306359893,1.84761531254766,0.492406911127089,1.30727498529316,0.31265660064928,1.34322504738872,5.56027627078023,1.08068065450901,4.57655184434712,1.09920038346733,3.27581323398043,1.50445562890821,0.12854870688716,0.68958755474214,0.0904198531494433,0.174303331372421,0.554502472928514,3.36187550384557,1.37699631784212,0.118744144497462,0.732073991764168,0.472797786347692,0.0228773122426302,2.03608078959409,0.741878554153866,2.99692790378456,6.08536505653964,1.27350371483975,12.3809835065473
453610977,NA,0.0256458080760981,0.0746059871304672,0.0093257483913084,0.0069943112934813,0.0163200596847897,0.0291429637228388,NA,0.0023314370978271,0.0641145201902453,4.3096614753334,0.599179334141565,2.85484472628928,0.0687773943858995,0.209829338804439,0.235475146880537,0.336892660636016,NA,0.0291429637228388,1.73692063788119,0.00816002984239485,1.0491466940222,2.48064907208803,0.0349715564674065,0.0559544903478504,0.0163200596847897,0.0384687121141472,0.00582859274456775,0.023314370978271,0.434813018744754,14.6997109017999,0.565373496223072,3.88184276788212,0.0314744008206659,0.0174857782337033,0.0396344306630607,0.0023314370978271,1.01067798190805,2.01203021542479,1.76489788305512,0.0139886225869626,3.31064067891448,0.235475146880537,0.642310920451366,2.6415182318381,0.185349249277254,0.00116571854891355,0.0023314370978271,0.347384127576238,0.71924834467966,2.47365476079455,0.542059125244801,0.397510025179521,0.0594516459945911,1.67513755478877,0.0221486524293575,NA,0.00116571854891355,0.191177842021822,0.245966613820759,0.228480835587056,0.739065560011191,3.46218409027324,0.639979483353539,0.0291429637228388,0.0641145201902453,0.0093257483913084,0.0652802387391588,0.254126643663154,0.421990114706705,0.300755385619696,0.010491466940222,0.0046628741956542,0.114240417793528,0.350881283222979,0.116571854891355,0.0454630234076285,0.142217662967453,0.0303086822717523,0.593350741396997,NA,0.00582859274456775,0.0501258976032827,0.0291429637228388,0.297258229972955,0.0069943112934813,0.0279772451739252,0.0023314370978271,0.0722745500326401,0.0536230532500233,0.0128229040380491,0.360207031614287,38.4512263359135,0.517579035717616
453610978,1.90214830867804,0.962263262037124,0.429897295769339,0.0588900405163479,0.028267219447847,0.0188448129652313,0.0600678413266748,0.233204560444738,0.39102986902855,1.26378026948083,34.9406388391595,0.102468670498445,0.0683124469989635,0.0329784226891548,0.0376896259304626,0.140158296428908,1.88565909733346,0.0153114105342504,0.256760576651277,7.73226231979648,0.00117780081032696,0.0424008291717705,0.535899368698766,0.00942240648261566,0.314472816357298,0.320361820408932,1.51111843964949,0.0153114105342504,0.0859794591538679,0.0683124469989635,5.27301422783379,0.142513898049562,0.101290869688118,0.20140393856591,0.0447564307924244,0.107179873739753,0.0765570526712522,2.08352963346839,0.327428625270894,0.250871572599642,0.399274474700839,9.74276830302459,0.690191274851597,0.157825308583812,0.224959954772449,0.449919909544898,0.333317629322529,0.0871572599641948,1.23551305003298,0.676057665127674,1.14011118439649,1.20842363139546,0.14722510129087,0.126024686704984,0.0588900405163479,0.02708941863752,0.00942240648261566,0.0871572599641948,0.166069914256101,0.143691698859889,0.342740035805145,0.177847922359371,0.312117214736644,0.160180910204466,0.0447564307924244,0.082446056722887,0.137802694808254,0.056534438895694,0.425186092528032,0.403985677942146,1.0706209365872,0.156647507773485,0.0965796664468105,0.505276547630265,0.439319702251955,1.34740412701404,0.0965796664468105,0.0365118251201357,0.0671346461886366,0.130735889946292,0.107179873739753,0.0624234429473287,0.413408084424762,0.200226137755583,1.14011118439649,0.381607462545934,0.272071987185527,1.40747196834071,0.292094600961085,0.0765570526712522,0.179025723169698,1.27320267596344,3.85140864976915,5.0680768868369
453610979,0.00720572340316022,0.192495753770137,0.230583148901127,0.184260641309383,0.064851510628442,0.0844099027227341,0.225436203613156,0.00720572340316022,0.0277935045550466,0.485871635184518,3.44021823048021,1.08806423387719,2.20803952853981,0.1811724741366,0.91306809408616,0.811158577384323,0.366462504503577,0.0164702249215091,0.0236759483246693,0.347933501466879,0.0360286170158011,1.03453600288229,3.68006588089969,0.042204951361367,0.586751762828761,0.464254464975037,0.179113696021411,0.0586751762828761,0.114262185392969,0.604251376807865,1.00365433115446,2.34391888414226,3.39904266817644,0.0926450151834886,0.133820577487261,0.335580832775748,0.117350352565752,5.23444335786711,0.56513459261928,0.725719285603994,0.115291574450564,4.94209686551032,1.31658860466313,1.14365124298729,1.59967059550157,1.58320037058006,0.215142313037212,0.0761747902619795,0.758659735447012,0.711307838797674,2.22245097534613,4.52622368624221,0.553811312985743,0.208965978691646,0.384991507540275,0.235730094189099,0.00102938905759432,0.0720572340316022,0.282052601780843,0.272788100262494,0.535282309949045,0.515723917854753,2.71552833393381,2.26259714859231,0.182201863194194,0.67939677801225,0.187348808482166,0.168819805445468,0.178084306963817,0.835863914766586,7.00602192598693,0.396314787173812,0.433372793247208,1.61511143136548,0.697925781048947,0.308816717278295,0.73910134335272,0.223377425497967,0.205877811518864,1.29085387822327,0.0607339543980647,0.17396675073344,0.225436203613156,0.36955067167636,0.134849966544856,0.375727006021926,0.212054145864429,0.00308816717278295,2.16995213340882,0.504400638221216,0.684543723300221,1.14673941016007,11.7607699830151,8.12085027536157
453610980,0.00103402992482602,0.160274638348034,0.130287770528079,0.405339730531802,0.159240608423208,0.0599737356399094,0.103402992482602,0.00103402992482602,0.0186125386468684,0.105471052332254,6.0790619280522,2.36689449792677,2.14871418378848,0.401203610832498,0.634894373843179,0.233690763010682,0.245065092183768,0.00620417954895615,0.0816883640612559,1.73096609415877,0.116845381505341,1.12399052828589,3.11553216350081,0.0610077655647354,0.163376728122512,0.0641098553392135,0.389829281659411,0.180955236844554,0.0641098553392135,0.468415555946189,0.3536382342905,0.259541511131332,3.70182713087717,0.833428119409776,0.296766588425069,0.198533745566597,0.040327167068215,3.97377700110641,1.52105801941908,1.14467112678241,0.0589397057150834,0.733127216701651,0.174751057295598,0.50977675293923,1.77646341085111,1.01851947595363,0.0454973166923451,0.131321800452905,2.05048134093001,1.22118934121953,1.64617564032303,0.279188079703027,0.153036428874252,0.711412588280305,0.139594039851513,0.199567775491423,0.0103402992482602,0.042395226917867,0.158206578498382,0.178887176994902,0.68659587008448,0.722786917453391,0.805509311439473,1.67719653806781,0.251269271732724,0.359842413839457,0.100300902708124,0.109607172031559,0.68142572046035,0.355706294140152,1.68133265776712,0.178887176994902,0.119947471279819,0.0620417954895615,0.652472882565222,0.510810782864056,0.255405391432028,0.311243007372633,0.124083590979123,0.589397057150834,0.0330889575944328,0.0940967231591682,0.258507481206506,0.234724792935508,2.09494462769753,0.142696129625991,0.108573142106733,0.00103402992482602,0.140628069776339,0.355706294140152,0.0506674663164752,3.15172321086972,27.358363751047,11.3557166344394
453610981,0.00208227050776166,0.104113525388083,0.195733427729596,0.336286687003509,0.102031254880322,0.0510156274401608,0.145758935543316,0.00937021728492749,0.0385220043935908,0.168663911128695,3.10466532707264,3.55651802725692,4.12706014638362,0.218638403314975,0.387302314443669,0.485169028308468,0.260283813470208,0.0135347583004508,0.0426865454091141,1.65436391841664,0.0697560620100157,2.18117835688034,3.4763506127081,0.0530978979479224,0.251954731439161,0.215514997553332,0.21239159179169,0.0957844433570365,0.0239461108392591,0.603858447250882,1.10568563962144,0.88912950681423,3.42949952628346,2.42584514154234,0.30088808837156,0.189486616206311,0.018740434569855,3.39201865714375,2.93912482170559,0.898499724099158,0.119730554196296,1.48882341304959,0.720465595685535,0.471634270008017,2.14473862299451,0.672573374007017,0.0458099511707566,0.0905787670876324,0.472675405261898,0.881841560037064,5.85742693833356,1.32952971920582,0.37584982665098,1.21708711178669,0.276941977532301,0.129100771481223,0.00104113525388083,0.00624681152328499,0.372726420889338,0.337327822257389,0.680902456038064,0.897458588845277,1.58252558589886,3.25562993888536,0.344615769034555,0.668408832991494,0.0260283813470208,0.086414226072109,0.933898322731106,0.76315214109465,2.88498578850378,0.369603015127695,0.409166154775167,0.180116398921384,0.611146394028048,0.458099511707566,0.276941977532301,0.133265312496746,0.205103645014524,1.20251121823236,0.11244260741913,0.320669658195296,0.515361950671012,0.680902456038064,5.31083093004612,0.129100771481223,0.136388718258389,0.0218638403314975,0.380014367666504,0.526814438463701,0.158252558589886,1.37846307613822,11.6825786837968,7.88764068340118
453610982,0.123083235037694,0.280014359710754,0.397969126621878,0.127186009538951,0.0328221960100518,0.0594902302682189,0.179496384429971,0.73952510385148,1.12108313246833,0.126160315913637,13.6724960254372,1.00517975280784,2.2739627673214,0.135391558541464,0.693368890712344,0.732345248474281,0.525155136160829,0.984665880301554,0.03487358326068,2.55807990153341,0.0112826298784553,1.0390276424432,4.18790707215755,0.0584645366429048,0.310785168470178,0.182573465305913,0.183599158931227,0.449253807887584,0.0143597107543977,0.146674188419919,0.799015334119698,0.938509667162419,4.46689573824299,0.0543617621416483,0.109749217908611,0.100517975280784,0.0338478896353659,4.44843325298733,1.58674803836094,1.42161136468537,0.647212677573209,2.32935022308836,0.321042104723319,0.669777937330119,1.63803271962665,0.301553925842351,0.0287194215087953,0.0400020513872506,1.54161751884712,1.97856300323093,2.34370993384276,1.28519411251859,0.561054413046823,0.649264064823837,0.408226062875019,0.231806759320991,0.00205138725062824,0.00923124262782707,0.410277450125647,0.513872506282373,0.619518949689728,1.2349351248782,4.24944868967639,2.75193599671778,0.234883840196933,0.408226062875019,0.0738499410226165,0.218472742191907,0.402071901123135,0.721062618595825,2.46063900712857,0.166162367300887,0.141545720293348,0.551823170418996,0.372326785989025,0.130263090414893,0.539514846915226,0.126160315913637,0.328221960100518,1.44622801169291,0.190779014308426,0.177444997179343,0.0820554900251295,0.0205138725062824,0.112826298784553,0.068721472896046,0.163085286424945,0.120006154161752,0.620544643315042,0.481050310272322,0.249243550951331,0.943638135288989,10.2087286527514,7.12754500230781
453610983,2.34168297059211,0.0557543564426693,0.121645868602188,0.133810455462406,0.019260595862013,0.00709600900179428,0.125700730888927,4.47149938670208,0.135837886605776,0.108467566170284,1.90578527476761,1.3087068030452,1.14955345829067,0.0223017425770677,0.0709600900179428,0.34364957880118,0.212880270053828,3.32600079069815,0.0212880270053828,6.52325970379231,0.00810972457347917,0.384198201668576,0.911330298944722,0.0111508712885339,0.308169533792209,0.140906464464201,0.148002473465995,0.403458797530589,0.155098482467789,0.158139629182844,0.54436526199479,0.43691141139619,1.19719809015986,0.182468802903281,0.721765487039646,0.132796739890721,0.0202743114336979,2.14907701197198,1.93619674191815,3.30674019483613,0.928563463663365,3.21347836224112,0.593023609435664,0.655873974880128,6.12689691526352,0.360882743519823,0.0131783024319037,0.0314251827222318,2.31634008129999,1.37966689306314,8.0610662260383,1.91389499934108,0.814013604062972,1.17185520086774,0.658915121595183,0.120632153030503,0.0010137155716849,0.0141920180035886,0.170304216043063,0.229099719200787,0.420691962249232,1.2215272638803,1.24281529088568,8.05295650146482,0.158139629182844,0.668038561740347,0.0648777965878334,0.125700730888927,0.1946333897635,0.511926363700873,1.57430028282664,0.0679189433028881,0.516994941559297,1.21848611716525,0.365951321378248,0.0922481170233256,0.114549859600393,0.374061045951727,0.224031141342362,3.55003193204051,0.212880270053828,0.411568522104068,0.410554806532383,0.0283840360071771,0.119618437458818,0.0841383924498464,0.0608229343010938,0.274716919926607,0.14698875789431,0.628503654444636,0.113536144028708,0.44096627368293,10.066195626831,1.8054274331708
453610984,0.0184753713036427,0.0985353136194279,0.14985578946288,0.211440360475022,0.0718486661808328,0.0359243330904164,0.0800599423157852,0.0277130569554641,0.0564525234277972,0.111878637338725,1.26556293429953,1.59914602728197,3.37072885339793,0.387982797376497,0.475227606310366,0.377718702207807,0.240179826947355,0.0482412472928449,0.0297658759892022,4.13129830539789,0.0923768565182136,2.67277038192698,1.73360567399181,0.107772999271249,0.22581009371118901,0.125221961058023,0.45983146355733,0.0739014852145709,0.0656902090796186,0.280209798105248,0.317160540712533,1.73155285495807,4.20109415254498,5.7951081322426,0.495755796647747,0.197070627238856,0.0143697332361666,3.03098730331428,0.957640079238815,0.764675090067435,0.351032054769212,3.19418641649645,2.02715879581636,0.456752235006723,2.58141993492564,0.532706539255032,0.0554261139109282,0.025660237921726,2.24578402290946,0.975089041025588,6.56696808892812,3.02482884621306,0.445461730321164,1.76850359756536,0.3315302739487,0.131380418159237,0.0051320475843452,0.0102640951686904,0.0687694376302257,0.121116322990547,0.849867079967565,1.20397836328738,0.630215443357591,3.67557247990803,0.375665883174069,0.453673006456116,0.0595317519784043,0.050294066326583,0.899134736777279,0.614819300604555,2.46954129758691,0.11803709443994,0.576842148480401,0.0975089041025588,0.302790807476367,0.634321081425067,0.247364693565439,0.147802970429142,0.205281903373808,1.12494483048847,0.136512465743582,0.173463208350868,0.17141038931713,0.251470331632915,7.77915772835046,0.0646637995627495,0.0872448089338684,0.00718486661808328,0.205281903373808,0.627136214806984,0.0903240374844756,0.868342451271208,11.4557566177754,2.29505167971917
453610985,NA,0.461781126123322,0.420272710292012,0.210655210343897,0.148392586596933,0.115185853931885,0.193014133615591,0.00311313118734823,0.143204034618019,0.477346782060063,10.8803934997821,0.796961583961148,1.33449556897661,0.286408069236038,0.481497623643194,0.689039702799743,0.732623539422618,0.0103771039578274,0.186787871240894,2.07126994998236,0.0591494925596165,0.77516966564971,2.84228877404894,0.044621547018658,0.575929269659423,0.641305024593736,0.225183155884856,0.0799037004752714,0.102733329182492,0.159807400950543,1.65514808127348,1.57628209119399,1.46005852686632,5.2020422140589,0.0882053836415333,0.235560259842683,0.0747151484963576,5.31411493680344,1.99136624950709,0.592532635991947,0.175373056887284,5.61297553078887,1.79627669509993,0.733661249818401,1.37289085362057,0.916298279476164,0.355934665753482,0.245937363800511,2.52371168254364,1.50986862586389,4.81497623643194,4.19027457817072,0.38187742564805,0.408857895938401,0.185750160845111,0.123487537098147,0.0134902351451757,0.0477346782060063,0.488761596413673,0.300936014776996,0.553099640952203,0.516779777099807,2.58182346470747,1.05535147251105,0.106884170765623,0.255276757362555,0.207542079156549,0.14735487620115,2.37739451673827,1.18298985119233,3.04775543241392,0.34036900981674,0.163958242533674,0.80526326712741,0.649606707759998,0.926675383433991,0.401593923167922,0.0653757549343129,0.148392586596933,0.753377747338273,0.10584646036984,0.0767905692879231,0.905921175518336,0.652719838947347,3.04568001162236,0.265653861320383,0.348670692983002,0.143204034618019,0.877902994832202,0.238673391030031,0.504327252350414,0.928750804225557,2.84540190523629,3.2355810140506
453610986,0.00248468810952505,0.291950852869194,0.119265029257202,0.280769756376331,1.17649981986011,0.849763333457568,0.0285739132595381,0.00124234405476253,0.0173928167666754,0.273315692047756,0.324251798293019,0.324251798293019,0.305616637471581,2.33560682295355,1.23488999043395,0.196290360652479,0.183866920104854,0.00869640838333768,7.58451045432522,0.616202651162213,1.54671834817934,1.21501248555775,0.0993875243810021,2.58656032201558,0.12299206142149,0.116780341147677,0.047209074080976,1.78152137452946,0.00621172027381263,0.274558036102518,0.341644615059695,0.810008323705167,0.411215882126396,0.427366354838309,0.139142534133403,0.149081286571503,0.680804542009864,0.527996223274074,0.247226466897743,0.309343669635869,0.070813611121464,2.34803026350117,0.84106692507423,1.03238790950766,3.90717205222814,0.392580721304958,0.0670865789571764,0.920576944579032,0.0633595467928888,0.660927037133664,1.12432136956009,2.16292099934156,0.946666169729045,0.914365224305219,1.76412855776279,0.650988284695564,0.418669946454971,0.0571478265190762,0.304374293416819,0.211198489309629,1.59516976631508,1.66349868932702,8.30010062986844,4.38298982520219,0.139142534133403,0.315555389909682,0.639807188202701,1.09698980035531,1.07835463953387,0.350341023443032,2.92447790491099,0.243499434733455,0.323009454238257,1.61504727119128,0.621172027381263,0.269588659883468,0.783919098555154,0.149081286571503,0.474575428919285,1.10568620873865,0.0273315692047756,0.126719093585778,0.628626091709838,0.300647261252531,0.208713801200104,0.383884312921621,0.131688469804828,0.0285739132595381,0.406246505907346,0.565266544916949,0.186351608214379,0.788888474774204,7.17702160436311,14.1130284621023
453610987,NA,0.634742740703006,0.229240957717779,0.244523688232298,0.065206316861946,0.065206316861946,0.0886398369842078,0.00305654610290372,0.0132450331125828,0.56444218033622,13.3835965359144,1.12582781456954,0.985226693835965,0.210901681100357,1.55476311767703,0.333163525216505,0.435048395313296,0.00916963830871116,0.0723382577687213,0.577687213448803,0.065206316861946,1.03311258278146,2.61844116148752,0.152827305145186,0.158940397350993,0.0580743759551707,0.327050433010698,0.205807437595517,0.0183392766174223,0.688741721854305,0.479877738155884,0.278145695364238,6.45644421803362,0.021395822720326,0.295466123280693,0.165053489556801,0.032603158430973,3.66174223127866,1.56393275598574,0.961793173713704,0.0478858889454916,0.693835965359144,0.0662251655629139,0.532857870606215,1.59653591441671,0.618441161487519,0.0173204279164544,0.0916963830871116,0.835455934793683,0.626591951095262,0.528782475802343,0.201732042791645,0.0947529291900153,0.521650534895568,0.174223127865512,0.341314314824249,NA,0.011207335710647,0.276107997962303,0.190524707080998,0.227203260315843,0.513499745287825,0.622516556291391,2.36067244014264,0.261844116148752,0.272032603158431,0.0835455934793683,0.117167600611309,0.235354049923586,0.346408558329088,2.10494141619969,0.125318390219052,0.379011716760061,0.40855832908813,0.34538970962812,0.0224146714212939,0.192562404482934,0.186449312277127,0.124299541518085,0.551197147223637,0.0397350993377483,0.114111054508406,0.0529801324503311,0.0152827305145186,0.00815078960774325,0.0601120733571065,0.0927152317880795,NA,0.203769740193581,0.491085073866531,0.0825267447784004,3.40499235863474,19.5629139072848,19.0850738665308
453610988,0.0020399212590394,0.503860550982732,0.23969074793713,0.281509133747437,0.071397244066379,0.0979162204338913,0.145854370021317,0.0040798425180788,0.107095866099569,0.483461338392338,11.2012076333854,1.14643574758014,0.536499291127362,0.0254990157379925,0.335567047111981,0.322307558928225,0.728251889477066,0.0356986220331895,0.0805768897320563,1.07401854288424,0.0071397244066379,0.1346348030966,3.77793417174097,0.0326387401446304,0.54465897616352,0.294768621931193,0.309048070744469,0.421243739991636,0.235610905419051,0.425323582509715,2.34284956600675,1.28107055067674,0.811888661097682,0.10301602358149,0.387585039217486,0.446742755729629,0.0571177952531032,3.86565078587966,5.24565751761982,2.96196566812521,0.20399212590394,7.8332976347113,1.56767948757178,1.72067358199973,2.20311495976255,2.49278377854615,0.0693573228073396,0.126475118060443,1.77371153473476,1.2892302357129,2.31531062900972,3.22001570739369,0.474281692726661,0.280489173117918,0.370245708515651,0.159113858205073,NA,0.00917964566567731,0.828208031169997,0.499780708464653,0.352906377813816,0.64869496037453,1.35246779474312,1.25659149556827,0.144834409391797,0.364125944738533,0.0530379527350244,0.487541180910417,0.0877166141386942,0.657874606040207,4.60818212417001,0.394724763624124,0.432463306916353,0.33964688963006,0.608916495823261,0.0754770865844578,0.639515314708852,0.112195669247167,0.220311495976255,0.828208031169997,0.0622175984007017,0.309048070744469,0.334547086482462,0.242750629825689,0.0438583070693471,0.529359566720725,0.163193700723152,0.0163193700723152,1.61561763715921,0.438583070693471,0.462042165172424,0.983242046856991,9.11640810664708,3.47092602225554
453610989,0.00214330111237328,2.5344535653814,0.466167991941188,1.23668474183938,2.53123861371284,4.5555865143494,0.192897100113595,0.00107165055618664,0.00321495166855992,0.481171099727801,0.062155732258825,0.172535739546049,0.0342928177979724,2.65019182544956,0.536896928649506,0.484386051396361,0.177893992326982,0.00107165055618664,0.0353644683541591,0.00214330111237328,1.53889019868401,0.184323895664102,0.176822341770795,1.48316436976231,0.435090125811775,0.408298861907109,0.110380007287224,0.199327003450715,0.00964485500567975,0.187538847332662,0.0246479627922927,0.0321495166855992,0.0525108772531453,0.481171099727801,0.614055768694944,0.725507426538354,2.27297082967186,0.0150031077866129,0.00642990333711983,0.0160747583427996,0.00750155389330647,0.038579420022719,0.0246479627922927,0.2646976873781,0.232548170692501,1.19274706903573,4.85886362175022,0.371862742996764,0.00107165055618664,0.0525108772531453,0.196112051782155,0.0150031077866129,0.0225046616799194,0.5133206164134,0.0353644683541591,0.560473240885612,0.498317508626787,0.934479284994749,0.11788156118053,0.12752641618621,0.050367576140772,0.178965642883169,0.0610840817026384,0.189682148445035,0.227189917911567,0.452236534710761,0.603339263133078,0.150031077866129,0.679426452622329,0.305420408513192,0.986990162247894,1.73714555157854,1.67820477098828,1.29884047409821,0.719077523201235,1.22918318794607,0.845532288831258,0.0718005872645048,0.514392266969587,0.144672825085196,0.050367576140772,0.301133806288445,1.21525173071565,0.286130698501833,0.394367404676683,0.155389330647063,0.472597895278308,0.00642990333711983,1.12630473455216,0.607625865357824,2.73163726771974,15.2528023662044,0.91197462331483,29.162826585507
453610990,0.149829645745249,0.148803415294939,0.215508394565084,0.327367513648865,0.026681991708058,0.025655761257748,0.168301793850827,0.110832888633472,0.107754197282542,0.0810722055744838,6.64484216575674,1.70046385616354,1.50548007060465,0.13648864989122,0.285292065186158,0.39715118426994,0.383810188415911,0.0348918353105373,0.0369442962111572,2.93091416608514,0.025655761257748,0.9102664094249,2.18381839825951,0.0574689052173556,0.332498665900415,0.148803415294939,0.290423217437708,0.236033003571282,0.0595213661179755,0.383810188415911,0.416649562825828,0.757358072328722,3.58770165428349,1.01083699355527,0.488485694347523,0.139567341242149,0.00615738270185953,3.67082632075859,2.29772997824391,2.513238372809,0.556216904067978,2.5337629818152,0.738885924223144,0.683469479906408,2.87344526086778,0.683469479906408,0.0225770699068183,0.0431016789130167,2.29157259554206,1.10011904273224,3.26649152333648,1.41311933007676,0.463856163540085,1.18221747875703,0.360206888058782,0.230901851319732,0.00102623045030992,0.0328393744099175,0.216534625015393,0.206272320512294,0.513115225154961,1.10011904273224,1.86055580641189,4.75452567628587,0.119042732235951,0.730676080620664,0.114937810434711,0.188826402857026,0.369442962111572,0.888715569968392,3.9099380156808,0.246295308074381,0.608554657033784,0.599318582980994,0.608554657033784,0.689626862608267,0.296580600139567,0.170354254751447,0.293501908788638,1.82361151020073,0.0697836706210747,0.280160912934609,0.232954312220352,0.100570584130372,2.58096958252945,0.0851771273757235,0.0872295882763433,0.026681991708058,0.410492180123969,0.503879151102172,0.160091950248348,0.869217191412504,11.1582036862198,9.71327121218341
453610991,0.151187022432885,0.410656642013648,0.242103542679688,0.482164017488661,0.0929595881175173,0.0633351039921546,0.0653781718628693,0.0255383483839333,0.0592489682507253,0.115433334695379,10.7873983573734,3.02884811833449,2.30764515997221,0.27581416254648,0.375924488211498,0.286029501900053,0.405548972336861,0.0377967556082213,0.35242920769828,3.98500388182895,0.0561843664446533,1.30552036938667,4.90029828790912,0.0725289094103706,0.131777877661096,0.0735504433457279,0.448453397621869,0.133820945531811,0.067421239733584,0.479099415682589,0.548563723286888,1.89596698402321,5.49176643648102,1.05524455522412,0.266620357128264,0.207371388877539,0.003064601806072,1.74171535978425,1.77031830997426,2.34646344951579,0.340170800473992,3.59579945245781,1.24422833326523,0.636415641727618,2.11968291586646,0.772279655130143,0.00408613574142933,0.00817227148285866,1.10223511625056,1.49859028316921,2.95223307318269,2.12887672128468,0.70077227965513,0.679320067012626,0.423936583173293,0.13790708127324,0.00204306787071467,0.006129203612144,0.21452212642504,0.209414456748253,0.45560413516937,0.856045437829445,1.67940178972745,3.48240918563315,0.336084664732562,0.453561067298656,0.0265598823192906,0.228823601520042,0.313610918154701,0.799861071384791,4.16990152412863,0.215543660360397,0.537326849997957,0.220651330037184,0.810076410738365,0.208392922812896,0.203285253136109,0.0572059003800106,0.0776365790871573,0.979651044007682,0.103174927471091,0.141993217014669,0.175703836881461,0.280921832223266,3.04314959342949,0.0357536877375066,0.0909165202468026,0.067421239733584,0.372859886405426,0.556735994769746,0.147100886691456,0.795774935643362,8.75045969027091,4.00339149266539
453610992,NA,2.26396968564872,0.49100709825479,0.881677963387949,1.84768105886748,4.98692426749213,0.06404440412019,NA,0.002134813470673,0.240166515450712,0.019213321236057,0.056572556972834503,0.027752575118749,4.84922879863372,0.882745370123286,0.667129209585312,0.120616961093024,0.002134813470673,0.004269626941346,0.0010674067353365,0.929711266478091,0.377861984309121,0.0651118108555265,1.95548913913647,0.240166515450712,1.00976677162833,0.0437636761487965,0.068314031061536,0.0181459145007205,0.678870683674014,0.008539253882692,0.0160111010300475,0.0266851683834125,0.219885787479319,2.60660724769173,3.04637882265037,0.74398249452954,0.0010674067353365,0.0010674067353365,0.002134813470673,0.0074718471473555,0.017078507765384,0.0096066606180285,1.12824891925068,0.615893686289161,5.28046111970967,2.62261834872178,0.326626461012969,NA,0.014943694294711,0.14943694294711,0.008539253882692,0.0458984896194695,1.83593958477878,0.068314031061536,1.20616961093024,0.940385333831456,0.901958691359342,0.32342424080696,0.371457543897102,0.0928643859742755,0.291402038746864,0.131291028446389,0.358648663073064,0.528366333991568,0.867801675828574,0.624432940171852,0.424827880663927,0.865666862357901,0.345839782249026,2.26290227891338,4.52046752415008,4.6410844852431,3.62704808667343,0.605219618935795,0.967070502214869,1.46554944761701,0.184661365213214,0.915834978918717,0.27752575118749,0.0416288626781235,1.83273736457277,1.46661685435235,0.77173506964829,0.02134813470673,0.572130010140364,0.567860383199018,0.002134813470673,3.32176976036719,2.45610289800929,6.68943801035385,2.24262155094199,1.02257565245237,9.6504242941773
453610993,1.67326449822471,1.5457290943966,0.784597804350488,1.00497898216545,1.7140758274497,1.53960739501286,0.0908052075256091,11.2516834673305,2.15483818307962,0.652981267599886,0.0367301963024936,0.490756233930539,0.223442027506836,5.38913602416031,1.24678610782353,0.400971309635555,0.120393421213729,5.61665918458964,0.00510141615312411,0.00816226584499857,2.38134106027833,2.29155613598335,0.161204750438722,3.20675019385381,0.129575970289352,0.136717952903726,0.525445863771783,1.06109455984981,0.311186385340571,0.154062767824348,0.0275476472268702,0.0530547279924907,0.34077459902869,0.0132636819981227,1.5783781577766,0.556054360690528,2.4578623025752,NA,0.0102028323062482,0.0102028323062482,2.54356609394768,0.212218911969963,0.0224462310737461,0.651960984369261,0.612169938374893,1.09578418969106,0.633595886218014,0.964167652940456,0.00204056646124964,0.558094927151777,0.2836387381137,0.0357099130718687,0.132636819981227,1.61918948700159,0.189772680896217,0.45504632085867,0.966208219401706,0.146920785209974,0.273435905807452,0.225482593968086,0.229563726890585,0.718279394359874,0.284659021344325,0.434640656246174,0.820307717422356,0.813165734807983,1.03048606293107,0.290780720728074,0.0826429416806105,0.177529282128719,0.635636452679264,1.9895522997184,1.01314124801045,0.551973227768028,0.499938783006163,0.0775415255274864,1.14475778476105,0.205076929355589,0.482593968085541,0.308125535648696,0.652981267599886,1.46818756886912,1.44166020487287,0.421376974248051,0.0102028323062482,0.25813165734808,0.126515120597478,0.203036362894339,0.828469983267355,0.91621434110109,0.39995102640493,5.23099212341346,6.60633391829572,6.66449006244133
453610995,0.109649122807018,2.1412037037037,0.260924301494477,0.383771929824561,0.777696556205328,1.35132391163093,0.062946718648473,2.12394411955815,0.172595841455491,0.357374918778428,0.0791910331384016,0.0446718648473034,0.0507634827810266,2.22141000649773,0.918819038336582,0.193916504223522,0.125893437296946,8.37292884990253,0.0548245614035088,0.0131985055230669,1.3249269005848,0.504589018843405,0.0720841455490578,1.16146848602989,0.282244964262508,0.293412930474334,0.41829109811566,0.485298895386615,0.0487329434697856,0.337069525666017,0.0263970110461339,0.0233512020792723,0.101526965562053,0.0182748538011696,1.48432423651722,1.16959064327485,2.42547920727745,0.0142137751786875,0.00101526965562053,0.0345191682910981,0.47616146848603,0.122847628330084,0.0142137751786875,0.375649772579597,0.213206627680312,1.591942820013,4.00726933073424,0.148229369720598,NA,0.1137102014295,0.0802063027940221,0.0426413255360624,0.0588856400259909,0.85790285899935,0.0203053931124107,0.322855750487329,1.87012670565302,1.00105588044185,0.123862897985705,0.375649772579597,0.172595841455491,0.154320987654321,0.062946718648473,0.408138401559454,1.1523310591293,1.24472059779077,0.666016894087069,0.262954840805718,0.130969785575049,0.360420727745289,2.16963125406108,2.27420402858999,5.29767706302794,0.843689083820663,0.8010477582846,0.0578703703703704,0.888360948667966,0.148229369720598,0.725917803768681,0.177672189733593,0.390878817413905,1.1421783625731,0.904605263157895,0.0060916179337232,0.00101526965562053,0.684291747888239,0.492405782975958,0.0406107862248213,1.80311890838207,1.61427875243665,5.07939408706953,8.32622644574399,3.61334470435348,16.0412605588044
453610996,NA,0.0385833807164325,0.0619364795711153,0.0274145073511494,0.0192916903582162,0.0152302818617497,0.0822435220534481,NA,0.0446754934611323,0.042644789212899,1.73523678011534,2.1962066444643,6.16217204126391,0.0548290147022988,0.173625213223946,0.544228738526521,0.216270002436845,0.00101535212411664,0.0517829583299488,0.534075217285355,0.0101535212411664,2.8308017220372,2.08451791081147,0.0131995776135164,0.282267890504427,0.0253838031029161,0.0619364795711153,0.0507676062058322,0.0274145073511494,0.491430428072456,4.58533019251076,1.32808057834457,6.21700105596621,0.045690845585249,0.0314759158476159,0.0731053529363983,0.00609211274469986,2.09061002355617,1.43672325562505,5.16915766387783,0.056859718950532,2.59930143773861,0.339127609454959,0.518844935423605,2.16980748923727,0.162456339858663,0.0101535212411664,NA,0.269068312890911,0.421371131508407,0.908740151084396,1.45296888961092,2.42567622451466,0.355373243440825,2.34038664608886,0.0558443668264154,NA,0.00406140849646657,0.14519535374868,0.210177889692145,1.24685240841524,1.57481114450491,7.12980261554707,5.19352611485663,0.0832588741775648,0.345219722199659,0.00203070424823329,0.0964584517910811,0.15737957923808,0.29648282024206,0.863049305499147,0.0467061977093656,0.0223377467305662,0.0375680285923158,0.320851271220859,0.0842742263016814,0.0548290147022988,0.0863049305499147,0.0416294370887824,1.60121029973195,0.028429859475266,0.0314759158476159,0.0314759158476159,0.0192916903582162,0.211193241816262,0.0233530988546828,0.0131995776135164,0.00304605637234993,0.144180001624563,0.170579156851596,0.0375680285923158,0.402079441150191,25.5777353586224,0.713792543254
453610997,0.0532039746498709,0.605586417338236,0.3489554807918,0.1189265315703,0.0719818480557077,0.0735466708395274,0.161176746733432,0.145528518895235,2.26273374540333,0.64314216414991,17.7842109381113,0.685392379313043,0.763633518504029,0.0563336202175104,0.3489554807918,0.384946404819654,0.927939910805101,0.187778734058368,0.190908379626007,2.3394100618105,0.0172130506220171,0.222204835302402,2.15006650496831,0.0266019873249354,0.389640873171113,0.192473202409827,0.314529379547766,0.384946404819654,0.154917455598154,0.136139582192317,3.63351850402942,0.845004303262656,0.729207417259995,0.0578984430013301,0.150222987246694,0.206556607464205,0.0798059619748064,3.81190830138487,2.81042171974024,1.43650731554651,1.04999608794304,8.45317267819419,0.790235505828965,0.827791252640638,1.42085908770832,0.873171113371411,0.0860652531100853,0.0829356075424458,1.25655269540725,1.18613567013536,1.23777482200141,1.62115640403724,0.239417885924419,0.230028949221501,0.212815898599484,0.0954541898130037,0.00782411391909866,0.00938893670291839,0.8168374931539,0.453798607307722,0.341131366872702,0.367733354197637,0.918550974102183,0.705735075502699,0.131445113840858,0.150222987246694,0.023472341757296,0.215945544167123,0.0688522024880682,0.574289961661842,1.81206478366325,0.228464126437681,0.0938893670291839,0.189343556842188,0.366168531413817,0.0375557468116736,0.184649088490728,0.0829356075424458,0.148658164462875,0.389640873171113,0.23472341757296,0.11423206321884,0.165871215084892,0.1189265315703,0.0250371645411157,0.129880291057038,0.172130506220171,0.553947265472185,0.58367889836476,0.181519442923089,0.239417885924419,1.75103669509428,13.6749863078006,8.168374931539
453610998,0.00313194901187009,0.0626389802374017,0.23698414189817,0.205664651779469,0.0689028782611419,0.0793427083007089,0.187916940712205,0.00626389802374017,0.0208796600791339,0.209840583795296,2.07230626285404,1.23607587668473,2.75715911344963,0.381053796444194,0.885297587355278,0.694248697631203,0.288139309092048,0.0187916940712205,0.0260995750989174,1.12541367826532,0.0428033031622245,1.34673807510414,2.02323906166808,0.0751667762848821,0.585674465219706,0.576278618184096,0.183741008696378,0.013571779051437,0.0511551671938781,0.399845490515414,0.655621326484805,2.40742480712414,1.96999592846628,0.641005564429411,0.216104481819036,0.273523547036654,0.0782987252967522,6.09268481109128,0.318414816206792,0.607598108302797,0.141981688538111,4.30016599329763,2.35104972491048,0.965684278659943,2.05664651779469,1.38745341225845,0.294403207115788,0.0448912691701379,1.07425851107144,0.565838788144529,3.61635712570599,5.19381544468456,0.691116748619332,0.458308538736989,0.422813116602462,0.200444736759686,0.00313194901187009,0.0657709292492718,0.298579139131615,0.298579139131615,0.691116748619332,0.620125904350277,3.04425443953772,2.98161545930032,0.167037280633071,0.715128357710336,0.124233977470847,0.2338521928863,0.275611513044568,1.27574723083508,5.88493219330389,0.277699479052481,0.349734306325493,1.54091891384008,0.806998862058526,0.775679371939825,0.733920051781557,0.203576685771556,0.260995750989174,1.35926587115162,0.0605510142294883,0.287095326088091,0.644137513441281,0.457264555733033,3.94207982294048,0.239072107906083,0.241160073913997,0.00939584703561026,1.35300197312788,0.565838788144529,0.36330608537693,1.04607096996461,8.01987743639534,6.8923757921221
453610999,0.00911863342080467,0.0466063485952239,0.229992198502518,0.187438575872096,0.13677950131207,0.110436782540857,0.11752905297926,0.0222899928064114,0.102331330611252,0.0364745336832187,0.970627868570097,1.18238280023101,2.04662661222505,0.387035329638598,0.385008966656197,0.726451129190772,0.109423601049656,0.0476195300864244,0.0374877151744192,0.665660239718741,0.141845408768073,2.32221197783159,4.45191947233508,0.163122220083284,0.27254582113294,0.250255828326528,0.183385849907294,0.127660867891265,0.025329537280013,0.470116211917041,0.107397238067255,1.960506185473,5.99702124641587,0.154003586662479,0.218847202099312,0.231005379993718,0.0202636298240104,1.9574666409994,0.699095228928358,1.32220184601668,0.672752510157144,2.06891660503146,0.889573349274055,0.5866320834051,2.99699085097113,1.13780281461818,0.0162109038592083,0.0141845408768073,0.378929877708994,0.46808984893464,4.27663907435739,4.02131733857486,1.43669135452234,1.23912096373823,0.559276183142686,0.311046717798559,NA,0.00911863342080467,0.173254034995289,0.31307308078096,1.52179859978318,1.06282738426934,5.2736096616987,6.78122372060507,0.906797434624464,0.939219242342881,0.0385008966656197,0.0435668041216223,0.324218077184166,0.750767484979584,8.30808822784425,0.660594332262738,0.458971215513835,1.47823179566156,0.626146161561921,0.0638304339456327,0.400206689024205,0.0911863342080467,0.137792682803271,1.92200528880738,0.259374461747333,0.113476327014458,0.0709227043840363,1.28674049382466,0.197570390784101,0.227965835520117,0.0658567969280337,0.00506590745600259,0.863230630502842,1.16211917040699,0.315099443763361,0.968601505587696,8.80252079555011,3.66873017963708
453611000,0.0102685218462802,0.219746367510397,0.157108384248087,0.315243620680803,0.0739333572932176,0.046208348308261,0.0800944704009858,0.0092416696616522,0.583252040868717,0.0780407660317297,5.84997689582585,1.51460697232633,1.6635005390974,0.316270472865431,0.743440981670689,0.432304769728398,0.294706576988243,0.0595574267084253,0.0318324177234687,1.31847820506238,0.0626379832623094,1.19525594290702,2.42337115572213,0.10371207064743,0.318324177234687,0.172511167017508,0.394311238897161,0.118088001232223,0.0338861220927247,0.376854751758484,0.185860245417672,1.44580787595626,4.89295065975253,2.06499974328695,0.417928839143605,0.235149150279817,0.0277250089849566,3.74390306515377,1.1285105509062,0.856394721979771,0.594547414899625,2.37202854649073,1.60805052112748,0.870770652564563,3.25922883400934,0.710581711762592,0.0554500179699132,0.0965241053550341,0.98680494942753,0.538070544745084,3.37218257431843,3.79935308312368,0.808132669302254,2.462391538738,0.424089952251373,0.196128767263952,0.0092416696616522,0.0154027827694203,0.137598192740155,0.260820454895518,1.27740411767726,1.05046978487447,3.21918159880885,5.74831852954767,0.718796529239616,0.964214201365713,0.0492889048621451,0.144786158032551,1.31231709195461,0.624326128253838,4.50377368177851,0.46721774400575,0.583252040868717,0.174564871386764,0.425116804436001,0.460029778713354,0.251578785233866,0.0677722441854495,0.169430610463624,2.08040252605637,0.240283411202957,0.391230682343277,0.372747343019972,0.189967654156184,4.47296811623967,0.252605637418494,0.0636648354469374,0.0667453920008215,0.699286337731683,0.995019766904554,0.165323201725112,0.769112286286389,5.82943985213329,4.62596909174924
453611001,NA,0.0202459887634762,0.0627625651667763,0.00809839550539049,0.00404919775269525,0.016196791010781,0.0900946499974693,NA,0.00202459887634762,0.0384673786506048,2.21086197297161,0.671154527509237,3.03386141620691,0.0597256668522549,0.240927266285367,0.362403198866225,0.235865769094498,0.00101229943817381,0.00911069494356431,0.429214961785696,0.00404919775269525,2.06002935668371,3.02778761957787,0.0303689831452144,0.178164701118591,0.0293566837070405,0.0506149719086906,0.0182213898871286,0.016196791010781,0.357341701675356,9.0722275649137,1.0203978336792,8.14496127954649,0.0242951865161715,0.00506149719086906,0.0313812825833882,0.00101229943817381,3.26162878979602,1.50225236624994,3.10269777800273,0.0313812825833882,2.69575340385686,0.156906412916941,0.611428860656982,1.31194007187326,0.086045452244774,0.00202459887634762,0.00101229943817381,0.645847041554892,0.452497848863694,2.93668067014223,1.20666093030318,1.50630156400263,0.198410689882067,2.00840208533684,0.0668117629194716,NA,0.00101229943817381,0.309763628081186,0.209545983701979,0.457559346054563,1.3878625297363,9.6715088323126,1.78063471174774,0.0465657741559953,0.178164701118591,0.00404919775269525,0.0799716556157311,0.115402135951815,0.444399453358303,0.547653996052032,0.0111352938199119,0.0101229943817381,0.18322619830946,0.598268967960723,0.108316039884598,0.02125828820165,0.101229943817381,0.0607379662904287,1.45872349040846,0.00607379662904287,0.0222705876398239,0.0465657741559953,0.848306929189654,0.143746520220681,0.0101229943817381,0.0202459887634762,0.00101229943817381,0.177152401680417,0.0850331528066002,0.0293566837070405,0.257124057296148,26.8552917953131,0.358354001113529
453611002,0.00406582571838058,0.0945304479523485,0.251064738110001,0.41674713613401,0.121974771551417,0.0731848629308505,0.115876032973847,0.00914810786635631,0.0447240829021864,0.115876032973847,3.44070501417957,2.32666876734329,2.23315477582053,0.239883717384454,0.565149774854901,0.691190372124699,0.206340655207815,0.0152468464439272,0.0152468464439272,0.519409235523119,0.0386253443246155,1.4240554578628,6.33455646923695,0.0721684065012553,0.245982455962025,0.279525518138665,0.237850804525264,0.357792663217491,0.0203291285919029,0.689157459265509,0.546853559122188,0.951403218101056,5.05483782437666,0.20735711163741,0.419796505422795,0.361858488935872,0.0243949543102835,2.84506154643681,2.42018275886604,1.32444272776247,0.109777294396276,1.21771480265498,0.509244671227168,1.09472357467397,3.33905937122005,2.38257387097102,0.0172797593031175,0.0579380164869233,0.407599028267653,0.635285268496966,4.76514774194204,1.68426830383916,0.497047194072026,1.16587552474563,0.355759750358301,0.310019211026519,0.00203291285919029,NA,0.469602870472957,0.285624256716236,1.18213882761915,1.70561388886065,4.05972697980301,3.86660025817993,0.539738364115022,1.14961222187211,0.0182962157327126,0.313068580315305,0.191093808763887,0.751161301470813,7.5786991390614,1.00629186529919,0.597676380601946,0.922942438072392,0.677976438539962,0.0650532114940893,0.742013193604456,0.174830505890365,0.375072422520609,1.42812128358118,0.161616572305628,0.38523698681656,0.564133318425306,1.05406531749017,0.0498063650501621,0.270377410272309,0.112826663685061,0.0437076264725913,1.77473292607312,0.80604994866895,0.410648397556439,0.70135493642065,8.83097346032262,2.8257488742745
453611003,0.368075578185387,0.040897286465043,0.137005909657894,0.523485266752551,0.0991759196777294,0.0449870151115473,0.21880048258798,0.0603234975359385,0.0858843015765904,0.0368075578185387,1.00096108623193,1.92012759953377,1.78823385068401,0.232092100689119,0.554158231601333,0.400793407357422,0.105310512647486,0.0224935075557737,0.0214710753941476,1.23407561908267,0.0460094472731734,1.32404964930577,2.40782774062941,0.0613459296975646,0.435556100852708,0.0838394372533382,2.03975216244402,0.524507698914177,0.110422673455616,0.184037789092694,0.206531296648467,0.235159397173997,3.52943582193321,0.162566713698546,0.272989387154162,0.131893748849764,0.0449870151115473,6.51596016604298,1.88434247387686,2.13790564996013,0.246406150951884,0.934502995726234,0.111445105617242,0.355806392245875,1.75756088583522,0.304684784164571,0.0582786332126863,0.0756599799603296,3.19612293724311,2.22583481585997,3.92920679712901,0.468273930024743,0.460094472731734,1.65020550886449,0.260720201214649,0.113489969940494,0.00511216080813038,0.0194262110708954,0.12780402020326,0.31797640226571,1.066396744576,1.3056458703965,1.54796229270188,5.36061182340552,0.561315256732716,0.599145246712881,0.0460094472731734,0.0633907940208167,0.261742633376275,0.425331779236448,2.25753021287038,0.205508864486841,0.293438030386684,0.217778050426354,0.384434492771405,0.067480522667321,0.160521849375294,0.111445105617242,0.240271557982128,1.76574034312823,0.122691859395129,0.18506022125432,0.222890211234485,1.03163405108071,0.200396703678711,0.0572562010510603,0.0869067337382165,0.198351839355459,0.230047236365867,0.823057890108991,0.114512402102121,2.49473447436763,23.5006032349754,5.93726356256262
453611004,NA,0.0732019135598812,0.104132299571099,0.394877928076542,1.05781920158364,0.913477400197955,0.0577367205542725,0.00103101286704058,0.00309303860112174,0.202078521939954,0.0298993731441768,0.69284064665127,0.626855823160673,1.90015671395579,1.2753629165292,0.205171560541076,0.0804190036291653,0.00206202573408116,3.82505773672055,0.31961398878258,1.98882382052128,1.52486803035302,0.292807654239525,2.62392774661828,0.168055097327615,0.150527878587925,0.0381474760805015,2.56000494886176,0.031961398878258,0.235070933685252,0.10722533817222,0.796972946222369,1.06091224018476,0.599018475750577,0.0886671065654899,0.139186737050478,1.778497195645,1.4124876278456,0.521692510722534,0.364978554932366,0.0505196304849885,2.25070108874959,0.663972286374134,0.512413394919169,3.00127845595513,0.881516001319697,0.163931045859452,1.76406301550643,0.116504453975586,0.765011547344111,1.49806169580996,1.72282250082481,0.510351369185087,0.363947542065325,0.485607060376114,0.12475255691191,0.74542230287034,0.258784229627186,0.250536126690861,0.243319036621577,0.458800725833058,0.782538766083801,4.97257505773672,3.9075387660838,0.0917601451666117,0.595925437149456,0.743360277136259,0.423746288353679,1.12483503794127,0.433025404157044,4.05394259320356,0.134031672715275,0.292807654239525,3.70442923127681,1.4506351039261,1.04441603431211,0.402095018145826,0.207233586275157,0.381474760805015,0.737174199934015,0.0154651930056087,0.14124876278456,1.33516166281755,1.29082810953481,0.938221709006928,0.242288023754536,0.139186737050478,0.00309303860112174,0.450552622896734,0.464986803035302,0.209295612009238,0.840275486638073,3.60235895743979,19.7624546354339
453611005,NA,0.0286612142118678,0.0972434053616943,0.262045387079934,1.00518972700193,0.429918213178017,0.0921253313952893,0.00307084437984298,0.00511807396640496,0.0552751988371736,0.0255903698320248,1.62857113611006,1.69203525329348,1.30408524663998,0.793301464792769,0.234407787661347,0.0890544870154464,0.00818891834624794,3.60721853152222,0.923300543539455,2.3266764251277,3.19163092545013,0.272281535012744,2.29187352215614,0.223148024935256,0.171967285271207,0.0696058059431075,2.69210690632901,0.0419682065245207,0.34086372616257,0.281494068152273,1.03282732642052,2.58565096782779,0.455508583010042,0.0890544870154464,0.102361479328099,1.49243036860369,3.47107776401585,0.593696580102976,0.716530355296695,0.0562988136304546,2.10762285936556,0.478028108462224,0.368501325581157,2.5201396210578,0.413540376485521,0.282517682945554,1.83022325038641,0.242596706007595,0.708341436950447,1.58660292958554,1.63573643966303,0.741097110335439,0.427870983591455,0.581413202583604,0.146376915439182,1.22936136673047,0.482122567635347,0.315273356330546,0.334722037402885,0.560940906717984,0.937631150645389,5.54901579437626,4.66870707215461,0.105432323707942,0.400233384172868,0.672514919185612,0.330627578229761,2.0032141504509,0.316296971123827,2.6173830264195,0.0921253313952893,0.15456583378543,3.26430757577309,1.56817786330648,1.77597166634252,0.262045387079934,0.129999078746686,0.537397766472521,0.765663865374182,0.0266139846253058,0.0941725609818513,1.03896901518021,0.843458589663538,0.839364130490414,0.253856468733686,0.222124410141975,0.00102361479328099,0.242596706007595,0.325509504263356,0.14432968585262,0.552751988371736,6.26247530529311,11.2249598231194
453611006,0.0111827257385682,0.224671126202143,0.197222617571112,0.229754183356038,0.0569302401236199,0.0182990057540207,0.0935282516316613,0.0355814000772625,0.0874285830469878,0.145375434601387,4.75875810747616,1.63572779212329,2.14403350751276,0.098611308785556,0.306000040664457,0.393428623711445,0.459508366712075,0.0579468515543989,0.0233820629079153,3.37819978447838,0.0355814000772625,1.74755504950898,1.70892381513938,0.0498139601081675,0.31311632067991,0.203322286155786,0.369029949372751,0.171807331801639,0.055913628692841,0.29380070349511,0.182990057540207,1.53000020332229,3.85905699123681,0.144358823170608,0.269402029156416,0.260252526279405,0.0193156171847996,2.30160827928349,2.73875119451843,1.22806660838094,0.421893743773255,3.35075127584735,0.849887156131184,0.671980155744871,2.4845983368237,0.82447187036171,0.0294817314925889,0.12300998312425,0.589634629851778,0.98611308785556,5.75402069820873,3.37514995018604,0.754325681637964,1.79533578675559,0.443242583819612,0.291767480633552,0.00203322286155786,0.00609966858467357,0.263302360571742,0.528637944005042,0.813289144623142,1.01457820791737,2.27924282780636,5.05255881097127,0.778724355976659,0.897667893377793,0.0223654514771364,0.139275766016713,0.190106337555659,0.72077750442226,6.76961551755688,0.40766118374235,0.529654555435821,0.429010023788707,0.544903726897505,0.109794034524124,0.261269137710184,0.324299046418478,0.206372120448122,1.45782079173698,0.226704349063701,0.228737571925259,0.280584754894984,0.353780777911067,0.116910314539577,0.176890388955533,0.103694365939451,0.0203322286155786,0.620132972775146,1.06337555659476,0.229754183356038,1.34701014578208,10.843177520688,6.05595429315007
453611343,0.00101562023928013,4.90544575572302,0.369685767097967,2.50756637078264,2.90568950458045,3.66740468404054,0.0619528345960878,0.00203124047856026,0.00609372143568077,1.00647965712661,0.182811643070423,0.131015010867137,0.0619528345960878,1.58030509231988,0.574841055432553,0.262030021734273,0.206170908573866,0.00304686071784039,2.19069285612724,0.0558591131604071,1.57522699112348,0.185858503788263,0.0274217464605635,1.80780402591863,0.173671060916902,0.427576120736934,0.0832808596209705,0.598200320935996,0.0416404298104853,0.279295565802035,0.0385935690926449,0.369685767097967,0.0416404298104853,0.0589059738782474,0.78812130568138,0.771871381852898,1.86366313907904,0.0172655440677622,0.00406248095712051,0.062968454835368,0.0223436452641628,0.737340293717373,0.439763563608296,0.528122524425667,1.32538441226057,3.27131279072129,1.62600800308749,0.856167861713148,0.00203124047856026,0.0243748857427231,0.110702606081534,0.991245353537405,0.134061871584977,0.365623286140846,0.101562023928013,0.444841664804696,1.27968150149296,1.2979626658,0.294529869391237,0.187889744266824,0.0812496191424103,0.209217769291706,0.697731104385448,0.717027888931771,0.271170603887794,0.977026670187484,0.644918851942881,0.678434319839126,0.447888525522537,0.333123438483882,6.3476264955008,1.91342853080376,2.70662793768154,6.9559830188296,0.812496191424103,0.0751558977067295,1.30100952651784,0.175702301395462,0.718043509171051,0.276248705084195,0.023359265503443,0.31382665393756,0.277264325323475,1.02983892263005,0.0111718226320814,0.268123743169954,0.729215331803132,0.00406248095712051,1.80678840567935,0.917105076069956,4.89021145213382,4.15998050009141,0.943511202291239,14.3456358798318
453611345,0.00102860551949722,0.0750882029232969,0.188234810067991,0.0483444594163692,0.0195435048704471,0.0462872483773748,0.350754482148551,0.0113146607144694,0.0833170470792746,0.18103457143151,1.53673664612884,0.996718748392804,3.22776412018227,0.0308581655849165,0.146061983768605,0.93911683930096,0.638764027607772,0.0483444594163692,0.0720023863648052,0.222178792211399,0.0102860551949722,0.632592394490789,4.08356391240395,0.0390870097408943,0.910315884755038,0.228350425328382,0.237607875003857,0.0627449366893303,0.313724683446651,0.293152573056707,15.9444141577264,0.0905172857157552,3.9169298182454,0.0318867711044137,0.0349725876629054,0.295209784095701,0.00514302759748609,4.09076415104043,3.79349715590574,4.21111099682161,0.0792026250012858,0.490644832800173,0.0421728262993859,1.37215976300929,2.48922535718327,0.432014318188831,0.0216007159094416,0.0174862938314527,2.37402153899958,1.76302986041823,4.71718491241424,0.133718717534638,0.890772379884591,0.0730309918843025,2.84923728900729,0.0113146607144694,NA,0.0288009545459221,0.488587621761178,0.500930887995145,0.513274154229112,0.756025056830455,7.95009206019399,1.67456978574147,0.18103457143151,0.152233616885588,0.0699451753258108,0.161491066561063,0.190292021106985,1.0718069513161,1.11706559417398,0.0370297987018998,0.0185148993509499,1.18598216398029,0.415556629876876,0.175891543834024,0.0534874870138553,0.0915458912352524,0.102860551949722,1.41947561690616,0.0411442207798887,0.0298295600654193,0.140918956171119,0.183091782470505,0.260237196432796,0.0730309918843025,0.104917762988716,0.0174862938314527,0.414528024357379,0.264351618510785,0.0956603133132412,0.826998837675763,12.5561875765025,0.788940433454366
453611346,0.00671711969907304,0.0257489588464466,0.0828444762885675,0.0526174376427388,0.0257489588464466,0.0201513590972191,0.120908154583315,0.00671711969907304,0.083963996238413,0.0638126371411939,0.303389906408132,1.6803994447181,1.78227576015405,0.164569432627289,0.212708790470646,0.411983341543146,0.197035511172809,0.00783663964891854,0.0481393578433568,0.245174869016166,0.0111951994984551,1.18445210693655,1.28296986252295,0.0481393578433568,0.383995342797009,0.092920155837177,0.130983834131924,0.0716492767901124,0.0638126371411939,0.127625274282388,4.95163673816667,0.092920155837177,1.80354663920111,0.826205722985984,0.0403027181944382,0.150015673279298,0.00447807979938203,3.17943665756124,1.15310554834087,4.30455420715597,0.0537369575925843,0.441090860239129,0.219425910169719,1.08705387129999,1.90430343468721,0.184720791724509,0.00895615959876405,0.00895615959876405,2.32860149567865,2.59840580359142,6.7383905781201,0.307867986207514,4.09072589673548,0.182481751824818,3.72912095293538,0.0179123191975281,0.00223903989969101,0.0145537593479916,0.15449375307868,0.369441583449017,1.07697819175138,1.13519322914334,10.608571044736,4.48927499888048,0.167927992476826,0.259728628364157,0.0291075186959832,0.090681115937486,0.570955174421208,0.615735972415028,0.698580448703596,0.0111951994984551,0.0190318391473736,0.272043347812458,0.550803815323989,0.22166495006941,0.0313465585956742,0.190318391473736,0.0436612780439747,2.77640947561686,0.0660516770408849,0.0403027181944382,0.156732792978371,0.500425417580941,10.0633648291613,0.0470198378935113,0.0257489588464466,0.0302270386458287,0.212708790470646,0.395190542295464,0.0380636782947472,0.592226053468273,13.5394742734316,0.544086695624916
453611347,0.029535478220131,2.2935826535081,0.287207064071618,1.11216352470286,1.95545235112591,2.61236212533227,0.103883406153564,0.0733294631672217,0.658946703738784,0.715980730646623,0.0662002098037418,0.0407385906484565,0.0407385906484565,2.39644759489545,0.708851477283143,0.263782374448756,0.152769714931712,0.0784217869982788,2.62458370252681,0.0998095470887185,1.44723843278642,0.316742542291749,0.0234246896228625,2.16932995203031,0.200637558943648,0.384979681627914,0.0967541527900842,0.54793404422174,0.0580524916740505,0.387016611160337,0.0315724077525538,0.326927189953864,0.0549970973754163,0.248505402955585,0.943098373511768,1.17225294590934,3.24890260421441,0.029535478220131,0.00611078859726848,0.0723109984010103,0.202674488476071,0.841251896890627,0.535712467027203,0.991984682289916,2.07461272877265,4.50466966095308,2.26506564005418,0.892175135201198,0.0112031124283255,0.133418884373695,0.205729882774705,1.39325980017721,0.197582164645014,0.602931141597156,0.0947172232576614,0.317761007057961,1.36474278672329,0.919673683888906,0.327945654720075,0.222025319034088,0.436921384704696,0.38905354069276,0.913562895291637,1.25882245103731,0.301465570798578,1.12642203142982,1.13151435526088,1.12132970759877,0.429792131341216,0.522472425066455,8.9859146322833,1.08160958171652,2.3648751871429,3.27130882907106,0.631448155051076,0.119160377646735,1.76092558077953,0.348314950044303,0.896248994266043,0.542841720390683,0.117123448114312,0.446087567600599,1.52464175501848,1.30872722458167,0.0183323657918054,0.825974925397456,0.490900017313901,0.276003951643293,2.41172456638863,1.38511208204752,3.45666941652154,4.43643252161691,0.623300436921385,8.86471732510414
453611356,0.0468288710170009,3.02962435101293,0.359360684108724,0.954901761172758,2.17448844548509,2.63463300417388,0.0620991550442838,0.0285045301842614,0.101801893515219,0.838847602565408,0.147612745597068,0.0356306627303268,0.0376667006006312,4.00692252875904,1.4863076453222,0.37564898707116,0.135396518375242,0.00712613254606536,1.81512776137636,0.0712613254606536,1.95357833655706,0.410261630866334,0.0295225491194136,2.98584953680138,0.119108215412807,0.30642369948081,0.115036139672198,0.540568054565815,0.0488649088873053,0.354270589432963,0.036648681665479,0.470324748040314,0.0722793443958058,0.168991143235264,0.641351929145882,1.09335233635346,2.5297770538532,0.00509009467576097,0.00509009467576097,0.0335946248600224,0.0620991550442838,1.20838847602565,0.496793240354271,0.819505242797516,1.92303776850249,3.18945332383182,1.1137127150565,1.16155960500865,NA,0.0967117988394584,0.162883029624351,1.30408225592996,0.126234347958872,0.553802300722793,0.0895856662933931,0.494757202483966,0.558892395398554,0.159828972818894,0.502901353965184,0.260612847398962,0.455054464013031,0.336964267535376,0.938613458210323,1.16970375648987,0.271811055685636,0.844955716176321,0.570090603685229,0.891784587193322,0.370558892395399,0.568054565814924,8.00366486816655,0.6729105161356,1.58709151990227,1.63392039091927,0.664766364654383,0.117072177542502,1.48732566425736,0.281991245037158,0.66374834571923,0.380739081746921,0.0743153822661102,0.245342563371679,1.13000101801894,0.813397129186603,0.0305405680545658,0.570090603685229,0.420441820217856,0.246360582306831,1.85075842410669,1.15443347246259,2.32311921001731,7.90288099358648,0.94675760969154,15.826122365876
453611357,0.00915127050138794,11.8875003813029,0.298941503045339,1.58011937323965,1.94210296196122,1.98887612230165,0.0416891211729895,0.00915127050138794,0.0335546585050891,1.20796770618321,0.0376218898390393,0.0996471676817798,0.040672313339502,0.306059157879752,0.197260719696585,0.129134594852919,0.291823848210927,0.00711765483441284,2.71386010757827,0.105748014682705,0.588731735589291,0.0559244308418152,0.0162689253358008,0.561277924085127,0.148453943689182,0.366050820055518,0.112865669517118,0.571446002420003,0.0416891211729895,0.232848993868649,0.0589748543422779,0.19929433536356,0.0213529645032385,0.0396555055060144,0.494168607074949,1.00867337081965,1.46522008805556,0.0172857331692883,0.00508403916743775,0.0803278188455164,0.0345714663385767,0.981219559315485,0.419941635230358,0.474849258238686,1.07679949566331,2.41796902803339,1.65943038425168,1.04019441365776,0.00711765483441284,0.0366050820055518,0.14947075152267,0.97511871231456,0.0884622815134168,0.19929433536356,0.0732101640111035,0.255218766205375,1.59028745157453,2.03463247480859,0.276571730708613,0.244033880037012,0.0366050820055518,0.125067363518969,0.73006802444406,0.494168607074949,0.224714531200748,0.619235970593917,1.08493395833121,0.636521703763206,0.449429062401497,0.338597008551354,5.6514179385238,0.909026203137869,1.28931233286221,10.083683284696,0.831748807792815,0.122016940018506,1.2171189766846,0.172857331692883,0.507387108910287,0.178958178693809,0.0467731603404273,0.233865801702136,0.31521042838114,1.45505200972068,0.00711765483441284,0.288773424710464,0.559244308418152,0.0345714663385767,2.05293501581136,0.698546981605946,4.08248345145251,5.94019136323426,1.09510203666609,14.4386712355232
453611359,0.512820512820513,NA,0.256410256410256,0.256410256410256,0.256410256410256,NA,0.512820512820513,0.512820512820513,0.256410256410256,NA,1.28205128205128,0.256410256410256,0.769230769230769,NA,1.02564102564103,3.84615384615385,NA,0.769230769230769,0.256410256410256,NA,NA,0.256410256410256,0.769230769230769,NA,1.79487179487179,0.512820512820513,0.512820512820513,0.512820512820513,0.256410256410256,NA,2.56410256410256,2.82051282051282,1.53846153846154,NA,NA,0.769230769230769,NA,2.56410256410256,0.769230769230769,1.53846153846154,1.79487179487179,11.5384615384615,3.84615384615385,2.05128205128205,1.28205128205128,0.769230769230769,0.256410256410256,NA,1.79487179487179,1.02564102564103,1.28205128205128,6.92307692307692,2.30769230769231,0.256410256410256,2.30769230769231,0.256410256410256,NA,0.256410256410256,0.256410256410256,NA,NA,0.512820512820513,5.38461538461539,1.53846153846154,0.512820512820513,0.769230769230769,0.256410256410256,NA,NA,0.769230769230769,3.84615384615385,0.256410256410256,0.256410256410256,1.02564102564103,NA,NA,NA,0.256410256410256,NA,1.28205128205128,0.512820512820513,NA,NA,NA,0.512820512820513,NA,NA,NA,0.256410256410256,0.769230769230769,0.512820512820513,1.28205128205128,10.2564102564103,3.07692307692308
453611373,0.0013038829634652,0.565885206143896,0.0977912222598899,0.136907711163846,0.515033770568754,0.517641536495684,0.0482436696482124,NA,0.0547630844655384,0.474613398701333,0.409419250528073,0.039116488903956,0.0208621274154432,0.715831746942394,0.602393929120922,0.121261115602264,0.331186272720161,0.0104310637077216,14.067593292826,0.310324145304717,0.872297702558218,0.612824992828644,0.0547630844655384,3.92599160299372,0.23078728453334,0.084752392625238,0.0743213289175164,4.39669335280465,0.058674733355934,0.337705687537487,0.546326961691919,0.52416095131301,0.324666857902835,0.217748454898688,0.118653349675333,0.113437817821472,1.54249354577933,0.870993819594753,0.702792917307742,0.859258872923566,0.103006754113751,3.06021331525282,0.513729887605289,0.598482280230527,2.35220486609122,0.545023078728453,0.246433880094923,2.37567475943359,0.0365087229770256,0.713223981015464,0.792760841786841,1.19696456046105,0.513729887605289,0.538503663911127,0.601090046157457,0.202101859337106,1.15524030563017,0.0990951052233552,0.39377265496649,0.307716379377787,1.13568206117819,1.02615589224711,4.46319138394138,2.33655827052964,0.0990951052233552,0.363783346806791,0.634991003207552,0.401595952747281,0.434193026833911,0.152554306725428,1.83195556366861,0.136907711163846,0.138211594127311,0.730174459540512,1.03137142410097,0.058674733355934,0.414634782381933,0.078232977807912,0.217748454898688,0.751036586955955,0.0234698933423736,0.112133934858007,0.594570631340131,0.298589198633531,0.058674733355934,0.323362974939369,0.045635903721282,0.013038829634652,0.366391112733721,0.196886327483245,0.0860562755887032,1.3338722716249,9.98643961717996,18.2687042011109
453611376,NA,0.0245931876870107,0.0891503053654138,0.0676312661392794,0.0338156330696397,0.0204943230725089,0.0696806984465303,0.00102471615362545,0.0532852399885232,0.0625076853711522,0.737795630610321,1.95105955650285,3.60802557691519,0.169078165348199,0.182399475345329,0.426281919908185,0.192646636881584,0.00512358076812723,0.0461122269131451,0.4590728368242,0.0430380784522687,1.7799319588474,2.03406156494651,0.0256179038406361,0.20699266303234,0.0522605238348977,0.0922244538262901,0.0420133622986433,0.0327909169160143,0.169078165348199,5.50784932573677,0.0891503053654138,3.22273230315203,0.651719473705784,0.0409886461450178,0.109644628437923,0.00307414846087634,1.87010698036644,2.67553387711604,2.67041029634791,0.0420133622986433,0.356601221461655,0.109644628437923,0.596384801410009,2.46239291716195,0.220313973029471,0.00717301307537812,0.0143460261507562,1.43665204738287,0.526704102963479,2.64069352789277,0.192646636881584,2.51567815715047,0.378120260687789,2.96040496782391,0.0379144976841415,NA,0.00922244538262901,0.266426199942616,0.313563143009386,1.05135877361971,2.43882444562856,6.9065868754355,3.49325736770914,0.134237816124933,0.423207771447309,0.0122965938435053,0.136287248432184,0.602533098331762,0.703979997540681,0.560519736033119,0.0204943230725089,0.0163954584580071,0.123990654588679,0.64352174447678,0.212116243800467,0.0819772922900357,0.296142968397754,0.0860761569045374,2.20313973029471,0.0399639299913924,0.0266426199942616,0.154732139197442,0.12604008689593,3.65003893921384,0.0440627946058942,0.0379144976841415,0.0174201746116326,0.127064803049555,0.286920523015125,0.0225437553797598,1.06058121900234,28.0136902078124,1.63954584580071
453611379,0.214288686389548,0.0644946531852037,0.200765613947489,0.0655348895269005,0.018724254150543,0.0218449631756335,0.134190488078892,2.48720509299713,0.209087504681064,0.181001123455249,1.53434860400283,0.580451878666833,2.96051262846919,0.0905005617276245,0.146673324179254,0.656389131610702,0.64078558648525,4.67378188324387,0.0717763075770815,0.602296841842467,0.0093621270752715,1.52290600424416,2.28643947904964,0.024965672200724,0.324553738609412,0.0842591436774435,0.188282777847127,0.0790579619689594,0.0488911080597512,0.392169100819706,15.6201889069197,0.142512378812466,3.69491948570715,0.0353680356176923,0.0384887446427828,0.157075687596222,0.00416094536678733,1.76736154454292,2.25419215245704,3.70324137644073,0.401531227894978,0.47642824449715,0.0915407980693213,0.763533474805476,1.79128698040195,0.237173885906878,0.012482836100362,0.0093621270752715,0.694877876253485,1.18066824782591,4.22960096533933,0.203886322972579,1.58740065742937,0.152914742229435,3.17480131485874,0.0478508717180543,NA,0.0093621270752715,0.341197520076561,0.460824699371697,0.582532351350227,1.18690966587609,4.93904215037657,1.56243498522864,0.185162068822036,0.130029542712104,0.0280863812258145,0.104023634169683,0.553405733782715,0.616860150626222,0.445221154246245,0.0218449631756335,0.0104023634169683,0.469146590105272,0.504514625722964,0.0738567802604752,0.0790579619689594,0.10194316148629,0.102983397827987,1.44072733325011,0.252777431032331,0.012482836100362,0.151874505887738,0.087379852702534,0.546124079390838,0.0280863812258145,0.056172762451629,0.0426496900095702,0.111305288561561,0.173719469063371,0.0343277992759955,0.907086089959639,19.8861981442184,0.77185536553905
453611384,0.00203295418737739,6.32655343111843,0.366948230821618,1.26043159617398,2.14375019058946,3.38385224488966,0.0548897630591895,0.00406590837475477,0.0528568088718121,1.0235924333445101,0.194147124894541,0.0355766982791043,0.0355766982791043,2.88171256060745,1.16793218064831,0.285630063326523,0.200245987456673,0.00609886256213216,2.31756777361022,0.0853840758698503,1.60095142255969,0.247003933766353,0.0223624960611513,2.56660466156395,0.146372701491172,0.353734028603665,0.156537472428059,0.542798768029762,0.0447249921223025,0.261234613077994,0.0548897630591895,0.491974913345328,0.0609886256213216,0.0660710110897651,0.806066335295134,0.970735624472703,2.47105581475721,0.0294778357169721,0.0121977251242643,0.049807377590746,0.0325272669980382,1.09169639862166,0.484859573689507,0.530601042905498,1.35902987426178,2.94168470913508,2.33688083839031,1.33565090110694,0.00101647709368869,0.0426920379349251,0.0721698736518973,1.06018560871731,0.115878388680511,0.41268970003761,0.0833511216824729,0.512304455219102,0.750160095142256,0.63021579808699,0.262251090171683,0.174834060114455,0.118927819961577,0.230740300267333,0.463513554722044,0.787769747608738,0.227690868986267,0.670874881834538,0.721698736518973,0.650545339960764,0.66172658799134,0.450299352504091,5.76647455249596,0.993098120533854,2.53306091747222,3.97544191341648,0.766423728641275,0.115878388680511,1.15573445552404,0.157553949521748,0.619034550056415,0.222608483517824,0.0406590837475478,0.241921548297909,0.440134581567204,0.799967472733002,0.026428404435906,0.355766982791043,1.12117423433863,0.0559062401528782,1.18012990577257,0.880269163134409,3.5779993697842,8.06574573841978,0.965653239004259,13.9440327712215
453611387,0.00304797512852295,2.15593440757523,0.313941438237864,1.63574665230732,2.08684697132871,3.02257533578526,0.0711194196655355,0.0213358258996607,0.175766565744824,0.971288074289314,0.0975352041127344,0.064007477698982,0.0365757015422754,0.633978826732774,0.514091805010871,0.209294292158576,0.13411090565501,0.0172718590616301,1.85418486985146,0.060959502570459,0.741673947940585,0.123950988559933,0.0182878507711377,1.80744925121411,0.22047020096316,0.480564078597119,0.229614126348729,1.62457074350273,0.123950988559933,0.150366773007132,0.0457196269278443,0.298701562595249,0.0345437181232601,0.192022433096946,0.818889317863166,1.33602909800256,3.12011053989799,0.040639668380306,0.0365757015422754,0.109727104626826,0.0701034279560279,0.914392538556885,0.562859407067238,0.772153699225814,1.81557718489017,5.22930932883588,1.30351736329832,2.11732672261394,0.00711194196655355,0.0650234694084896,0.234694084896267,1.25576575295146,0.12090301343141,0.257045902505436,0.105663137788796,0.166622640359255,1.12063885558694,0.412492634060106,0.369820982260785,0.126998963688456,0.301749537723772,0.211326275577591,0.705098246398309,0.673602503403572,0.331213297299494,0.852417044276919,0.84327311889135,1.07390323694959,0.263141852762481,0.476500111759088,7.26637270639872,0.84327311889135,1.9120963972934,7.30701237477902,0.512059821591856,0.195070408225469,1.6997541300063,0.331213297299494,0.755897831873692,0.35458110661817,0.0955032206937191,0.335277264137525,2.27683742100664,2.24534167801191,0.0182878507711377,1.87958466258915,0.621786926218682,0.0619754942799667,2.27886940442566,0.922520472232947,4.86660028854165,5.04744681283401,0.649218702375389,9.12970150163575
453611439,0.00204271313158137,2.40529471243706,0.152182128302812,1.76694685881788,1.34716931027791,0.995822651645916,0.103157013144859,0.00510678282895342,0.0888580212237894,0.729248587974548,0.0132776353552789,0.641411923316549,0.0980502303159056,0.264531350539787,0.353389371763576,0.216527591947625,0.0898793777895801,0.00408542626316273,0.00306406969737205,0.00102135656579068,0.364624293987274,0.0449396888947901,0.131754996986998,0.576045103105945,0.554596615224341,0.603621730382294,0.215506235381834,1.11021458701447,0.0929434474869522,0.171587903052835,0.0102135656579068,0.00306406969737205,0.0377901929342553,0.019405774750023,1.92117170025228,2.62692908721364,5.49898375021704,0.0980502303159056,0.0122562787894882,0.022469844447395,0.0316620535395112,0.0316620535395112,0.00714949596053478,1.06833896781705,0.19405774750023,3.12739380445107,6.50604132408665,1.99675208612079,0.0214484878816043,0.0531105414211155,0.0357474798026739,0.00919220909211615,0.00817085252632547,0.34419716267146,0.0255339141447671,0.285979838421391,1.86091166287062,3.3541349620566,0.256360498013461,0.1644384070923,0.0602600373816503,0.126648214158045,0.0173630616184416,0.167502476789672,0.302321543474042,0.647540062711293,1.99879479925237,0.392200921263622,0.115413291934347,0.454503671776854,0.890622925369476,1.3706605112911,4.60018997232124,3.3541349620566,0.324791387921437,0.109285152539603,1.55552604969921,0.257381854579252,1.03974098397492,0.185886894973904,0.0929434474869522,1.11430001327764,0.291086621250345,0.213463522250253,0.00510678282895342,0.930455831435312,0.763974711211431,0.120520074763301,1.86908251539695,1.03871962740912,6.73993197765272,5.15989337037453,0.335004953579344,20.5752280178533
453611440,0.00312940071976217,3.14713399050748,0.38074375423773,0.966984822406509,1.66379804934022,1.98508318990247,0.191936577478746,0.00625880143952433,0.0104313357325406,3.61654409847181,0.223230584676368,0.093882021592865,0.0917957544463569,1.74411933448078,1.72221352944244,0.636311479684974,0.466280707244563,0.0135607364523027,0.0312940071976217,0.0312940071976217,1.04626297397382,0.387002555677255,0.158556303134616,1.45725760183592,0.71767589839879,0.75105617274292,0.282689198351849,0.670734887602358,0.100140823032389,0.389088822823763,0.108485891618422,0.0156470035988108,0.113701559484692,0.0177332707453189,1.5302769519637,1.52297501695092,2.59948886454911,0.0208626714650811,0.00625880143952433,0.0208626714650811,0.0156470035988108,0.0646742815417514,0.0229489386115892,1.04104730610755,1.16100766703176,4.18192249517551,4.22677723882543,1.59077869921243,0.00417253429301622,0.0344234079173838,0.0928388880196109,0.0521566786627028,0.0959682887393731,1.38319511813488,0.141866165962551,0.655087884003547,1.671099984353,1.00975329890993,0.199238512491525,0.262869660460022,0.0917957544463569,0.250352057580973,0.525739320920044,0.60188807176759,0.546601992385125,1.04730610754707,0.745840504876649,0.313983205549471,0.167944505293903,0.286861732644865,2.60574766598863,5.19167579408543,1.79731914671674,1.02644343608199,0.415167162155114,1.0671256454389,1.27679549366296,0.329630209148281,0.897094872998487,0.322328274135503,0.157513169561362,0.816773587857925,1.51462994836489,0.137693631669535,0.00730193501277839,0.624837010379179,0.922130078756585,0.0365096750638919,3.05846763678089,1.62833150784958,3.41521931883378,5.18541699264591,0.996192562457623,15.1410838157826
453611441,2.4424782419945,6.10361151882248,0.288384015876625,0.366940235255204,0.6377524652182,1.08634982324851,0.0775225849130713,2.33187935418519,0.571599859425713,2.38046017406404,0.281148574618072,0.154011535360635,0.0609844334649495,3.42649825315775,1.0170963140595,0.285283112480103,0.263576788704443,0.650156078804292,0.0454799164823352,0.0289417650342133,1.01502904512848,0.947842804870486,0.0713207781200256,2.57478345357948,0.231534120273706,0.205693258636016,0.169516052343249,0.567465321563682,0.0268744961031981,0.149876997498605,0.0630517023959647,0.125069770326422,0.170549686808757,0.035143571827259,1.41194467988341,0.556095342443098,2.25539040373762,0.00413453786203047,0.00826907572406094,0.00930271018956856,0.896161081595105,0.144708825171067,0.0155045169826143,0.582969838546296,0.537489922063961,1.51013995410663,2.61716246666529,0.627416120563124,NA,0.0940607363611932,0.158146073222666,0.0620180679304571,0.0806234883095942,2.28639943770285,0.0475471854133504,0.54679263225353,1.67552146858785,0.335931201289976,0.237735927066752,0.269778595497488,0.104397081016269,0.341099373617514,0.301821263928224,0.700804167614165,0.302854898393732,0.820705765613049,0.697703264217642,0.181919665929341,0.165381514481219,0.269778595497488,3.15878692659128,3.14638331300519,2.51173175118351,1.94840096748186,0.470303681805966,0.157112438757158,0.964380956318608,0.178818762532818,0.587104376408327,0.172616955739772,0.160213342153681,0.808302152026957,1.18971326979927,0.523019039546855,0.00930271018956856,0.219130506687615,0.436193744444215,0.690467822959089,1.3023794265396,1.81919665929341,2.00731813201579,9.99214437806214,2.2657267483927,15.5696359539412
453611442,0.0136344090532476,7.9603972857038,0.162564107942568,1.40958813596652,0.943920626763296,0.779258917427921,0.0996360661583479,0.0660744438734307,2.86112829978919,2.78980985243374,0.176198516995815,0.337713824241979,0.103831268943963,0.208711338584329,0.437349890400327,0.24332176156565,0.284224988725393,0.178296118388623,0.0314640208921099,0.0115368076604403,0.734160487482564,0.139490492621687,0.184588922567045,0.995311860887076,0.562157173272363,0.422666680650676,0.264297775493723,1.52076100978531,0.0450984299453575,0.679622851269573,0.0503424334273758,0.0115368076604403,0.112221674515192,0.0503424334273758,1.94342769043599,0.83904055712293,3.83231774465898,0.0136344090532476,0.0398544264633392,0.0146832097496513,2.31784953905209,0.170954513513797,0.0115368076604403,0.667037242912729,1.67808111424586,3.66241203184159,2.60312332847389,4.74162794844096,0.0146832097496513,0.633475620627812,0.110124073122385,0.0356592236777245,0.093343261979926,1.37183131089599,0.179344919085026,0.406934670204621,2.86637230327121,1.28687845448729,0.555864369093941,0.227589751119595,0.136344090532476,0.493985128006125,0.327225817277943,0.603060400432106,0.334567422152768,0.546425162826308,3.87322097181873,0.544327561433501,0.405885869508217,0.579986785111225,1.93713488625756,2.44055922053132,2.39860719267518,2.0608933684332,0.681720452662381,0.878894983586269,2.03677095241591,0.358689838170053,1.02258067899357,0.550620365611923,0.202418534405907,1.01209267202953,0.593621194164473,0.224443349030384,0.0293664194993025,1.18514478693614,1.53124901674935,0.251712167136879,1.54278582440979,0.824357347373279,2.00635573222021,2.30945913348086,1.13689995490157,9.74965127376845
453611443,NA,5.56280188313938,0.277172030081317,1.73028715837528,2.29176432225325,1.60291030631585,0.0733690667862311,NA,0.00101901481647543,1.81282735850979,0.0815211853180345,0.72146249006460506,0.400472822874845,3.5502476206004,1.51221798764954,0.568610267593291,0.292457252328449,NA,0.0478936963743453,0.0173232518800823,1.85970204006766,1.19326635009273,1.01595777202601,2.56587930788514,0.248639615220005,0.61344691951821,0.0397415778425418,0.155909266920741,0.0112091629812297,0.452442578515092,0.0407605926590173,0.0244563555954104,0.835592149509854,0.0672549778873785,3.91607393971508,1.86581612896652,1.14639166853486,NA,0.00407605926590173,0.00407605926590173,0.00305704444942629,0.0152852222471315,0.00815211853180345,0.853934416206412,0.433081297002058,3.04379725681211,1.26154034279658,0.276153015264842,NA,0.128395866875904,0.14062404467361,0.00713310371532802,0.0397415778425418,2.81859498237104,0.0529887704567224,0.851896386573461,0.352579126500499,0.248639615220005,0.219088185542218,0.162023355819594,0.244563555954104,0.276153015264842,0.0336274889436892,0.601218741720505,0.234373407789349,1.1698290093138,1.0536613202356,0.39028267471009,0.164061385452544,0.280229074530744,1.27988260949314,2.56587930788514,8.66366396967412,2.33252491491226,0.545172926814356,0.121262763160576,1.28395866875904,0.192593800313857,0.796869586483787,0.387225630260664,0.0305704444942629,1.54686449140971,0.765280127173049,0.228259318890497,0.0173232518800823,0.771394216071902,0.224183259624595,0.00101901481647543,1.19836142417511,2.17559663317505,3.72959422830008,2.90521124177146,0.256791733751809,16.010760796462
453611444,0.025658394400312,2.18609520290658,0.146766015969785,0.916517847979145,1.13204836094177,0.477246135845803,0.0605538107847363,0.0184740439682246,0.195003797442371,0.862122051850483,0.0944228913931482,0.439271712133342,0.14881868752181,2.54018104563089,0.433113697477267,0.214504177186608,0.110844263809348,0.0195003797442371,0.0338690806084119,0.00410534310404992,0.792331219081635,1.15360141223803,0.0585011392327114,1.25726132561529,0.232978221154833,0.25658394400312,0.208346162530533,0.269926309091282,0.0102633577601248,0.360243857380381,0.0123160293121498,0.0246320586242995,0.0954492271691607,0.0451587741445491,2.78239628876983,1.55695137221093,2.50220662191843,0.00923702198411232,0.00205267155202496,0.0102633577601248,0.0636328181127738,0.0749225116489111,0.0133423650881622,0.567563684134902,0.866227394954533,2.57302379046329,3.32327524272841,0.474167128517766,0.00205267155202496,0.0431061025925242,0.112896935361373,0.0400270952644867,0.051316788800624,2.89426688835519,0.0646591538887863,0.26068928710717,0.307900732803744,1.32192047950407,0.142660672865735,0.205267155202496,0.171398074594084,0.354085842724306,0.0564484676806864,0.894964796682883,0.561405669478827,1.45123878728165,0.983229673419956,0.166266395714022,0.147792351745797,0.417718660837079,1.37426360408071,2.30515015292403,8.17271178438738,1.54668801445081,0.191924790114334,0.131370979329597,0.865201059178521,0.437219040581317,0.909333497547058,0.404376295748917,0.0975018987211856,1.66266395714022,0.363322864708418,0.00410534310404992,0.00410534310404992,0.298663710819632,0.959623950571669,0.141634337089722,1.40197467003305,1.7109017386128,2.93224131206766,13.7713734425355,0.968860972555781,19.0375023092555
453611445,0.0170548419762298,0.702446303895966,0.343228694771625,0.470074081969834,1.18531151734797,0.836753184458775,0.0884719927516922,0.00639556574108618,0.0138570591056867,2.47508394180035,0.223844800938016,0.132175025315781,0.0341096839524596,3.09758567393274,0.589457975803443,0.318712359430795,0.135372808186324,0.00106592762351436,0.0543623087992325,0.0607578745403187,1.27165165485264,0.422107338911688,0.0127911314821724,1.12881735330171,0.240899642914246,0.208921814208815,0.735490060224911,0.731226349730853,0.011725203858658,0.348558332889197,0.0575600916697756,0.00746149336460054,0.0266481905878591,0.239833715290732,1.48910089004957,1.00516974897404,3.03469594414539,0.00959334861162927,0.00319778287054309,0.0149229867292011,0.00746149336460054,0.0213185524702873,0.00319778287054309,0.238767787667217,0.131109097692267,0.29313009646645,1.90161488034962,0.62783137024996,NA,0.0490326706816607,0.121515749080637,0.011725203858658,0.0394393220700314,1.17571816873634,0.0181207695997442,0.237701860043703,0.375206523477056,0.432766615146832,0.229174439055588,0.153493577786068,0.0596919469168044,0.196130682726643,0.00852742098811491,0.363481319618398,0.450887384746576,0.381602089218142,0.633161008367532,0.0650215850343762,0.557480147098012,0.223844800938016,0.190801044609071,0.391195437829771,1.29190427969941,0.966796354527528,0.320844214677823,0.578798699568299,0.541491232745297,0.254756702019933,0.407184352182487,0.206789958961787,0.263284123008048,0.809039066247402,0.513777114533923,0.249427063902361,0.108724617598465,0.214251452326387,0.23450407717316,0.0916697756222352,0.289932313595907,3.02510259553376,0.583062410062357,35.1702819378564,2.65735756542131,19.8443745669669
453611446,0.0154817934109487,6.14730410370737,0.168235488398976,0.999091734786558,0.880397985302617,0.990834778300718,0.102179836512262,0.0681198910081744,1.42432499380728,1.77627776401618,0.0887622822227727,0.36537032449839,0.106308314755181,0.581083312690942,0.286929237882916,0.159978531913137,0.194038477417224,0.0836016844191231,0.0134175542894889,0.0103211956072992,0.424201139459995,0.231194781603501,0.104244075633721,1.29531004871604,0.48096771530014,0.302411031293865,0.542894888943935,2.18499711006523,0.259062009743209,0.432458095945834,0.0340599455040872,0.00825695648583932,0.0412847824291966,0.023738749896788,2.17054743621501,1.50483031954422,8.82152588555858,0.0196102716538684,0.0350920650648171,0.023738749896788,0.562505160597804,0.12282222772686,0.0185781520931385,1.18487325571794,1.07856494096276,4.37618693749484,3.17170341012303,3.0808768887788,0.00619271736437949,0.105276195194451,0.113533151680291,0.0516059780364957,0.0495417389150359,0.630625051605978,0.0712162496903641,0.199199075220874,2.19531830567253,1.68441912311122,0.591404508298241,0.357113368012551,0.12282222772686,0.199199075220874,0.176492444884815,0.518124019486417,0.424201139459995,0.818470811658823,2.77536949880274,0.304475270415325,0.206423912145983,0.36640244405912,1.48728428701181,2.07559243662786,4.54545454545455,3.00140368260259,0.440715052431674,0.110436792998101,1.52753694988027,0.590372388737511,1.24267195111882,0.49128891090744,0.172363966641896,1.83407645941706,0.342663694162332,0.00206423912145983,0.00309635868218974,1.06927586491619,0.779250268351086,0.401494509123937,2.78156221616712,1.01147716951532,3.36883824622244,2.95908678061267,0.932003963339113,9.8639666418958
453611447,0.00208357207596704,2.65967975497192,0.237527216660242,1.06366354478117,1.42620508599944,1.327235412391,0.0948025294565002,0.0052089301899176,0.109387533988269,3.20036670868537,0.387544406129869,0.28128223025555,0.205231849482753,1.83354342685099,1.23764181312442,0.405254768775589,0.258362937419913,0.0114596464178187,0.0531310879371595,0.0572982320890935,1.1251289210222,0.73133379866443,0.275031514027649,1.54184333621561,0.454218712560814,0.497973726156122,0.230234714394358,1.56476262905125,0.0729250226588463,0.341705820458594,0.0958443154944837,0.030211795101522,0.203148277406786,0.0406296554813572,3.22745314567294,1.21055537613685,3.09618810488702,0.0197939347216869,0.0270864369875715,0.0291700090635385,0.05625644605111,0.0572982320890935,0.0447967996332913,1.24910145954224,2.20233568429716,3.68375543030972,2.24296533977852,2.45757326360312,0.0104178603798352,0.120847180406088,0.367750471408182,0.0750085947348134,0.142724687203742,3.34830032607903,0.228151142318391,0.985529591932409,1.65123087020388,0.720915938284595,0.243777932888143,0.395878694433737,0.226067570242424,0.516725874839825,0.284407588369501,0.734459156778381,0.378168331788017,1.01678317307191,1.02615924741377,0.239610788736209,0.312535811395056,0.257321151381929,1.46683474148079,4.08588484097136,2.88678911125233,0.645907343549782,0.463594786902666,2.5982143787309,1.10116784214858,0.462553000864682,0.878225630020106,0.451093354446864,0.131265040785923,1.18555251122524,2.6867661919595,0.0187521486837033,0.0510475158611924,0.574024106928919,0.59798518580254,0.104178603798352,1.75436768796425,1.19597037160508,1.70123660002709,3.81710404317161,0.775088812259738,15.4173915761181
453611448,0.00101919137356421,0.0173262533505916,0.0519787600517749,0.0519787600517749,0.0907080322472151,0.071343396149495,0.057074716919596,0.00509595686782107,0.153897897408196,0.717510726989207,0.00101919137356421,1.01613379944352,2.70085713994517,0.115168625212756,0.303719029322136,0.191607978230072,0.0580939082931602,0.0621706737874171,0.0611514824138529,0.014268679229899,0.510614878155671,3.08407309640531,0.175300916253045,1.16595493135746,0.255817034764618,0.0305757412069264,0.0927464149943435,9.38675255052641,15.0901474769918,0.180396873120866,2.13520592761703,0.600303719029322,1.29437304442655,0.0254797843391054,0.132494878563348,0.0907080322472151,0.0652282479081097,NA,1.12620646778846,0.936636872305513,0.164089811143838,1.17512765371954,0.203838274712843,0.316968517178471,0.0601322910402886,0.0183454447241559,0.0101919137356421,0.75216323369039,0.146763557793247,2.11686048289287,7.83248570584099,0.510614878155671,16.84825259639,0.260912991632439,7.28008398136918,0.177339299000173,0.811276333357114,0.0499403773046465,0.587054231172987,0.368947277230246,3.75572021158413,2.36248560392185,0.596226953535065,0.290469541465801,0.185492829988687,0.392388678822222,0.961097465271054,0.218106953942742,0.143705983672554,0.143705983672554,0.00611514824138529,0.0275181670862338,0.0275181670862338,0.102938328729986,0.555459298592497,0.133514069936912,0.114149433839192,0.685915794408716,0.66757034968456,1.43705983672554,0.0366908894483117,0.610495632764964,1.54815169644404,1.76422026763965,0.127398921695527,0.268047331247388,0.0529979514253391,0.0336333153276191,0.0407676549425686,0.210972614327792,0.028537358459798,0.0958039891150361,0.522845174638442,0.0397484635690043
453611449,0.0325344322741568,0.0433792430322091,0.245815710515851,0.115677981419224,0.0686838014676644,0.0469941799515598,0.0253045584354553,0.751906879224957,21.7113111376206,1.95568087336876,0.00361493691935076,0.307269638144814,0.672378266999241,0.0614539276289629,0.0867584860644182,0.122907855257926,0.0939883599031197,8.0974586993457,0.187976719806239,0.0506091168709106,0.253045584354553,0.863969923724831,0.0795286122257167,0.4771716733543,0.187976719806239,0.00361493691935076,0.303654701225464,4.97053826410729,0.542240537902614,0.0939883599031197,6.31890973502512,0.0614539276289629,0.495246357951054,0.00722987383870151,0.155442287532083,0.130137729096627,0.0614539276289629,NA,0.437407367241442,0.38318331345118,13.8560532118715,0.260275458193255,0.148212413693381,0.307269638144814,0.101218233741821,0.0469941799515598,0.00361493691935076,0.28558001662871,0.0686838014676644,1.23630842641796,1.30499222788562,0.14459747677403,4.44637241080143,0.0759136753063659,4.65242381520442,0.184361782886889,0.325344322741568,0.0433792430322091,0.213281278241695,0.0506091168709106,0.23858583667715,1.20738893106315,0.177131909048187,0.0506091168709106,0.726602320789502,0.0831435491450674,0.600079528612226,0.0867584860644182,0.216896215161045,0.0542240537902614,0.00361493691935076,0.0216896215161045,0.0397643061128583,0.126522792177277,0.538625600983263,0.162672161370784,0.155442287532083,0.166287098290135,0.234970899757799,0.274735205870658,1.43512995698225,0.224126088999747,0.585619780934823,0.263890395112605,0.0686838014676644,0.0650688645483136,0.0722987383870152,1.29776235404692,0.0253045584354553,0.0903734229837689,0.0108448107580523,1.12424538191809,10.790586704262,0.516935979467158
453611450,0.0401213929324623,1.53284296075305,0.472197932205133,0.449565351576565,0.950568386399877,0.637827272259657,0.118306671467517,0.0185175659688288,0.0195463196337637,3.64487423486446,0.15225554241037,0.544210688750579,0.390926392675274,2.68916208013991,0.735558870428476,0.557584486394733,0.297309809166195,0.0123450439792192,0.044236407592202,0.0720127565454452,2.58011419165681,2.32292577542308,0.199578210997377,2.59245923563603,0.473226685870068,0.441335322257085,0.706753767810298,1.54107299007253,0.0576102052363561,0.618280952625894,0.0709840028805103,0.029833856283113,0.440306568592151,0.0617252198960959,3.70865696209043,1.10282392881025,2.44123244689059,0.00308626099480479,0.014402551309089,0.0288051026181781,0.0370351319376575,0.0689264955506404,0.00720127565454452,1.06270253587778,0.796255336659637,0.440306568592151,0.690293709171339,1.34458104006996,0.0164600586389589,0.261303430893473,0.353891260737616,0.0257188416233733,0.192376935342832,2.99264441129572,0.257188416233733,0.676919911527185,1.24684944190114,0.355948768067486,0.37549508770125,0.36726505838177,0.262332184558408,0.555526979064863,0.15431304974024,1.09047888483103,1.40836376729592,0.793169075664832,1.44951391389332,0.353891260737616,0.175916876703873,0.336402448433723,0.697494984825883,1.63468957358161,1.83941155290366,1.27256828352451,0.508204310477856,0.109047888483103,1.00406357697649,0.313769867805154,0.67383365053238,0.727328841108996,0.577130806028496,2.15935394269842,0.984517257342729,0.37343758037138,0.0133737976441541,0.477341700529808,0.255130908903863,0.0493801759168767,1.3723573890232,7.36999125559385,1.31989095211152,12.2905200349776,2.12952008641531,10.8831850213466
453611451,0.00102880658436214,5.43312757201646,0.229423868312757,1.09979423868313,1.32407407407407,1.51131687242798,0.0936213991769547,NA,0.0133744855967078,1.4022633744856,0.0246913580246914,0.123456790123457,0.0823045267489712,1.80658436213992,1.03703703703704,0.402263374485597,0.360082304526749,0.00411522633744856,0.00925925925925926,0.0051440329218107,1.48868312757202,0.522633744855967,0.353909465020576,1.91049382716049,0.37962962962963,0.585390946502058,0.0637860082304527,0.521604938271605,0.0288065843621399,0.1440329218107,0.0205761316872428,0.0195473251028807,0.237654320987654,0.0257201646090535,1.16049382716049,1.22942386831276,2.83024691358025,0.00308641975308642,0.0051440329218107,0.00308641975308642,0.00925925925925926,0.0236625514403292,0.00617283950617284,0.866255144032922,0.323045267489712,1.96296296296296,1.34465020576132,1,NA,0.135802469135802,0.0154320987654321,0.0133744855967078,0.0133744855967078,0.747942386831276,0.0277777777777778,1.07716049382716,0.476337448559671,0.218106995884774,0.364197530864198,0.187242798353909,0.0555555555555556,0.140946502057613,0.0555555555555556,0.26440329218107,0.219135802469136,0.859053497942387,0.856995884773663,0.452674897119342,0.1059670781893,0.404320987654321,1.5082304526749,1.92283950617284,4.9372427983539096,1.32407407407407,0.429012345679012,0.0720164609053498,1.38065843621399,0.505144032921811,0.827160493827161,0.284979423868313,0.0534979423868313,1.24588477366255,0.201646090534979,0.269547325102881,NA,0.420781893004115,0.476337448559671,0.0174897119341564,3.47530864197531,1.07201646090535,4.87962962962963,8.96604938271605,0.369341563786008,26.6368312757202
453611452,NA,0.0184286504085018,0.114667158097344,0.0685955320760898,0.195548457112435,0.113643344185761,0.117738599832095,0.00511906955791715,0.0163810225853349,1.29512459815304,0.00307144173475029,0.692098204230399,2.06298503184061,1.01152814464443,0.401335053340705,0.411573192456539,0.0870241824845916,0.00614288346950058,0.141286319798513,0.0102381391158343,1.63400700288716,9.04232446710486,0.164834039764932,1.68519769846633,0.272334500481193,0.0255953477895858,0.118762413743678,4.65425804205828,2.18891414296537,0.385977844666953,2.73563077175093,0.142310133710097,0.959313635153674,0.181215062350267,0.323525196060364,0.145381575444847,0.49552593320638,0.00204762782316686,0.348096729938366,0.163810225853349,0.0276429756127526,0.408501750721789,0.361406310788951,0.809836804062494,0.138214878063763,0.0235477199664189,0.0655240903413396,1.38726785019555,0.0726907877224236,1.00845670290968,1.4210537092778,0.115690972008928,12.5468394864549,0.591764440895223,8.55089378954481,0.421811331572373,0.814955873620411,0.145381575444847,0.575383418309888,0.103405205069926,0.3460491021152,2.09267563527653,0.745336527632737,0.538526117492884,0.136167250240596,0.279501197862277,0.752503225013821,0.165857853676516,0.286667895243361,0.112619530274177,0.00819051129266745,0.021500092143252,0.0235477199664189,0.0440239981980875,0.447406679361959,0.524192722730716,0.117738599832095,0.192477015377685,0.716669738108401,0.790384339742408,0.0163810225853349,0.686979134672482,0.540573745316051,0.185310317996601,2.24010483854455,0.0276429756127526,0.0552859512255053,0.00102381391158343,0.0460716260212544,0.461740074124127,0.021500092143252,0.818027315355161,24.051436410918,0.474025841063128
453611453,0.158032229974521,4.51520657070061,0.422494329115557,2.32103118717681,1.78135649705974,0.874014986185618,0.0838538363130113,1.88241112030875,0.22468527935153,2.62527010610735,0.106429869166514,1.57817220137821,0.486997280125566,2.53389092550984,1.92111289091476,0.448295509519561,0.361216525656049,4.39157591459809,0.0731033444780099,0.0268762295875036,2.36510820370032,1.85876003827175,0.167707672626023,2.41456046614133,0.241886066287533,0.468721444006063,0.179533213644524,0.44077016523506,0.0430019673400058,0.258011804040035,0.0645029510100087,0.0634279018265086,0.397768197895054,0.627828723164085,3.01013771380041,1.22233092163966,1.96518990743827,0.00430019673400058,0.00430019673400058,0.00537524591750073,0.393468001161053,0.0870789838635118,0.0354766230555048,1.07397413431665,0.770810264569604,3.29180059987744,1.60827357851622,0.631053870714585,0.00107504918350014,0.0688031477440093,0.163407475892022,0.07417839366151,0.133306098754018,2.9542351562584,0.120405508552016,1.18577924940066,0.7428589857986,0.302088820563541,0.137606295488019,0.153732033240521,0.204259344865028,0.387017706060052,0.106429869166514,0.747159182532601,0.51494855889657,1.25135724959417,0.348315935454047,0.597727346026081,0.225760328535031,0.421419279932057,1.57387200464421,3.7110697814425,4.16796568443006,0.342940689536546,0.507423214612069,1.28683387264967,1.03957256044464,0.208559541599028,1.25888259387867,0.44399531278556,0.261236951590535,2.10279620292628,1.4803427256797,0.366591771573549,0.325739902600544,0.748234231716101,0.553650329502575,0.0247261312205033,1.77813134950924,1.27285823326417,2.2027757769918,2.79297777873338,2.30383040024081,7.89193605607456
453611454,0.00101889022476718,9.21789986346871,0.155890204389379,1.07696696757891,1.0433435901616,1.55584537321949,0.0692845352841685,0.0163022435962749,0.0132455729219734,1.78509567379211,0.0193589142705765,0.0927190104538137,0.0203778044953437,0.218042508100177,0.373932712489556,0.165060216412284,0.276119250911907,0.0142644631467406,0.00407556089906873,0.00203778044953437,0.475821734966275,0.0448311698897561,0.0967945713528824,0.921076763189534,0.316874859902594,0.45951949137,0.203778044953437,1.74943451592525,0.245552544168891,0.11207792472439,0.0152833533715078,0.00509445112383592,0.049925621013592,0.00305667067430155,2.55741446416563,1.84826686772767,4.17031768997208,0.0213966947201109,0.0478878405640576,0.0244533653944124,0.0142644631467406,0.0193589142705765,0.00203778044953437,1.17070486825749,0.408574980131641,4.57481710920465,2.77341919181627,2.70209687608257,0.00305667067430155,0.0815112179813747,0.0061133413486031,0.00917001202290465,0.0305667067430155,0.582805208566829,0.038717828541153,0.436085016200355,1.66894218816865,0.856886679029201,0.341328225297007,0.205815825402971,0.0346422676420842,0.135512399894035,0.0560389623621951,0.183400240458093,0.229250300572616,0.855867788804434,1.3846718154586,0.649033073176696,0.0407556089906873,0.328082652375033,1.43969188759603,3.52739795814399,5.35121146047725,1.57826095816437,0.260835897540399,0.07234120595847,1.3164061703992,0.595031891264035,0.799828826442239,0.176268008884723,0.0519634014631264,1.55380759276995,0.105964583375787,0.244533653944124,0.00101889022476718,0.541030709351375,0.479897295865343,0.0152833533715078,3.84019725714752,0.907831190267561,7.96772155767938,4.23246999368288,0.364762700466652,15.2629755670124
453611455,0.00102109584005555,0.0102109584005555,0.054118079522944,0.0510547920027774,0.101088488165499,0.0888353380848326,0.127636980006943,0.00102109584005555,0.0234852043212776,0.342067106418608,NA,0.762758592521494,2.02891743419037,0.247105193293443,0.370657789940164,0.235873139052832,0.054118079522944,0.011232054240611,0.0255273960013887,0.0132742459207221,0.39210080258133,4.41113402903997,0.0939408172851104,1.0404966610166,0.363510119059775,0.0173586292809443,0.236894234892887,10.734780566504,30.9422672412033,0.131721363367166,1.02415912757571,0.526885453468663,1.00475830661466,0.0275695876814998,0.162354238568832,0.097004104805277,0.446218882104274,0.00510547920027774,2.05852921355198,0.622868462433884,0.0469704086425552,0.497273674107052,0.196050401290665,0.380868748340719,0.0439071211223885,0.00816876672044438,0.0602446545632773,2.0054322298691,0.14907999264811,0.685155308677272,2.99691629056303,0.45642984050483,12.8076051218167,0.521779974268385,5.27191782220679,0.219535605611943,1.19161884534482,0.144995609287888,0.349214777298997,0.165417526088999,1.86247881226132,1.97888373802765,0.217493413931832,0.22464108481222,0.161333142728777,0.235873139052832,1.0956358363796,0.0888353380848326,0.128658075846999,0.129679171687055,0.00408438336022219,0.0336961627218331,0.0173586292809443,0.0163375334408888,0.379847652500664,1.02518022341577,0.0673923254436661,0.698429554597995,0.737231196520105,0.971062143892826,0.011232054240611,0.650438050115384,0.491147099066718,0.576919149631384,0.34410929809872,0.063307942083444,0.0520758878428329,0.00102109584005555,0.0357383544019442,0.280801356015276,0.0122531500806666,0.105172871525721,0.189923826250332,0.0234852043212776
453611456,0.00329561682961661,1.12050972206965,0.400966714270021,1.98615840931561,2.73316489069538,1.67527188838844,0.166977919367242,0.0252663956937273,0.0856860375700319,2.65297154784137,0.0845874986268263,1.6071624739097,0.525101614852246,1.10293309897836,0.928265407008678,0.559156322091618,0.185653081401736,0.0439415577282215,0.0296605514665495,0.0340547072393716,2.61232560694277,0.472371745578381,0.224101944413929,1.79391409425464,0.530594309568274,0.961221575304845,0.261452268482918,1.29957156981215,0.941447874327145,0.177963308799297,0.045040096671427,0.0296605514665495,0.134021751071075,0.551466549489179,2.30473470284522,0.9524332637592,3.44611666483577,0.0505327913874547,0.06151818081951,0.0384488630121938,0.0329561682961661,0.128529056355048,0.030759090409755,0.575634406239701,0.392178402724377,3.25826650554762,3.15280676699989,2.07514006371526,0.00659123365923322,0.145007140503131,0.259255190596507,0.0274634735801384,0.0582225639898934,0.949137646929584,0.0823904207404152,0.555860705262001,1.46325387234977,1.2501373173679,0.23618587278919,0.215313632868285,0.260353729539712,0.207623860265846,0.0384488630121938,0.188948698231352,0.455893661430298,0.687685378446666,1.04251345710205,0.614083269251895,0.198835548720202,0.349335383939361,0.712951774140393,3.36592332198176,2.58376359441942,2.14434801713721,0.559156322091618,12.6364934636933,0.842579369438647,0.102164121718115,0.838185213665824,0.215313632868285,0.251565417994068,1.20070306492365,3.6702186092497,1.13918488410414,1.06558277490937,1.58519169504559,0.729429858288476,0.0186751620344941,1.16664835768428,0.508623530704163,3.18905855212567,1.97956717565638,1.79611117214105,5.92002636493464
453611457,0.0856108714969982,1.69487851925703,0.59385769089057,0.985066863174321,1.49656472832094,1.70029692884545,0.199397472853768,0.0238410021890375,0.0151715468475693,2.04382409675112,0.0281757298597716,0.386874444613017,0.134376557792757,1.86718394416871,0.606861873902772,0.691389063482087,0.314267756128221,0.0151715468475693,0.0173389106829363,0.0433472767073409,1.69812956501008,0.406380719131321,0.0596025054725937,1.38277812696417,0.783502026485186,1.01649363878714,0.830100348945578,0.481154771451484,0.0325104575305056,0.482238453369167,0.0379288671189233,0.022757320271354,0.0357615032835562,0.0899455991677323,3.70619215847764,1.7165521576107,2.77314202735213,0.0260083660244045,0.00975313725915169,0.0162552287652528,0.0130041830122023,0.0357615032835562,0.0119205010945187,0.663213333622315,0.385790762695334,0.728234248683326,3.87307917380091,1.02949782179935,0.00325104575305056,0.0335941394481892,0.257916296408678,0.0260083660244045,0.141962331216541,2.06549773510479,0.109451873686036,0.308849346539804,0.489824226792952,1.90511281128763,0.23082424846659,0.283924662433083,0.0812761438262641,0.319686165716639,0.0390125490366068,0.6707991070461,1.22456056698238,0.896204945924272,0.823598257439476,0.108368191768352,0.473568998027699,0.564598279113115,0.377121307353866,1.33834716833915,2.68102906434903,2.48163159149526,0.585188235549102,5.31762717007304,1.01974468454019,0.469234270356965,0.900539673595006,0.500661045969787,1.11294132946098,1.78699148226013,2.04057305099807,0.705476928411973,0.578686144043,0.428054357484991,0.900539673595006,0.184225926006199,0.967727952491385,6.48150154966514,2.07741823619931,9.41827954658748,0.726066884847959,10.5713171070028
453611458,0.00406702456482837,0.00915080527086384,0.0427037579306979,0.043720514071905,0.066089149178461,0.0386367333658695,0.0904912965674313,0.011184317553278,0.144379372051407,0.658857979502196,0.00813404912965674,1.31669920286319,3.10720676752888,0.198267447535383,0.210468521229868,0.228770131771596,0.0345697088010412,0.0284691719537986,0.105742638685538,0.0955750772734667,0.472791605661298,4.40153733528551,0.134211810639336,0.733081177810314,0.270457133561087,0.0183016105417277,0.0976085895558809,7.7547990889865,0.23792093704246,0.32536196518627,2.66898487066862,0.287741987961607,1.08284529038555,0.0152513421181064,0.180982593134863,0.0772734667317391,0.331462502033512,0.0132178298356922,0.664958516349439,0.491093216203026,0.131161542215715,0.157597201887099,0.204367984382626,0.484992679355783,0.198267447535383,0.0233853912477631,0.0396534895070766,1.12249877989263,0.179965836993655,1.32381649585163,1.87083129982105,0.226736619489182,15.5106149341142,0.426020823165772,9.32670408329266,0.132178298356922,0.857125427037579,0.0965918334146738,0.277574426549536,0.0589718561900114,0.703595249715308,2.76150967951846,0.749349276069627,0.224703107206768,0.165731251016756,0.188099886123312,1.07877826582073,0.15047990889865,0.343663575727997,0.23792093704246,0.00711729298844965,0.0427037579306979,0.0101675614120709,0.032536196518627,1.03505775174882,0.301976573938507,0.175898812428827,0.166748007157963,0.496176996909061,0.787986009435497,0.043720514071905,0.63648934439564,0.47584187408492,0.306043598503335,0.433138116154222,0.0142345859768993,0.0691394176020823,0.0305026842362128,0.0457540263543192,0.19928420367659,0.0122010736944851,1.19265495363592,25.0355864649422,2.49308605823979
453611459,0.004072946471301,3.18504414055738,0.20364732356505,0.876701727947541,1.36647354112149,1.90919365842234,0.0712765632477675,NA,0.0509118308912625,0.954087710902259,0.0672036167764665,0.298343329022798,0.119133684285554,2.4234031504241,0.815607530878025,0.319726297997129,0.153753729291613,0.0061094197069515,0.020364732356505,0.008145892942602,0.798297508374996,0.708692686006374,0.20364732356505,3.01092567890927,0.287142726226721,0.284088016373245,0.302416275494099,1.41229418892362,0.0519300675090878,0.555957193332587,0.028510625299107,0.0213829689743303,0.18226435459072,0.0417477013308353,2.05683796800701,0.85328228573756,5.05045362441324,0.00509118308912625,0.0112006027960778,0.0458206478021363,0.0295288619169323,0.0845136392794958,0.0213829689743303,0.681200297325092,0.895029987068395,3.02518099155882,1.1251514626969,1.33185349611543,NA,0.073313036483418,0.150699019438137,0.028510625299107,0.0722947998655928,1.76765876854463,0.10284189840035,0.44802411184311,0.590577238338645,0.319726297997129,0.337036320500158,0.38794815139142,0.333981610646682,0.354346343003187,0.155790202527263,0.665926748057714,0.531519514504781,1.2259568878616,0.75247686057286,0.282051543137594,0.0763677463368938,0.310562168436701,1.11496909651865,2.60566750501482,6.62362919895325,1.80227881355069,0.256595627691963,0.0946960054577483,1.01110896150047,0.435805272429207,0.748403914101559,0.424604669633129,0.0804406928081948,1.71674693765337,0.24234031504241,0.00509118308912625,0.008145892942602,0.865501125151463,0.215866162978953,0.0152735492673788,1.66888981661558,0.97750715311224,2.30019651966724,6.79062000427659,1.62816035190258,23.4408251789551
453611460,NA,1.59326833939468,0.195593044222365,1.08493016717093,1.11854772164665,0.878131271456659,0.105946232287114,0.00203742754398297,0.0132432790358893,2.74339618797307,0.258753298085837,0.358587247741002,0.131414076586901,1.77256196326518,0.704949930218107,0.45230891476421903,0.24754744659393,0.00407485508796593,0.0366736957916934,0.0499169748275827,1.27135478744537,1.20513839226592,0.119189511323004,2.70264763709341,0.443140490816295,0.413597791428542,0.227173171154101,1.60956775974654,0.0478795472835997,0.161975489746646,0.101871377199148,0.0173181341238552,0.330063262125241,0.0438046921956338,2.25543229118914,0.587797846439086,3.91593573953526,0.0224117029838126,0.0213929892118212,0.029542699387753,0.00814971017593187,0.0376924095636849,0.0112058514919063,1.30904719700906,1.19902610963398,1.87341462669234,1.2682986461294,1.7348695537015,0.0162994203518637,0.186424620274442,0.166050344834612,0.0366736957916934,0.15076963825474,5.56828947770545,0.168087772378595,0.736530057149843,1.68597129264591,0.48083290037998,0.372849240548883,0.39118608844473,0.197630471766348,0.591872701527052,0.736530057149843,1.38545072990842,0.700875075130141,1.57798763281481,1.38035716104846,0.20578018194228,0.203742754398297,0.526675020119597,3.28738934221652,6.29768853845135,4.96113606959852,1.80108594888094,0.515469168627691,0.186424620274442,1.15522141743834,0.409522936340576,1.03093833725538,0.640770962582643,0.0865906706192761,2.26663814268105,0.984077503743773,0.42582235669244,0.00713099640394039,0.334138117213207,0.352474965109053,0.00407485508796593,2.36035980970427,2.1647667654819,1.90906960871204,3.1172641422939402,1.1837454030541,12.3305114961849
453611461,0.00715117585763031,0.0725333551273931,0.125656375784075,0.183887379196208,0.274809472243222,0.184908975747298,0.0807061275361134,0.0194103344707108,0.268679892936681,3.96890260098482,0.00919436895981039,1.45883987495658,1.81537707128701,0.336105265308624,0.381055513556586,0.412725006640378,0.208405696422369,0.0521014241055922,0.180822589542938,0.00612957930654026,1.18709519236663,2.91563655681098,0.271744682589952,2.04012831252682,0.398422654925117,0.092965286149194,0.143023517152606,7.36366794025703,0.94599840630938,0.290133420509572,3.01370982571563,0.136893937846066,0.797866906401324,0.0286047034305212,0.436221727315449,0.303414175673743,0.130764358539526,0.00204319310218009,0.959279161473551,0.414768199742558,0.151196289561326,0.332018879104264,0.0950084792513741,1.826614633349,0.218621661933269,0.0633389861675827,0.0306478965327013,1.38222013362483,0.112375620619905,0.979711092495352,4.20489140428662,0.116462006824265,12.672905216272,0.360623582534785,12.9620170402305,0.370839548045686,0.760067834010992,0.147109903356966,0.627260282369287,0.153239482663507,0.920458492532129,2.30063543305478,1.75612447132378,0.69366405819014,0.262550313630141,0.495474327278671,1.2208078785526,0.492409537625401,0.315673334286823,0.320781317042274,0.0163455448174407,0.0500582310034121,0.0326910896348814,0.220664855035449,0.909220930470139,0.370839548045686,0.333040475655354,0.439286516968719,1.48233659563165,2.04932268148663,0.0725333551273931,1.76634043683469,2.56420734323601,0.828514802934025,0.155282675765687,0.335083668757534,0.125656375784075,0.0163455448174407,0.184908975747298,0.731463130580471,0.0612957930654026,0.322824510144454,8.55382792227693,0.112375620619905
453611462,0.0112353812369133,0.748684949696134,0.151166947551198,0.290077115571217,0.662887492977887,0.893723507481742,0.109289617486339,0.0520913130075073,1.5167764669833,8.04555436392421,0.290077115571217,0.209386650324294,0.0949900413666309,0.197129870793116,0.279863132628569,0.319697666104898,0.325826055870487,0.163423727082376,0.161380930493846,0.10111843113222,0.519891731780808,0.307440886573719,0.127674786783106,1.25631990194576,0.550533680608753,0.289055717276952,0.403452326234615,5.02323681119452,0.183851692967673,1.0285480823247,0.515806138603748,0.0163423727082376,0.133803176548695,0.0122567795311782,7.41433021806854,1.71697053265921,1.63730146570655,0.177723303202084,0.33501864051887,0.247178387212093,0.693529441805832,0.0970328379551606,0.0459629232419182,4.54726520606711,3.26643174505899,1.90695061539247,0.315612072927838,3.22557581328839,0.0163423727082376,0.158316735611052,0.114396608957663,0.0571983044788315,0.592411010673612,1.98866247893366,1.79970379449466,0.296205505336806,2.00704764823043,0.838567999591441,0.564833256728461,0.340125631990195,0.329911649047546,0.84673918594556,0.818140033706144,1.82217455696849,0.464736223890506,0.80690465246923,1.45140697615035,0.455543639242122,0.146059956079873,0.523977324957867,1.06736121750677,1.49226290792094,1.9498493437516,0.911087278484245,0.449415249476533,0.172616311730759,0.949900413666309,0.330933047341811,0.97952096419999,1.22874214800061,0.218579234972678,4.94969613400746,0.443286859710944,0.17057351514223,0.0102139829426485,1.00607731985088,0.26964914968592,0.183851692967673,2.21439150196619,4.81997855063582,1.22874214800061,0.976456769317195,3.04785251008631,3.87007813696951
453611463,NA,2.83986004712699,0.197892546387441,0.895616782103985,1.99830669264431,2.38083094468189,0.105066661226322,NA,NA,1.79735395224057,0.053043362949211,0.448828455724093,0.275417461467057,1.53519733151082,1.16389379086634,0.441688003019391,0.196872481715341,0.00204012934420042,0.0163210347536034,0.0214213581141044,2.22680117919476,0.788509991533463,0.510032336050106,3.15301990146175,0.249915844664552,0.499831689329103,0.0683443330307141,0.882355941366683,0.0550834922934114,0.133628472045128,0.0244815521304051,0.0234614874583049,0.463109361133496,0.0316220048351065,1.59844134118103,0.506972142033805,2.92656554425551,0.00510032336050106,0.00306019401630063,0.0153009700815032,0.00714045270470148,0.0234614874583049,0.00714045270470148,0.646721002111534,0.394765028102782,1.82693582773148,0.847673742515275,1.06800771168892,0.00510032336050106,0.174431058929136,0.178511317617537,0.00612038803260127,0.058143686309712,2.76233513204737,0.0408025868840084,0.648761131455734,0.613058867932227,0.416186386216886,0.249915844664552,0.24073526261565,0.125467954668326,0.426387032937888,0.0744647210633154,0.320300307039466,0.199932675731641,1.26896045209266,1.21489702447135,0.320300307039466,0.038762457539808,0.265216814746055,0.878275682678282,6.16119061948528,5.3226974590189,3.16934093621536,0.318260177695266,0.0397825222119082,1.14553262676854,0.493711301296502,0.634480226046331,0.33866147113727,0.0316220048351065,1.68616690298165,0.689563718339743,0.554915181622515,0.00306019401630063,0.500851754001204,0.269297073434456,0.00306019401630063,2.49099792926872,0.658961778176736,2.99899013597462,3.77729948078708,0.560015504983016,24.267338549264
453611464,0.0417281563279222,1.74647600631011,0.27275965599715,0.927179278408224,1.56124370261055,1.11037606228691,0.0692076739097247,0.0193374382983054,0.0254439977609282,3.4237443387105,0.296168133937204,0.359269248384306,0.120095669431581,0.933285837870846,0.413210523637474,0.4111750038166,0.240191338863162,0.0193374382983054,0.0732787135514732,0.103811510864587,2.41412650755687,0.629993384560582,0.0753142333723475,2.60648313062948,0.354180448832121,0.551625871456923,0.619815785456211,3.34639458551728,0.105847030685461,0.323647651519007,0.0590300748053534,0.0122131189252455,0.156735026207318,0.0305327973131138,2.3327057147219,1.83909215815989,2.15357997048496,0.00203551982087426,0.0122131189252455,0.0804030329245331,0.0305327973131138,0.0590300748053534,0.00610655946262277,1.82891455905552,0.461045239428019,0.946516716706529,0.190321103251743,1.23454277136024,NA,0.213729581191797,0.055976795074042,0.0111953590148084,0.172001424863875,0.734822655335606,0.211694061370923,1.01267111088494,0.532288433158618,0.120095669431581,0.344002849727749,0.349091649279935,0.232049259579665,0.56689227011348,0.202534222176988,0.696147778738995,1.76174240496667,1.30069716553865,1.11342934201822,0.764337692738283,0.127219988804641,0.414228283547911,0.713449697216427,1.33937204213526,1.93170831000967,2.48944074092921,0.446796600681899,0.0722609536410361,1.68948145132563,0.41829932318966,1.40959747595542,0.887486641901175,0.60251386697878,5.52847183349448,0.571981069665666,0.186250063609994,0.00101775991043713,2.64414024731566,0.481400437636762,0.0325683171339881,5.10203043102132,7.52938781741387,2.9769477380286,5.34629280952623,3.12146964531067,8.91048801587706
453611465,0.00102329008227252,2.74651058081945,0.237403299087225,1.25967009127748,1.90638942327371,3.09545249887438,0.111538618967705,0.00409316032909009,0.00818632065818018,0.960869387253899,0.0153493512340878,0.417502353567189,0.195448405714052,1.57484343661741,1.34460316810609,0.420572223814007,0.1340510007777,0.00409316032909009,0.00511645041136261,0.00102329008227252,1.44386230608653,0.385780361016741,0.687650935287135,2.09979124882322,0.331545986656297,0.550530064262617,0.11767835946134,0.45843395685809,0.0532110842781712,0.356104948630838,0.0153493512340878,0.0112561909049977,0.24354303958086,0.0143260611518153,2.22770250910728,2.3351479677459,3.50476853178339,0.0194425115631779,0.00306987024681757,0.00818632065818018,0.0173959313986329,0.0276288322213581,0.00613974049363514,1.03045311284843,0.345872047808113,4.00515738201465,4.68973844705497,1.00998731120298,0.00204658016454505,0.0521877941958987,0.0276288322213581,0.00716303057590766,0.023535671892268,0.88821579141255,0.0317219925504482,0.558716384920797,0.756211370799394,1.22999467889157,0.327452826327207,0.154516802423151,0.123818099954975,0.158609962752241,0.0491179239490811,0.23126355859359,0.280381482542671,0.867749989767099,1.19008636568294,0.354058368466293,0.151446932176333,0.291637673447669,1.25455364086611,2.9828905898244,5.87982481273791,2.18779419589865,0.374524170111743,0.265032131308583,1.21055216732839,0.181122344562236,0.819655355900291,0.233310138758135,0.045024763619991,0.935287135197086,0.277311612295854,0.159633252834514,0.00306987024681757,0.988498219475257,0.5474601940158,0.00613974049363514,1.77131513241374,1.33539355736564,5.19729032786214,3.46076705824567,0.597601408047153,21.0848921452253
453611466,NA,0.0224324985724774,0.0693368137694755,0.0693368137694755,0.0897299942899095,0.0601598825352802,0.115221469940452,0.0010196590260217,0.00713761318215189,1.41528672811812,0.0112162492862387,1.61208092014031,3.64935965413166,0.477200424178155,0.433355086059222,0.457826902683743,0.138673627538951,0.00407863610408679,0.380332816706093,0.196794192022188,0.369116567419855,10.6748103434212,0.110123174810343,0.844277673545966,0.298760094624358,0.020393180520434,0.117260787992495,4.86785219022759,0.286524186312097,0.362998613263725,5.10033444816054,0.516967126193001,1.99037441879436,0.0122359083122604,0.280406232155967,0.0938086303939962,0.64238518639367,0.00917693123419528,0.28244555020801,0.211069418386492,0.0163145444163472,0.111142833836365,0.243698507219186,0.452728607553634,0.171302716371645,0.0254914756505425,0.0489436332490415,0.824904152051554,0.0774940859776491,0.355861000081573,1.86699567664573,0.31813361611877,18.3344889468962,0.493514968594502,9.8733583489681,0.123378742148626,0.717839954319276,0.0489436332490415,0.2161677135166,0.0662778366914104,0.891181988742964,2.5236560894037,0.42009951872094,0.408883269434701,0.212089077412513,0.254914756505425,0.376254180602007,0.115221469940452,0.294681458520271,0.164165103189493,0.0152948853903255,0.0244718166245208,0.0254914756505425,0.0326290888326944,0.910555510237377,0.213108736438535,0.153968512929276,0.152948853903255,0.475161106126111,0.854474263806183,0.0122359083122604,0.633208255159475,0.299779753650379,0.153968512929276,0.365037931315768,0.0377273839628028,0.043845338118933,NA,0.0387470429888245,0.365037931315768,0.0193735214944123,0.923811077575659,16.8468064279305,1.0522881148543901
453611467,0.00417466811388495,3.37730650413292,0.355890456708692,0.698213242047257,1.19082407948568,0.951824329965768,0.135676713701261,0.00521833514235618,0.00626200217082742,3.45766886532521,0.0553143525089755,0.254654754946982,0.11793437421725,3.14769975786925,0.831802621691575,0.588628204057777,0.299532437171245,0.00104366702847124,0.00626200217082742,0.0386156800534358,3.64761626450697,1.07810804041079,0.0761876930784003,2.13116807213827,0.390331468648242,0.409117475160725,0.316231109626785,0.603239542456375,0.0198296735409535,0.520789847207147,0.0688820238791016,0.0156550054270685,0.151331719128329,1.4079068214077,3.26667779911497,0.882942306086666,1.39851381815146,0.0135676713701261,0.00730566919929866,0.0260916757117809,0.0114803373131836,0.0657510227936879,0.0104366702847124,0.799448943808967,1.02905569007264,1.13342239291976,1.73874926943308,0.867287300659597,0.00104366702847124,0.124196376388077,0.367370794021875,0.0156550054270685,0.231694080320615,3.39713617767387,0.180554395925524,0.852675962261,0.918426985054688,0.896509977456792,0.305794439342072,0.148200718042916,0.187860065124823,0.674208900392419,0.201427736494949,1.56236954162144,0.626200217082742,1.12611672372046,0.917383318026217,0.27030976037405,0.594890206228605,0.329798780996911,1.52792852968189,1.49348751774234,3.66640227101945,1.66986724555398,0.434165483844034,0.80988561409368,1.00609501544627,0.22751941220673,0.865199966602655,0.605326876513317,0.141938715872088,2.47870919261919,0.688820238791016,0.28700843282959,0.433121816815563,0.403899140018369,0.199340402438006,0.00313100108541371,1.11463638640728,3.36165149870585,1.08750104366703,3.80416631877766,3.43679552475578,18.7119061534608
453611468,0.00204480160312446,0.0531648416812359,0.134956905806214,0.120643294584343,0.29342903004836,0.202435358709321,0.131889703401527,0.0071568056109356,0.0194256152296823,2.44660511813841,0.00613440480937337,1.19825373943093,2.58871882955556,0.854727070106023,0.148248116226523,0.49995399196393,0.19732335470151,0.0173808136265579,0.205502561114008,0.0204480160312446,2.44660511813841,5.11711601181895,0.20652496191557,1.63175167929332,0.384422701387398,0.0736128577124805,0.122688096187467,3.40663947080535,0.512222801582677,0.486662781543621,2.83205022032737,0.102240080156223,0.583790857692032,0.0378288296578025,0.256622601192119,0.200390557106197,0.340459466920222,0.0214704168328068,0.454968356695192,0.2842274228343,0.0388512304593647,0.318989050087415,0.157449723440583,0.908914312588821,0.166651330654643,0.0408960320624891,0.101217679354661,1.95278553098386,0.150292917829648,0.345571470928033,1.41602511016369,0.125755298592154,14.2267071537384,0.451901154290505,9.5441114825834,0.218793771534317,1.06329683362472,0.722837366704495,0.266846609207742,0.084859266529665,0.622642088151397,2.28302098988846,1.23199296588249,0.647179707388891,0.221860973939004,0.532670817613921,0.966168757476306,0.286272224437424,0.705456553077938,0.177897739471828,0.0184032144281201,0.0337392264515535,0.035784028054678,0.135979306607776,0.600149270517028,2.26666257706346,0.101217679354661,0.503021194368616,1.22279135866843,1.51928759112147,0.0480528376734247,0.849615066098212,1.72376775143392,0.374198693371776,2.14090727847131,0.0909936713390383,0.119620893782781,0.00204480160312446,0.108374484965596,0.498931591162367,0.035784028054678,0.843480661288838,17.3634328129313,0.735106176323242
453611469,0.037567265712255,2.80739161336176,0.508681084374048,0.485328459742106,1.50167529698447,0.947304294852269,0.0761498629302467,0.024367956137679,0.0142146410803127,2.68250583815616,0.214234947710427,0.414255254340542,0.206112295664534,5.19240532033709,1.34836023961824,0.923951670220327,0.259924865468576,0.00913798355162961,0.105594476596609,0.0690425423900904,4.89795918367347,2.26012793176972,0.0395979287237283,2.68961315869631,0.253832876434156,0.653873489694385,0.261955528480049,0.46603716113311,0.0324906081835719,0.373641994111077,0.037567265712255,0.0172606355975226,0.175652350492436,0.0203066301147325,4.76495075642197,2.26418925779267,0.696517412935323,NA,0.00507665752868311,0.00507665752868311,0.00812265204589298,0.0345212711950452,0.00710732054015636,1.13412529190781,0.440653873489694,0.696517412935323,0.293430805157884,0.369580668088131,NA,0.15026906284902,0.178698345009646,0.0233526246319423,0.39394862422581,3.4572037770332,0.188851660067012,1.61945375164991,0.419331911869225,0.109655802619555,0.230480251802213,0.226418925779267,0.214234947710427,0.835617829221241,0.101533150573662,1.32602294649203,1.97989643618641,2.13625748806985,0.862016448370393,0.483297796730633,0.166514366940806,0.292415473652147,0.738146004670525,1.74840085287846,3.57193623718144,1.52807391613362,0.489389785765052,0.0487359122753579,1.07523606457508,0.345212711950452,1.02345415778252,0.53812569804041,0.793989237486039,4.42379937049447,0.711747385521373,0.215250279216164,0.00304599451720987,0.958472941415372,0.247740887399736,0.0233526246319423,1.8712559650726,12.9657833282567,2.4063356685958,4.08873997360138,1.12701797136765,2.9332927200731
453611470,0.521380908447229,4.15495526423069,0.166284034587079,0.870040980968524,0.822837771150256,0.659772137232605,0.0686592142811166,0.783144162893986,4.72461218271933,3.95970562361877,0.299311262256743,0.50850730576952,0.141609629454803,0.231724848198768,0.331495268951016,0.269272856008754,0.263908854893042,0.431265689703263,0.0439848091488403,0.0439848091488403,0.65333533589375,0.145900830347373,0.169502435256507,1.26697706353123,0.513871306885232,0.550346514472075,0.392644881670135,2.78606217950093,0.25854485377733,0.0901152187439655,0.079387216512541,0.0118008024545669,0.127663226553951,0.0611496127191194,5.61718196837385,1.31954427446521,3.23556547299762,0.00429120089256979,0.0482760100414101,0.0439848091488403,0.817473770034544,0.134100027892806,0.0354024073637007,2.42023730340936,1.76368356684618,1.66284034587079,0.876477782307379,2.32583088377282,0.0171648035702791,0.237088849314481,0.573948119381209,0.0590040122728345,0.267127255562469,3.80093119059369,0.577166520050636,0.35509687386015,2.10268843735919,0.264981655116184,0.424828888364409,0.321840066942734,0.168429635033364,0.49563370309181,0.325058467612161,0.708048147274015,0.536400111571223,0.739159353745146,1.16184264166327,0.238161649537623,0.143755229901088,0.182376037934216,0.988049005514193,1.81303237711073,1.86238118737529,1.26161306241552,0.573948119381209,0.089042418520823,1.05241701890274,0.721994550174866,1.05027141845645,0.512798506662089,0.446284892827258,4.08522324972644,4.22254167828867,0.0139464029008518,0.00107280022314245,0.575020919604351,0.620078528976334,1.18758984701869,1.89027399317699,1.66391314609393,1.15862424099384,3.59495354775034,2.17242045186345,8.03312807089064
453611471,0.0192814448229321,2.30306146496133,0.222807806842771,1.22651412901429,0.929794117016946,0.758403496368661,0.093193649977505,0.109261520663282,7.3687254964972,2.3726889045997,0.16817704651113,0.709128692932279,0.115688668937592,0.311716691304068,0.694132013625554,0.313859074062172,0.215309467189408,0.259228313730531,0.0407052724039677,0.0257085930972428,0.580585727446066,0.175675386164492,0.0653426741221587,1.19116481350558,0.545236411937357,0.395269618870107,0.40919510679778,2.85365383379395,0.445615613685541,0.0267797844762945,0.114617477558541,0.0214238275810356,0.083552927566039,0.0332069327506052,1.39683355828352,0.580585727446066,2.46481136319815,0.0846241189450907,0.419907020588298,0.0889088844612979,4.52042761959852,0.251729974077169,0.0332069327506052,1.02834372388971,0.698416779141761,1.0797609100842,1.02941491526876,6.97988302590141,0.024637401718191,0.128542965486214,0.178888960301647,0.0792681620498318,0.112475094800437,2.585855989031,0.127471774107162,0.279580949932515,2.53550999421557,0.854810720483322,0.358849111982347,0.153180367204405,0.0535595689525891,0.308503117166913,0.396340810249159,0.771257792917283,0.845169998071855,0.831244510144182,1.29185680313645,0.191743256850269,0.190672065471217,0.355635537845191,2.13059965293399,3.76952246288322,3.13859074062172,1.78032007198406,0.330998136127,0.176746577543544,1.16866979454549,0.288150480964929,0.971570580799966,0.411337489555884,0.905156715298755,2.2259356856696,1.0840456756004,0.399554384386315,0.00214238275810356,0.323499796473638,0.736979668787626,1.53394605480215,2.21201019774193,1.5950039634081,2.6769072562504,5.02924352464811,0.986567260106691,7.61188593954196
453611472,0.0183879202180591,7.88409120408428,0.254185955955523,0.324492709730455,0.598148228269805,0.709557391943928,0.0530004759226409,0.157919785402155,8.18370613940207,4.3990395015792,0.341798987582746,0.193613983472505,0.0811231774326137,0.143858434647168,0.402370960065764,0.17847099035175,0.448881581793796,0.453208151256868,0.0908579587245273,0.0292043438757409,0.4521265088911,0.0962661705533682,0.241206247566305,0.862068965517241,0.326655994461991,0.372084973824255,0.369921689092718,0.925885865097564,0.0681434690433955,0.0778782503353091,0.121143944966036,0.0183879202180591,0.133042010989486,0.0930212434560637,1.1422143382512,1.20711288019729,2.10487604378488,0.0108164236576818,0.0508371911911046,0.00865313892614546,2.30065331198892,0.102756024747977,0.0465106217280318,1.10976506727816,0.562454030199455,2.18059100938866,1.3563795266733,3.31739713581102,0.00757149656037728,0.215246830787868,0.676026478605114,0.0811231774326137,0.13087872625795,0.866395534980314,0.123307229697573,0.469432786743391,1.26227664085147,0.295288365854714,0.299614935317787,0.156838143036386,0.0681434690433955,0.494310561156059,0.36884004672695,0.199022195301346,0.495392203521828,0.4521265088911,1.46670704798166,0.279063730368191,0.0584086877514818,0.215246830787868,0.719292173235841,2.73114697356466,0.828538052178428,1.61056548262882,0.361268550166573,0.115735733137196,0.774455933890019,0.121143944966036,0.627352572145546,0.2617574525159,0.632760783974387,1.62895340284688,2.73763682775927,0.394799463505387,0.00540821182884091,0.324492709730455,0.336390775753905,1.98914031064769,3.75546229394713,0.572188811491368,2.08973305066413,5.64941807640722,2.49751222255873,15.9488166832518
453611473,0.0168376334058647,6.72469174178842,0.392446378613615,0.942907470728422,1.23950885918558,1.43378924463786,0.0582841156356854,0.218889234276241,1.83012123096052,2.95953787172314,1.23173764376749,0.130815459537872,0.0427416847995026,2.4544088695472,1.52833903222464,0.4364832659828,0.284944565330018,1.16179670500466,0.0453320899388664,0.0362656719510931,1.01284840949124,0.369132732359341,0.261630919075743,1.51927261423687,0.212413221427831,0.303077401305564,0.292715780748109,1.2161952129313,0.0116568231271371,0.265516526784789,0.121749041550098,0.0660553310537768,0.224070044554968,0.489586571339758,4.34410941871309,1.54129105792146,2.78079991710704,0.0012952025696819,0.0103616205574552,0.0025904051393638,1.90783338514144,0.17744275204642,0.0725313439021863,1.21490001036162,1.40399958553518,1.96093669049839,0.894984975650192,1.2446896694643,0.00388560770904569,0.357475909232204,0.336752668117294,0.119158636410735,0.12304424411978,3.65247124650295,0.215003626567195,1.12682623562325,1.59309916070873,0.284944565330018,0.467568127655165,0.435188063413118,0.160605118640555,0.383379960625842,0.283649362760336,0.86649051911719,0.417055227437571,0.692933374779816,1.40658999067454,0.218889234276241,0.301782198735882,0.23184125997306,0.932545850170967,2.21609159672573,2.90643456636618,0.378199150347114,0.46368251994612,0.599678789762719,1.0659517148482,0.30696300901461,0.590612371774946,0.338047870686975,0.19816599316133,1.2667081131489,2.91420578178427,0.00906641798777329,0.111387420992643,0.221479639415605,0.348409491244431,0.0738265464718682,1.23173764376749,1.86509170034193,1.03098124546679,5.09921251683763,1.65656408662315,13.4027561910683
453611474,3.2983819846408,0.630786976898856,0.361637344251733,0.656766671169814,1.12544035581789,1.34055222438142,0.0883309605212566,4.801047501273,0.0893701482920949,1.31872928119382,0.0467634496877241,0.40008729177275,0.148603851229879,1.55566409294495,0.791861081378794,0.374107597501793,0.220307807417722,2.08564985607249,0.0155878165625747,0.016627004333413,1.79259890469609,0.500888505544067,0.0820958338962267,1.21481050410999,0.34501033991832,0.454125055856343,0.910328487254362,0.706647684170053,6.14575647673778,0.18497542320922,0.0540377640835923,0.0155878165625747,0.0519593885419156,0.248365877230357,2.09604173378088,1.2449469494643,2.10331604817675,0.00727431439586819,0.0103918777083831,0.0124702532500598,0.168348418875807,0.0592337029377838,0.0135094410208981,0.962287875796278,0.288894200293051,0.731588190670172,1.84663666877968,2.31323197788608,0.00103918777083831,0.122624156958921,0.710804435253406,0.0446850741460475,0.134055222438142,0.992424321150589,0.117428218104729,0.460360182481373,1.06412827733843,1.18571324652651,0.289933388063889,0.307599580168141,0.372029221960116,0.347088715459996,0.0675472051044903,0.364754907564248,0.826154277816459,0.855251535399931,1.03295264421328,0.298246890230596,0.242130750605327,0.543495204148438,0.290972575834728,1.01736482765071,0.966444626879631,2.42546425713662,0.542456016377599,1.63360317575783,0.918641989421068,0.49881013000239,0.910328487254362,0.391773789606044,0.502966881085743,2.10227686040591,1.34470897546478,1.14830248677634,0.501927693314905,1.28963202361035,0.607924845940413,0.304482016855626,1.4808425734446,4.17129971214499,1.34782653877729,9.40257095054505,2.65512475449189,9.23214415612757
453611475,0.0724990419769453,1.5276583845142,0.380102120079128,1.84147566621441,1.36091058796723,1.90983190579267,0.138783880355867,0.112891365364101,0.0476422275848498,2.92896129586859,0.308638778701853,0.244425341522273,0.0383209221878139,0.602777749008317,0.402887533271882,0.36767371288308,0.279639161911075,0.136712479156525,0.0673205389785921,0.0579992335815562,0.87930980912038,0.11185566476443,0.0217497125930836,1.28012594119292,0.602777749008317,0.533385808830383,1.02845069547295,3.48513251789173,1.35262498316987,0.172962000144998,0.108748562965418,0.00310710179901194,0.0196783113937423,0.0103570059967065,2.55300197818815,2.85853365509099,2.79328451731174,0.0321067185897901,0.233032634925896,0.0621420359802388,0.0724990419769453,0.125319772560148,0.00517850299835324,2.07140119934129,0.22371132952886,1.01912939007592,0.680455293983615,4.99932679461021,0.00103570059967065,0.180211904342693,0.101498658767723,0.00828560479736518,0.0611063353805682,0.257889449317991,0.139819580955537,0.262032251716674,1.57219351030004,0.557206922622808,0.267210754715027,0.294138970306464,0.055927832382215,0.162604994148292,0.055927832382215,0.233032634925896,1.01498658767723,0.875167006721697,1.50798007312046,0.452601162056073,0.125319772560148,0.650419976593167,0.383209221878139,0.499207689041252,1.19209139022091,2.80260582270877,0.509564695037958,0.115998467163112,1.13409215663936,0.67216968918625,0.94352324629996,0.436029952461342,0.565492527420173,3.99159011113067,0.634884467598107,0.669062587387238,0.00310710179901194,1.37126759396394,0.830631880935859,0.0434994251861672,3.05945957142709,3.78548569179622,2.15011444491626,8.00285853365509,3.38052675732499,13.8203888020051
453611476,0.00743044572059401,4.17378751048224,0.242020232042205,1.81621323256234,1.05193881558695,0.711199804685427,0.073242964960141,0.0106149224579914,0.611419533580307,2.50406020784018,0.065812519239547,0.296156336577961,0.0902268408929273,1.04344687762056,0.926682730582653,0.337554534164128,0.248389185517,0.022291337161782,0.0191068604243846,0.00424596898319658,0.960650482448226,0.462810619168427,0.095534302121923,1.56782404704534,0.338616026409927,0.529684630653773,0.247327693271201,0.536053584128568,0.105087732334115,0.156039360132474,0.0233528294075812,0.0350292441113718,0.190007111998047,0.291910367594765,3.67064018597344,1.34172619869012,3.06877408260533,0.00743044572059401,0.0137993991953889,0.0180453681785855,0.344984979884722,0.149670406657679,0.0403367053403675,1.08272209071513,0.956404513465029,2.97111679599181,2.82463086607152,0.566836859256743,0.00636895347479487,0.142239960937085,0.0551975967815555,0.0583820735189529,0.0753659494517393,2.03488063519696,0.118887131529504,1.01160211024658,0.498901355525598,0.689969959769444,0.115702654792107,0.226097848355218,0.34710796437632,0.307832751281752,0.095534302121923,0.575328797223136,0.589128196418525,1.02858598617937,1.3693249970809,0.758966955746388,0.219728894880423,0.393813623191483,1.33323426072373,3.97847293725519,4.94655386542401,0.858747226851508,0.390629146454085,2.26840892927277,1.2461918965682,0.214421433651427,0.977634358381012,0.385321685225089,0.257942615729192,2.86496757141189,1.16445699364166,0.352415425605316,0.159223836869872,1.59329986094452,0.339677518655726,0.463872111414226,2.230195208424,1.22390055940641,3.61331960470029,4.82342076491131,2.75032640886558,13.9915292918785
453611477,0.00510417623699711,0.0234792106901867,0.0735001378127584,0.0418542451433763,0.0816668197919538,0.0428750803907757,0.129646076419727,0.0163333639583908,0.144958605130718,1.36077338478343,0.0142916934635919,0.988168519482641,2.51023387335518,0.562480221317082,0.410375769454568,0.201104543737686,0.0816668197919538,0.0316458926693821,0.235812942149267,0.0245000459375861,0.51245929419451,9.47437193111404,0.0275625516797844,1.28114823548627,0.255208811849856,0.0224583754427873,0.121479394440531,6.04436549985198,18.7884727283864,0.299104727488031,2.80729693034841,0.527771822905501,1.04737696383181,0.0816668197919538,0.119437723945732,0.0735001378127584,0.44100082687655,0.0357292336589798,1.74052409681601,0.44100082687655,0.0755418083075572,0.148021110872916,0.147000275625517,0.228667095417471,0.0867709960289509,0.0132708582161925,0.192937861758491,4.70502965526394,0.362396512826795,0.390979899753979,3.93838238446697,0.233771271654468,13.1299829520514,0.51143845894711,5.41961432844353,0.132708582161925,2.40304617237824,0.926918404638675,0.507355117957513,0.174562827305301,1.97837870946008,1.68539899345645,0.346063148868404,0.250104635612858,0.145979440378117,0.177625333047499,1.24950234281689,0.179667003542298,0.180687838789698,0.15925029859431,0.0112291877213936,0.0204167049479884,0.0204167049479884,0.0663542910809625,1.09637705570698,0.744188895354179,0.0510417623699711,0.430792474402556,0.377709041537786,0.733980542880185,0.0469584213803734,0.33585479639441,2.08046223420002,1.30054410518686,0.84729325534152,0.213354566706479,0.0347083984115804,0.026541716432385,0.0285833869271838,0.199062873242887,0.0132708582161925,0.0612501148439653,0.0469584213803734,0.0091875172265948
453611478,0.00203813347736143,5.79033720918383,0.162031611450234,1.9922754741208,1.79967186051014,2.20627948924375,0.0580868041048008,0.00917160064812645,0.0886588062652223,0.800986456603043,0.0387245360698672,0.252728551192818,0.0591058708434815,0.364825892447696,0.339349223980678,0.22827094946448,0.163050678188915,0.01426693434153,0.01426693434153,0.00407626695472286,0.479980433918617,0.0876397395265416,0.110059207777517,1.1413547473224,0.301643754649492,0.795891122909639,0.187508279917252,0.969132468485361,0.167126945143637,0.215023081861631,0.00713346717076501,0.00509533369340358,0.0346482691151443,0.0203813347736143,2.9379694076165,2.58741044951034,3.1601259566489,0.0163050678188915,0.0244576017283372,0.0122288008641686,0.0264957352056986,0.0224194682509758,0.0122288008641686,1.45726543631342,0.471827900009172,5.80664227700272,2.69135525685577,2.21035575619847,0.00305720021604215,0.0285338686830601,0.0112097341254879,0.0203813347736143,0.0264957352056986,0.685831915132122,0.0448389365019515,0.423931763291178,1.53980984214656,1.29829102507923,0.329158556593871,0.220118415555035,0.0662393380142466,0.136554942983216,0.0652202712755658,0.286357753569281,0.223175615771077,1.15969794861865,0.833596592240826,0.604306576037665,0.0468770699793129,0.396416961346799,1.78438585942993,3.14483995556869,5.98905522322657,3.23859409552732,0.318967889207064,0.0662393380142466,1.5326763749758,0.777547921613386,0.954865534143831,0.218080282077673,0.0866206727878609,2.34589163244301,0.292472154001366,0.107002007561475,0.00203813347736143,1.12097341254879,0.578829907570647,0.0672584047529273,4.43090217978375,0.874359261788054,9.33872759327008,3.42712144218325,0.273109885966432,10.2314300563544
453611479,0.0539385734833742,3.66993823504527,0.528809543954649,1.20462814112869,1.85823673745664,1.69324815974279,0.139605719604027,0.229503342076318,0.0486504780438277,1.71440054150097,0.394491919790168,0.336322869955157,0.319400964548608,2.7529824858279,1.08617480328285,1.10098147051358,0.494965733141552,0.364878585328708,0.0507657162196463,0.0349014299010069,1.69113292156697,0.835519079448346,0.366993823504527,1.67103815889669,0.598612403756663,1.1824181402826,0.860901937558169,1.07771385057958,0.0200947626702767,0.327861917251883,0.0666300025382858,0.118453337845841,0.462179541416363,0.720238598866232,4.20086301717573,1.70065149335815,0.953972417294187,0.00528809543954649,0.00528809543954649,0.0518233353075556,0.119510956933751,0.141720957779846,0.181910483120399,1.09886623233776,2.88095439546493,2.12264150943396,0.951857179118369,0.247482866570776,0.00634571452745579,0.229503342076318,0.924359082832727,0.16604619680176,1.87833150012691,4.68736779761401,1.31462052627126,1.04069718250275,0.674760978086133,0.192486673999492,0.239021913867501,0.24113715204332,0.234791437515864,0.722353837042051,0.975124799052373,2.62501057619088,0.699086217108046,1.44153481682037,0.575344783822658,0.254886200186141,0.262289533801506,0.299306201878332,1.34423386073272,2.38070056688383,3.53139013452915,1.03223622979948,0.43785430239445,1.24693290464506,0.975124799052373,0.289787630087148,0.63351383365767,0.688510026228953,0.262289533801506,1.29346814451307,2.90104915813521,0.178737625856671,0.449488112361452,0.357475251713343,0.34689906083425,0.0370166680768255,1.02483289618411,2.60068533716897,1.52720196294103,2.76038581944327,2.00736102885185,9.26897368643709
453611480,28.5446009389671,7.61815336463224,0.233698487219614,0.0834637454355764,0.07094418362024,0.129368805425143,0.0292123109024517,26.7334376630151,1.79864371413667,11.1674491392801,0.413145539906103,0.0312989045383412,0.00417318727177882,0.07094418362024,0.03547209181012,0.0625978090766823,0.482003129890454,3.19874804381847,0.146061554512259,0.152321335419927,0.0876369327073552,0.0542514345331247,0.00208659363588941,0.275430359937402,0.0918101199791341,0.0918101199791341,0.995305164319249,0.406885758998435,0.0625978090766823,0.0417318727177882,0.28169014084507,0.0375586854460094,0.00417318727177882,0.00208659363588941,0.776212832550861,0.304642670839854,0.110589462702139,0.00208659363588941,0.0104329681794471,0.00417318727177882,0.655190401669275,0.150234741784038,0.0396452790818988,0.183620239958268,0.162754303599374,0.0792905581637976,0.0521648408972353,0.264997391757955,0.00208659363588941,0.0521648408972353,0.0208659363588941,0.110589462702139,0.10641627543036,0.14188836724048,0.0855503390714658,0.0625978090766823,0.358894105372979,0.325508607198748,0.0834637454355764,0.10641627543036,0.0104329681794471,0.0563380281690141,0.0375586854460094,0.0938967136150235,0.225352112676056,0.0500782472613459,0.440271257172666,0.0166927490871153,0.0208659363588941,0.0208659363588941,0.03547209181012,0.0730307772561294,0.102243088158581,0.67396974439228,0.0918101199791341,0.0271257172665623,0.0980699008868023,0.0333854981742306,0.0980699008868023,0.0938967136150235,1.29368805425143,0.342201356285863,0.0688575899843505,0.0584246218049035,0.00208659363588941,0.0625978090766823,0.0521648408972353,2.77099634846114,0.0959833072509129,0.577986437141367,0.0855503390714658,2.87949921752739,0.536254564423579,1.18101199791341
453611481,0.055065339726285,6.57292128342533,0.65809796258243,0.831352324160254,2.36780960823025,3.83711403897552,0.19474327464174,0.235034986636582,4.64563439300536,2.78147118471064,0.0631236821252535,0.120875135984528,0.0510361685268007,0.527821427132439,0.973716373208698,0.496931114603059,0.264582242099467,0.286071155163383,0.0389486549283479,0.00671528533247378,1.20606524571229,0.0993862229206119,0.201458559974213,1.31350981103187,0.52244919886646,0.750768900170568,0.339793437823173,1.26918892783754,0.0523792255932955,0.0564083967927797,0.0684959103912325,0.0376055978618531,0.094013994654632893,0.0120875135984528,0.35591012262111,0.463354687940691,5.10361685268007,0.0214889130639161,0.0147736277314423,0.0134305706649476,1.49347945794217,0.115502907718549,0.0443208831943269,0.298158668761836,0.106101508253086,0.754798071370053,2.66193910579261,1.67882133311844,0.00134305706649476,0.205487731173698,0.106101508253086,0.071182024524222,0.0510361685268007,0.662127133781914,0.0308903125293794,0.314275353559773,1.24904307184012,1.42364049048444,0.588258995124703,0.349194837288636,0.094013994654632893,0.306217011160804,0.13564876371597,0.141020991981949,0.533193655398418,0.851498180157675,2.4833125159488,0.237721100769572,0.0953570517211276,0.495588057536565,0.804491182830358,4.34747572424352,1.43035577581691,5.53876734222437,0.397544891682448,0.0631236821252535,1.22621110170971,0.416347690613374,0.549310340196355,0.19474327464174,0.394858777549458,1.54451562646897,0.703761902843252,0.529164484198934,0.010744456531958,1.00192057160509,0.607061794055629,0.801805068697369,4.1742213626657,0.49424500047007,5.10495990974657,5.17076970600481,0.949541346011792,8.95953369058651
453611482,0.0010197526080173,3.61808225324536,0.16214066467475,1.4562067242487,1.22676238744481,1.14008341576334,0.0611851564810377,NA,0.00407901043206918,1.50107583900146,0.0836197138574182,0.405861537990883,0.247799883748203,1.80292261097458,1.06768098059411,0.213128295075615,0.197832005955355,0.0010197526080173,0.0295728256325016,0.00611851564810377,1.50617460204154,1.15435995227558,0.484382488808215,2.71458144254204,0.180496211619061,0.304906029797171,0.0662839195211242,1.13702415793928,0.0397703517126745,0.180496211619061,0.0163160417282767,0.028553073024484302,0.615930575242446,0.0469086199687956,2.23733722198995,0.875967490286856,2.12006567206796,0.00203950521603459,0.0183555469443113,0.00611851564810377,0.00611851564810377,0.0234543099843978,0.00407901043206918,0.90859957374341,0.615930575242446,1.86104850963156,0.515994819656751,1.60101159458715,0.00203950521603459,0.216187552899667,0.0876987242894874,0.00713826825612107,0.0550666408329339,2.2526335111102,0.0989160029776776,1.11255009534687,0.456849168391748,0.0958567451536257,0.334478855429673,0.194772748131303,0.148883880770525,0.328360339781569,0.148883880770525,0.642444143050896,0.186614727267165,0.895342789839185,0.72402435169228,0.469086199687956,0.118291302530006,0.365071433670192,0.96876497761643,2.15065825030848,5.3006740564739,1.84983123094337,0.419118321895108,0.0724024351692279,1.10337232187471,0.528231850952959,0.807644065549698,0.503757788360544,0.0214148047683632,1.98035956476959,0.522113335304855,0.160101159458715,0.00611851564810377,0.479283725768129,0.277372709380704,0.00203950521603459,2.2230606854777,1.38482404168749,2.46168279575375,5.58926404454279,0.864750211598666,28.8834728694819
453611483,1.64859631136931,0.867791274451935,0.191576832665403,0.221607795623764,0.692783248935972,0.514668572079489,0.0393509169799207,5.42110658920749,2.4583967607982,1.36589103938198,0.109768347365042,0.149119264344963,0.0890573384282415,1.66309401762507,0.361407105947166,0.255780960369484,0.120123851833442,3.7497281680077,0.0321020638520406,0.0155332567026003,1.75525800739383,0.801516045854174,0.0176043575962803,1.50258369836487,0.168794722834923,0.353122702372446,0.394544720246047,1.00966168566902,0.0880217879814015,0.220572245176924,0.0207110089368004,0.0155332567026003,0.063168577257241093,0.0155332567026003,3.27233941201446,1.1929541147597,0.937173154390216,NA,0.00414220178736007,0.00621330268104011,1.1670653535887,0.0673107790446012,0.0165688071494403,1.3586421862541,0.634792423912931,0.493957563142688,0.371762610415566,0.742489670384293,NA,0.108732796918202,0.100448393343482,0.0310665134052005,0.343802748350886,2.2875309370696,0.284776372881005,1.15256764733294,0.940279805730736,0.266136464837885,0.216430043389564,0.433895637225968,0.659645634637091,0.839831412387254,0.119088301386602,0.952706411092816,1.47565938674703,1.2757981505069,0.729027514575373,0.613045864529291,0.0900928888750815,0.380047013990287,0.58094380067725,1.63513415556039,2.038998829828,1.58128553232471,0.235069951432684,0.0258887611710004,1.0013772820943,0.267172015284725,0.954777511986497,0.60476146095457,0.737311918150093,4.65894146033324,0.253709859475804,0.166723621941243,0.00207110089368004,1.63616970600723,0.305487381817805,1.15774539956714,2.3548417161142,8.51222467302495,1.71176488862655,10.8473909306492,1.18052750939762,7.58954922489049
453611484,NA,6.49284093167247,0.189304801648311,0.755127440829176,1.06575465679353,1.2027653143401,0.0512482612197086,NA,0.00418353152813948,2.0844445838955,0.0742576846244758,0.109817702613661,0.0428811981634297,1.58242080051876,0.716429774193886,0.219635405227323,0.228002468283602,NA,0.0209176576406974,0.0104588288203487,1.85330446696579,0.374426071768483,0.15688243230523,1.57091608881637,0.210222459289009,0.244736594396159,0.151653017895056,0.259378954744648,0.00732118017424409,0.534446152719818,0.0292847206969764,0.0125505945844184,0.16315772959744,1.76231265622876,2.21517994414985,0.5218955581354,1.44227249432609,0.00941294593831383,0.00209176576406974,0.00627529729220922,0.00522941441017435,0.0334682522251158,0.00732118017424409,0.342003702425402,1.19649001704789,1.70165144907073,2.78623199774089,0.636942675159236,0.00209176576406974,0.0502023783376737,0.343049585307437,0.0198717747586625,0.0784412161526152,3.62189242048675,0.0711200359783711,0.590923828349701,0.869128674970977,1.15988411617667,0.348278999717612,0.1589741980693,0.145377720602847,0.47901435997197,0.116092999905871,0.813696882223129,0.278204846621275,0.747806260654932,1.01032286404568,0.20185539623273,0.750943909301036,0.349324882599647,1.39416188175248,2.34382353864014,3.03096859213705,1.15883823329464,0.405802558229529,0.910963990252372,1.11700291801324,0.171524792653719,0.591969711231736,0.39952726093732,0.0418353152813948,0.829385125453652,0.765586269649525,0.165249495361509,0.36501312583017,0.290755441205694,0.257287188980578,0.00522941441017435,0.674594458912491,0.770815684059699,0.724796837250165,6.23659962557393,2.35219060169642,29.7020279669083
453611485,0.0199811289337848,2.74962535383249,0.299716934006771,2.16129211300438,1.36315701837154,1.19442748515291,0.0610534495198979,0.00444025087417439,0.011100627185436,1.01681745018594,0.0199811289337848,1.06233002164622,0.465116279069767,0.809235721818283,0.44735527557307,0.577232613642671,0.212021979241827,0.00444025087417439,0.0210911916523284,0.0210911916523284,2.4365876672032,0.702669700838097,0.26530498973192,1.20663817505689,0.287506244102792,1.13781428650719,0.0377421324304823,0.117666648165621,0.0666037631126159,0.37631126158628,0.0299716934006771,0.0488427596159183,0.164289282344452,2.61197757673309,2.9560970194816,0.661597380251984,0.420713770328023,0.00555031359271799,0.00777043902980518,0.00444025087417439,0.0155408780596104,0.0532830104900927,0.0577232613642671,0.714880390742077,2.14464117222623,3.47227618360437,0.705999888993728,0.460676028195593,0.00333018815563079,0.0244213798079592,1.94593994560693,0.0654937003940723,0.153188655159017,4.82766276294611,0.170949658655714,0.744852084142754,0.19759116390076,0.352999944496864,0.122106899039796,0.117666648165621,0.461786090914137,0.794804906477216,0.207581728367653,1.22772936670922,0.543930732086363,1.24216018205029,0.532830104900927,0.266415052450463,1.22328911583504,0.523949603152578,1.54964755508686,4.48021313204196,4.6966753621579604,1.92595881667314,0.521729477715491,10.1004606760282,1.21884886496087,0.149858467003386,1.06010989620914,0.835877227063329,0.176499972248432,1.32208469778542,3.32574790475662,0.432924460232003,4.34589554309818,0.794804906477216,0.643836376755287,0.0288616306821335,1.35649664206028,1.22550924127213,1.85713492812344,1.3265249486596,0.920241993672643,6.26075373258589
453611486,NA,4.36376971030436,0.135476510614024,0.485881921525486,0.741555637045186,1.20502791019843,0.0346330929389235,0.00101862038055657,0.00305586114166972,1.17243205802062,0.00814896304445259,0.139550992136251,0.0651917043556207,0.648861182414538,0.485881921525486,0.168072362791835,0.176221325836287,NA,0.00101862038055657,0.0040744815222263,0.816933545206373,0.158904779366826,0.236319928289125,1.14085482622336,0.194556492686306,0.55616672778389,0.0397261948417064,0.523570875606079,0.0468565375056024,0.135476510614024,0.0132420649472355,0.0040744815222263,0.117141343764006,0.0417634356028195,1.73165464694618,1.20604653057898,1.58701055290714,0.00305586114166972,0.00101862038055657,0.00509310190278287,0.00101862038055657,0.0285213706555841,0.0132420649472355,1.07260726072607,0.531719838650532,3.18217006885874,0.893330073748116,0.829156989773051,0.00101862038055657,0.14260685327792,0.14260685327792,0.00713034266389602,0.0376889540805932,1.48820437599315,0.0427820559833761,0.635619117467302,0.5113474310394,0.234282687528012,0.22002200220022,0.186407529641853,0.101862038055657,0.195575113066862,0.103899278816771,0.36568471661981,0.201686835350202,1.1703948172595,0.963614880006519,0.456341930489345,0.0600986024528379,0.345312309008679,1.73980360999063,4.10605875402355,5.99763680071711,4.89243368781323,0.286232326936397,0.040744815222263,1.107240353665,0.563297070447786,0.721183229434055,0.313735077211425,0.0254655095139144,1.5106140243654,0.346330929389235,0.835268712056391,0.00305586114166972,0.634600497086746,0.372815059283706,0.0040744815222263,3.89826019639001,0.994173491423216,4.79872061280202,5.67269689931956,0.29132542883918,28.2789390050116
453611583,0.0010210749877471,1.15892011109296,1.46320045744159,0.883229864401242,2.70686979251756,4.23031367423624,0.116402548603169,0.0020421499754942,0.0061264499264826,1.10480313674236,0.0122528998529652,0.150098023198824,0.0418640744976311,4.0842999509884,1.68171050481947,0.634087567390949,0.0837281489952622,0.0030632249632413,0.0020421499754942,0.0081685999019768,1.78177585361869,0.325722921091325,0.21136252246365,2.72524914229701,0.270584871752982,0.309385721287371,0.331849371017808,0.587118117954583,0.0296111746446659,0.260374121875511,0.0245057997059304,0.0153161248162065,0.120486848554158,0.010210749877471,1.16504656101944,0.734152916190165,3.15920601208953,0.0030632249632413,0.0020421499754942,0.0122528998529652,0.0030632249632413,0.0214425747426891,0.0030632249632413,0.860766214670805,0.33082829603006,0.836260414964875,1.34373468387518,0.91896748897239,0.0010210749877471,0.0541169743505963,0.256289821924522,0.0061264499264826,0.114360398627675,1.63065675543212,0.091896748897239,0.262416271851005,0.572823068126123,0.353291945760497,0.293048521483418,0.150098023198824,0.132739748407123,0.297132821434406,0.203193922561673,0.916925338996896,0.565675543211894,1.31820780918151,0.671867341937592,0.253226596961281,0.192983172684202,0.460504819473942,1.94616892664597,1.79811305342264,3.28786146054566,1.59696128083646,0.468673419375919,0.209320372488156,0.811754615258945,0.578949518052606,0.839323639928116,0.391071720307139,0.0704541741545499,2.78447149158634,1.03332788760007,0.623876817513478,0.0122528998529652,0.418640744976311,0.331849371017808,0.0091896748897239,2.50367586995589,3.74632413004411,2.09524587485705,5.80787453030551,1.97373795131514,23.0905897729129
453611584,NA,1.6486981285598,0.11899918633035,0.760781122864117,1.25813669650122,1.16354759967453,0.048820179007323,0.00101708706265256,0.0132221318144833,3.87713588283157,0.00711960943856794,0.121033360455655,0.0223759153783564,1.98637103336046,0.712978030919447,0.15459723352319,0.121033360455655,0.00101708706265256,0.0142392188771359,NA,1.31305939788446,0.293938161106591,0.0203417412530513,1.39747762408462,0.173921887713588,0.132221318144833,0.174938974776241,1.7839707078926,0.0264442636289666,0.587876322213181,0.0945890968266884,0.0152563059397884,0.0294955248169243,0.0284784377542718,3.25162733930024,1.12896663954434,2.30980471928397,0.0081366965012205,0.016273393002441,0.0518714401952807,0.0152563059397884,0.0834011391375102,0.0203417412530513,0.890968266883645,0.526851098454028,1.3506916192026,1.35272579332791,1.56529698942229,0.00508543531326282,0.275630593978845,0.0864524003254679,0.0386493083807974,0.16273393002441,1.89076484947111,0.16680227827502,0.388527257933279,1.706672091131,0.610252237591538,0.342758340113914,0.236981285598047,0.269528071602929,0.353946297803092,0.134255492270138,0.51566314076485,0.199349064279902,0.775020341741253,1.48189585028478,0.349877949552482,0.0834011391375102,0.439381611065907,0.824857607811229,1.32323026851098,1.9833197721725,0.28580146460537,0.628559804719284,0.148494711147274,0.75671277461350706,0.439381611065907,0.786208299430431,0.272579332790887,0.032546786004882,1.94060211554109,0.743490642799024,0.210537021969081,0.0254271765663141,0.781122864117168,0.292921074043938,0.0366151342554923,1.34662327095199,4.15276647681041,1.5093572009764,16.3344182262002,2.7379983726607,21.2174532139951
453611585,0.00102573570893724,0.47491563323794,0.276948641413054,1.19190489378507,1.59194182027059,1.65451169851576,0.22258464883938,0.00205147141787447,0.0738529710434809,1.07394528725729,0.00307720712681171,0.0943676852222256,0.0256433927234309,1.51603737780923,0.439014883425137,0.243099363018125,0.0430808997753639,0.0112830927983096,0.00615441425362341,0.00102573570893724,1.13548942979352,0.102573570893724,0.0359007498128032,0.611338482526592,0.448246504805572,0.214378763167882,0.599029654019345,0.538511247192049,0.0625698782451714,0.25951113436112,0.052312521155799,0.0123088285072468,0.0153860356340585,0.0235919213055564,1.94889784698075,1.3139674431486,5.75130012001108,0.0133345642161841,0.00718014996256065,0.017437507051933,0.0492353140289873,0.0789816495881671,0.00512867854468618,0.641084818085772,0.304643505554359,0.875978295432399,7.14835215558359,0.861617995507278,0.0276948641413054,0.113856663692033,0.17437507051933,0.0123088285072468,0.0328235426859915,0.802125324388918,0.0615441425362341,0.327209691150978,1.04932763024279,4.51836579786852,0.218481706003631,0.309772184099045,0.0492353140289873,0.162066242012083,0.0359007498128032,0.186683899026577,0.196941256115949,0.344647198202911,2.58485398652183,0.231816270219815,0.184632427608702,0.293360412756049,0.389779569396149,0.776481931665487,0.994963637669118,2.56228780092521,0.376445005179965,0.065647085371983,0.837000338492784,0.323106748315229,0.414397226410643,0.123088285072468,0.0892390066775395,0.682114246443261,0.503636233088183,0.755967217486742,0.017437507051933,0.271819962868367,0.251305248689623,0.0851360638417905,0.542614190027797,2.19917735996143,1.02163276610149,25.6003118236555,0.841103281328533,16.2825286436697
453611586,0.0640939493244291,2.69504719175462,0.304963145979138,0.384563695946575,1.20951485015455,2.90076809361852,0.0744316830864338,0.0423847084242192,0.234666556397507,5.89560956447128,0.0868369636008394,0.230531462892705,0.099242244115245,1.19504202288774,0.786701539288557,0.28532145183133,0.193315621349488,0.0320469746622146,0.0547899889386249,0.00930396038580422,0.978983387261844,0.271882397940723,0.321503519998346,2.57099438661057,0.232599009645106,0.196416941478089,0.46209669916161,1.87629867780385,0.0733979097102333,0.338043894017553,0.146795819420467,0.00930396038580422,0.102343564243846,0.0299794279098136,1.3108246410222,0.629567986106086,1.29014917349819,0.0382496149194174,0.24190297003091,0.0227430142764103,0.253274477169115,0.0485873486814221,0.00413509350480188,1.20331220989735,0.653344773758697,1.21261617028315,0.482772166685619,6.23261968511263,0.00930396038580422,0.0475535753052216,0.152998459677669,0.017574147395408,0.085803190224639,0.490008580319022,0.121985258391655,0.4414212316376,1.11337392616791,0.191248074597087,0.411441803727787,0.398002749837181,0.35251672128436,0.239835423278509,0.277051264821726,0.457961605656808,0.245004290159511,0.503447634209629,0.544798569257647,0.421779537489791,0.111647524629651,0.319435973245945,0.825984927584175,0.763958525012147,0.926260945075621,0.338043894017553,0.476569526428416,0.188146754468485,0.690560615301914,0.343212760898556,0.633703079610888,0.471400659547414,0.108546204501049,1.65920626880175,2.25569350686942,0.107512431124849,0.0289456545336131,1.04617865671487,0.388698789451376,0.921092078194618,1.83701528950823,1.55996402468651,0.873538502889396,9.89631253036709,3.10648899548241,25.5848572875854
453611587,0.053684623484958,4.37839400384052,0.27668229026863,1.68177407032686,2.0193677603188,2.034853709401,0.0877537114657967,0.212673700728872,1.1748673370362,1.83869835435981,0.0619437963287977,0.348950052652227,0.0712353657781173,0.673122586772935,0.397472693109785,0.322107740909748,0.207511717701472,0.337593689991947,0.00929156944931965,0.00309718981643988,0.900249839978526,0.194090561830233,0.111498833391836,1.38134665813219,0.320042947698788,0.458384092833103,0.440833350539943,2.38070657223679,0.117693213024716,0.682414156222254,0.0454254506411183,0.0412958642191984,0.025809915136999,0.0330366913753588,2.82050752617125,1.48974830170758,3.55144432285107,0.0103239660547996,0.026842311742479,0.0671057793561975,3.73108133220458,0.574012512646858,0.0103239660547996,1.69829241601454,0.681381759616774,1.69313043298714,0.936383721170325,3.46162581817431,0.00619437963287977,0.303524602011109,0.0567818133013979,0.052652226879478,0.126984782474035,0.983873965022403,0.109434040180876,0.409861452375545,0.877537114657967,0.489355990997502,0.337593689991947,0.335528896780987,0.119758006235675,0.358241622101547,0.222997666783672,0.570915322830419,0.940513307592245,0.984906361627883,1.61879787739258,0.769135471082571,0.358241622101547,0.550267390720819,1.72203753794058,1.27397741116227,3.29128037827012,2.03898329582292,0.608081600627697,0.467675662282422,1.5971175486775,1.004521897132,1.42883690198427,0.548202597509859,0.161053870454874,4.96892486217505,0.679316966405814,0.138341145134315,0.0289071049534389,0.985938758233363,0.756746711816812,0.0371662777972786,3.7197249695443,3.58241622101546,3.39761722863455,2.12363981747228,3.54524994321819,7.23503541120357
453611588,0.340632603406326,5.19986096628432,0.411308075541652,0.471556019001274,2.02873363457305,1.26057235546287,0.122813115513845,0.696327192677558,2.26624956551964,7.24365658672228,0.225929787973584,0.234040088054687,0.0509790290812189,0.824933379677905,0.895608851813231,0.406673618352451,0.446066504460665,0.125130344108446,0.132082029892249,0.0440273432974163,1.48997798632835,0.111226972540841,0.0220136716487081,1.03695979608388,0.359170432163133,0.481983547676978,0.187695516162669,0.171474916000463,0.089213300892133,0.122813115513845,0.115861429730043,0.0463445718920171,0.0498204147839184,0.0359170432163133,1.03580118178658,0.704437492758661,0.909512223380837,0.0463445718920171,0.0289653574325107,0.00695168578380257,0.736878693083073,0.266481288379099,0.0521376433785193,0.944270652299849,0.266481288379099,0.565403777082609,3.27656123276561,1.69273548835593,0.0173792144595064,0.0532962576758197,0.115861429730043,0.0637237863515236,0.0683582435407253,0.576989920055614,0.0950063723786352,0.0996408295678369,0.805236936623798,4.0667361835245,0.123971729811146,0.322094774649519,0.0625651720542232,0.147144015757154,0.0926891437840343,0.344108446298227,0.399721932568648,0.509790290812189,1.00915305294867,0.426370061406558,0.337156760514425,0.651141235082841,0.823774765380605,0.782064650677789,1.47375738616615,2.19325686478971,0.519059205190592,7.5645927470745,0.572355462866412,0.209709187811378,0.56887961997451,0.24330900243309,0.516741976595991,1.04391148186769,1.78310740354536,1.78774186073456,0.318618931757618,1.05549762484069,1.45058510022014,1.80164523230217,1.22813115513845,2.29405630865485,1.6266944734098,9.4531340516742,0.748464836056077,11.2721584984359
453611589,0.00949497293932712,0.328104064903415,0.347094010782069,0.623503223015814,0.731112916328189,1.5508455800901,0.120269657231477,0.102334708346081,2.74088218848576,7.47887368521,0.0896747444269784,1.0033021405889,0.348149007775328,1.81775981938451,1.05183200227879,0.400898857438256,0.19939443172587001,0.194119446759577,0.146644582062941,0.0337599037842742,2.23026364374862,1.08875689704284,0.741662886260774,4.22737295198709,0.251089284395539,0.150864570035975,0.237374323483178,4.25902286178484,0.280629200206779,0.348149007775328,0.992752170656314,0.0274299218247228,0.513783535716923,0.01476995790562,1.41897095593278,0.389293890512412,1.34512116640468,0.0516948526696699,0.637218183928176,0.105499699325857,0.58974331923154,0.131874624157321,0.0274299218247228,1.22696150315972,1.77028495468788,0.884087480350681,0.16985451591463,5.70964372751538,0.02215493685843,0.607678268116936,0.315444100984312,0.0295399158112399,0.513783535716923,1.76184497874181,0.84821758257989,0.387183896525895,0.922067372107989,0.247924293415764,0.333379049869708,0.331269055883191,0.130819627164063,0.47896863493939,0.829227636701235,0.980092206737211,0.22893434753711,0.406173842404549,1.08664690305633,0.149809573042717,0.236319326489919,0.450483716121409,0.615063247069746,1.02229208646755,0.665703102746157,1.40420099802716,0.414613818350618,0.543323451528163,0.499013577811303,0.361863968687689,0.794412735923703,1.09403188200914,0.296454155105658,1.85046472617553,0.753267853186618,0.262694251321384,0.0443098737168599,0.207834407671938,0.314389103991054,1.19953158133499,1.1077468429215,1.82092481036429,0.387183896525895,2.01293426313735,12.3508498000781,9.53928281304398
453611590,0.00520518853192863,4.4556413833309,0.293572633200775,0.162401882196173,0.577775927044078,0.709987715755065,0.0926523558683296,0.00520518853192863,0.0655853755023007,13.1816194382561,0.277957067604989,0.130129713298216,0.0468466967873576,2.04043390451602,0.460138666222491,0.189468862562202,0.353952820171147,0.00728726394470008,0.141581128068459,0.071831601740615,1.1597160049137,0.628786774656978,0.0614212246767578,1.52928439068063,0.176976410085573,0.111391034583273,0.225905182285702,0.324803764392346,0.0176976410085573,0.175935372379188,0.299818859439089,0.011451414770243,0.064544337795915,0.369568385766932,1.31899477399071,0.312311311915718,3.78000791188657,0.0655853755023007,0.0041641508255429,0.0145745278894002,0.0572570738512149,0.0395594328426576,0.00104103770638573,0.274833954485831,0.377896687418018,0.420579233379833,2.89096171063316,0.614212246767578,0.00520518853192863,0.053092923025672,0.205084428157988,0.0166566033021716,0.0333132066043432,0.824501863457494,0.0197797164213288,0.306065085677403,0.357075933290304,1.88844239938371,0.222782069166545,0.211330654396302,0.0697495263278436,0.139499052655687,0.0322721688979575,0.367486310354161,0.159278769077016,0.176976410085573,0.799516958504237,0.128047637885444,0.192591975681359,0.234233483936788,0.404963667784047,0.383101875949947,1.27839430344167,1.29400986903746,0.28003914301776,0.813050448687252,0.305024047971018,0.108267921464115,0.328967915217889,0.217576880634617,0.0770367902725437,0.537175456495034,0.650648566491078,0.94005704886631,0.240479710175103,0.201961315038831,0.203002352745216,0.347706593932832,0.362281121822232,1.16179808032647,0.361240084115847,7.42780403506215,6.71052905536239,30.3233463116034
453611591,0.154931561223575,4.97317507266418,0.560826643106826,0.669662863801073,0.905261270950973,1.40590788614451,0.102434090065174,0.439186161154432,4.00517292154829,2.0512426535551,0.0729842891714363,0.585154739497305,0.732403743965992,1.82332680316009,0.527535563835644,0.276572043175969,0.185661788243127,0.925748088964007,0.0102434090065174,0.0179259657614054,1.16646820061717,1.4660879140578,0.113957925197506,2.68249273358174,0.238159259401529,0.148529430594502,0.412297212512324,1.56724157799716,0.151090282846131,0.54546152959705,0.124201334204023,0.341873775592517,0.341873775592517,0.102434090065174,0.523694285458201,0.439186161154432,1.41487086902521,0.0320106531453668,0.0281693747679228,0.165174970230093,4.20235854492375,0.942393628599598,0.0665821585423629,0.604361131384525,0.646615193536409,0.513450876451683,1.54035262935505,1.96673452925133,0.0384127837744401,0.878372322308864,0.275291617050154,0.0614604540391042,1.81180296802776,0.845081243037683,0.628689227775004,0.183100935991498,1.33804530147633,1.18823544475601,0.289376304434116,0.405895081883251,0.192063918872201,0.548022381848679,0.498085762941907,0.772096953866247,1.19079629700764,0.610763262013598,2.31501043547293,0.303460991818077,0.363641019731367,0.180540083739869,1.16774862674298,0.636371784529892,1.10244689432643,1.84893532567638,0.432784030525359,1.20232013213998,0.353397610724849,0.268889486421081,0.44942957016095,0.514731302577498,1.6671148158107,0.880933174560494,1.06403411055199,0.249683094533861,0.391810394499289,0.490403206187019,0.29321758281156,1.62229990140719,1.30603464833096,1.46992919243524,1.21896567177557,6.18573861381068,3.11399633798128,14.2370580929333
453611592,0.00101518720051978,1.45070250954276,0.118776902460814,0.386786323398035,0.973564525298465,0.707585478762284,0.0801997888410623,0.00101518720051978,0.0984731584504183,1.59485909201657,0.0233493056119548,0.388816697799074,0.148217331275887,2.34508243320068,0.476122797043775,0.335011776171526,0.0781694144400227,0.00304556160155933,0.0162429952083164,0.0152278080077966,1.57150978640461,0.933972224478194,0.0751238528384634,2.27300414196378,0.256842361731503,0.313692844960611,0.0944124096483391,0.372573702590758,0.0162429952083164,0.63246162592382,0.0365467392187119,0.0395923008202713,0.0842605376431414,0.0223341184114351,4.2607406805815,1.02635425972549,1.21923982782425,0.0284252416145537,0.0233493056119548,0.0213189312109153,0.0477137984244295,0.18070332169252,0.0253796800129944,1.16949565499878,0.81519532201738,0.745147405181515,2.67704864777065,1.11162998456915,0.0253796800129944,0.0436530496223504,0.350239584179323,0.0700479168358645,0.274100544140339,4.61098026476082,0.249736051327865,0.645659059530577,1.31974336067571,2.74608137740599,0.0933972224478194,0.384755948996995,0.177657760090961,0.715706976366442,0.113700966458215,0.649719808332657,0.328920652968407,0.843620563631934,0.298465036952814,0.301510598554373,0.196946316900837,0.416226752213108,0.461910176236498,2.5359376268984,2.81003817103874,0.962397466092747,0.718752537968001,0.0873060992447007,0.758344838788273,0.60809713311134606,0.924835539673516,0.58677820190043,0.0487289856249492,3.60188418744416,0.59083895070251,0.31673840656217,0.00507593600259888,0.535003654673922,0.350239584179323,0.0142126208072769,1.257816941444,5.91041988142613,1.44055063753756,6.54491188175099,3.67193210428003,21.0844229675952
453611593,0.00653466640528001,0.704654860702694,0.444357315559041,0.487921758260907,1.52475549456534,1.57812193687512,0.19930732536104,0.00108911106754667,0.0337624430939467,1.64020126772528,0.01306933281056,0.301683765710427,0.177525104010107,4.02426539458494,0.636040863447254,0.741684636999281,0.12089132849768,0.00980199960792002,0.0283168877562134,0.0283168877562134,3.78466095972467,0.858219521226775,0.0707922193905334,2.77614411117646,0.518416868152214,0.766734191552855,0.185148881482934,0.364852207628134,0.0359406652290401,0.332178875601734,0.0217822213509334,0.0642575529852534,0.10782199568712,1.16643795334248,1.93752858916552,0.914853296739201,1.7480232634124,0.01306933281056,0.0152475549456534,0.0141584438781067,0.0511882201746934,0.0479208869720534,0.0217822213509334,0.616436864231414,0.394258206451894,1.12069528850552,2.77505500010891,1.1947548410987,0.00435644427018667,0.151386438388987,0.332178875601734,0.0490099980396001,0.145940883051254,1.88742948005838,0.0609902197826134,0.527129756692588,1.18277461935568,1.02703173669651,0.263564878346294,0.198218214293494,0.331089764534187,0.571783310462001,0.12089132849768,0.553268422313708,0.669803306541201,1.0128732928184,1.13812106558627,0.449802870896774,0.974754405454268,0.450891981964321,1.18386373042323,2.97109499226731,2.29802435252347,1.43435927595896,0.564159532989174,2.34158879522534,1.84931059269424,0.243960879130454,1.1272299549108,0.490099980396001,0.178614215077654,3.0386198784552,2.45485634625019,0.448713759829227,0.935546407022588,1.07713084580366,0.541288200570694,0.0315842209588534,2.48426234507395,3.02990698991483,2.00069703108323,5.9345662070618,1.02376440349387,15.5928031540657
453611594,0.0581606688476917,2.53518201173599,0.332346679129667,0.526561769746066,1.34081113361375,2.0574336604871,0.125668588045905,0.210832424572883,1.05520070623669,5.42867528690866,0.139170171885548,0.235758425507608,0.14747883886379,1.25980163057589,0.515137352650984,0.552526354053072,0.488134184971699,0.322999428779145,0.0945110868774991,0.0311575011684063,1.51217739003999,0.399854598327881,0.208755257828322,1.75624448252583,0.434127849613128,0.621072856623565,0.263800176559173,1.17463779404892,0.0695850859427741,0.650153191047411,0.129822921535026,0.0166173339564834,0.0945110868774991,0.0695850859427741,2.88933894168354,1.26187879732045,1.05623928960897,0.0145401672119229,0.0654307524536532,0.0467362517526094,0.759204445136833,0.170327673053954,0.0228488341901646,1.5692994755154,0.776860362465597,1.74066573194163,0.464246767409254,2.41678350729605,0.00519291686140105,0.106974087344862,0.305343511450382,0.0560835021031313,0.19733084073324,2.02419899257413,0.230565508646207,0.904606117256063,0.803863530144882,0.301189177961261,0.271070260165135,0.423742015890326,0.488134184971699,0.588876772082879,0.238874175624448,0.710391026639664,0.738432777691229,1.10816845822298,0.483979851482578,0.507867269045023,0.127745754790466,0.436205016357688,1.06247078984265,2.52791192813003,2.82806252271901,0.875525782832217,0.520330269512385,0.2991120112167,1.11751570857351,0.570182271381835,0.887988783299579,0.707275276522823,0.302227761333541,3.74409305707016,1.74793581554759,0.435166432985408,0.111128420833982,1.02196603832373,0.425819182634886,0.304304928078101,2.45521109207042,3.33904554188087,2.21114399958457,5.96250714026068,1.23695279638573,16.1343926883731
453611595,0.0277512256791342,1.65068401632183,0.322736476416597,1.18610794198966,1.65273966266843,1.9466970902326,0.153145652821889,0.335070354496212,2.34035336560698,1.71852034575972,0.0256955793325316,0.233315860339387,0.069891975784486,0.659862477259412,0.784229081228865,0.361793757002045,0.146978713782081,2.93854645246832,0.00616693903980759,0.0030834695199038,0.872621874132774,0.210703750526759,0.174729939461215,1.72777075431943,0.515967232997235,0.299096543430668,1.03193446599447,3.00946625142611,0.0626972135713772,0.245649738419002,0.0400851037587493,0.0143895244262177,0.0668085062645822,0.0123338780796152,0.606415672247747,0.556052336755985,7.44657889056767,0.00513911586650633,0.0143895244262177,0.0185008171194228,5.46904710513603,0.31656953737679,0.0030834695199038,1.28889025931979,0.274428787271438,0.716392751790982,0.933263441357549,2.70420276895563,0.00513911586650633,0.0904484392505113,0.0431685732786531,0.0380294574121468,0.112032725889838,0.38954498268118,0.107921433196633,0.100726670983524,0.900373099811908,0.366932872868552,0.27648443361804,0.241538445725797,0.0883927929039088,0.273400964098137,0.467659543852076,0.678363294378835,0.841787178933736,1.1388280760178,1.24058257017463,0.475882129238486,0.163423884554901,0.684530233418643,1.69488041277379,1.08538127100614,2.02686729775009,1.73496551653254,0.482049068278293,0.126422250316056,0.937374734050754,0.979515484156106,0.964098136556587,0.58483138560842,0.300124366603969,4.02803901616766,0.653695538219605,0.361793757002045,0.00205564634660253,0.962042490209984,0.506716824437524,0.222009805433073,4.75882129238486,2.80081814724595,1.96417008417872,5.89559372205606,1.07304739292652,11.9289157493345
453611596,0.0142707022482843,2.94365667285064,0.338604844254745,2.91770994149012,2.40007265084781,2.09519855736174,0.121949637394429,0.106381598578119,2.53369831735447,2.12244262529028,NA,0.482609203305614,0.0804348672176023,0.860134144601134,0.18422179265967,0.433310413720632,0.176437773251515,0.142707022482843,0.0090813559761809,NA,1.39463681062778,0.153085715027049,0.0622721552652405,1.22728039335245,0.400876999519985,0.463149154785226,0.570828089931371,1.91097676470207,0.36195690247921,0.290603391237789,0.0480014530169562,0.0285414044965685,0.0090813559761809,0.016865375384336,4.30586006927777,3.17198790882319,2.81262567948003,0.00259467313605169,0.0363254239047236,0.0324334142006461,2.68289202267744,0.280224698693582,0.0402174336088011,2.83338306456844,0.832890076672591,1.98362761251151,0.958731723771098,2.26255497463707,0.00648668284012921,0.0700561746733955,0.125841647098507,0.0337307507686719,0.133625666506662,0.838079422944695,0.289306054669763,0.421634384608399,0.897756905073883,0.897756905073883,0.312658112894228,0.308766103190151,0.0363254239047236,0.195897821771902,0.151788378459024,0.451473125672993,0.555260051115061,0.636992254900689,1.25841647098507,0.553962714547035,0.203681841180057,0.39179564354380497,0.814727364720229,1.06900533205329,1.90189540872589,3.86217096301293,0.444986442832864,0.083029540353654,0.822511384128384,0.626613562356482,0.980786445427537,0.444986442832864,0.24649394792491,3.56378355236699,0.432013077152606,0.5773147727715,0.00259467313605169,0.320442132302383,0.528015983186518,0.186816465795721,2.54667168303473,4.82738936962416,2.78667894811951,11.0001167602911,0.830295403536539,5.19194094523942
453611597,0.00205909605683105,0.956450118398023,0.236796046535571,2.3473695047874,2.68094306599403,2.30412848759395,0.10810254298363,0.0514774014207763,0.0267682487388037,5.85092144548543,0.00205909605683105,0.514774014207763,0.111191187068877,0.94100689797179,0.27385977555853,0.343869041490786,0.159579944404406,0.0710388139606713,0.0154432204262329,0.0164727684546484,1.75537938844847,0.182230001029548,0.0700092659322557,0.922475033460311,0.393287346854731,0.415937403479872,0.306805312467827,3.18439205188922,0.23473695047874,0.389169154741069,0.261505199217544,0.00926593225573973,0.0133841243694018,0.0144136723978174,4.51868629671574,2.2680943065994,2.30927622773602,0.00617728817049315,0.120457119324616,0.0628024297333471,0.0185318645114795,0.0895706784721507,0.0175023164830639,2.12807577473489,0.732008648203439,2.36384227324205,0.611551528878822,4.36528364048183,0.0308864408524658,0.284155255842685,0.101925254813137,0.0370637290229589,0.272830227530114,1.21280757747349,0.323278080922475,0.329455369092968,2.08483475754144,0.573458251827448,0.370637290229589,0.310923504581489,0.181200453001132,0.453001132502831,0.241943786677649,0.426232883764028,0.32224853289406,1.03984350869968,2.04674148049006,0.496242149696283,0.0936888705858128,0.448882940389169,0.633172037475548,1.64212910532276,1.91598888088129,0.576546895912694,0.495212601667868,0.247091526819726,1.10779367857511,0.798929270050448,1.31576238031504,0.523010398435087,0.0504478533923607,5.56161844950067,1.34253062905385,0.386080510655822,0.00720683619890868,0.705240399464635,0.485946669412128,0.0041181921136621,4.15628539071348,4.46720889529497,2.65314526922681,2.50900854524864,3.03304849171214,8.92103366622053
453611598,0.0163336974386721,1.0024806802985,0.319527956144022,0.450197535653399,0.833018569372276,0.64416019273763,0.0673765019345223,0.0173545535285891,0.13985728431863,21.3379339914452,0.247047173759915,0.91672876874547,0.469593801361822,2.48476372285799,0.912645344385802,0.291964841716263,0.515532325408087,0.0183754096185061,0.414467572506304,0.0969813285421154,2.0529415968231,2.03354533111467,0.239901181130496,2.51028512510591,0.165378686566555,0.100043896811866,0.176608103555642,2.65116326551446,0.106169033351368,0.573721122533356,1.49657502781833,0.0367508192370122,0.498177771879498,0.0204171217983401,2.27855079269475,0.472656369631573,1.64664087303613,0.0347091070571781,0.104127321171534,0.0765642067437753,0.0898353359126964,0.0724807823841073,0.0163336974386721,1.52107557397634,1.64459916085629,0.744204089549496,0.144961564768215,2.09071327215003,0.00714599262941903,0.238880325040579,0.427738701675225,0.0530845166756842,0.647222761007381,2.12440152311729,0.852414835080699,0.492052635339996,0.482864930530743,0.152107557397634,0.188858376634646,0.264401727288504,0.184774952274978,0.629868207478792,0.660493890176302,1.54353440795451,0.19090008881448,0.581887971252693,0.487969210980328,0.108210745531202,0.142919852588381,0.447134967383648,0.706432414222567,0.754412650448666,0.900395071306798,1.36080116785937,0.251130598119583,0.238880325040579,0.465510377002154,0.4022172994273,0.638035056198128,1.07087803832294,0.0959604724521984,2.39697009912513,0.825872576742857,0.304215114795267,0.0265422583378421,0.108210745531202,0.147003276948049,0.309319395244852,0.981042702410241,2.69914350174056,0.348111926661698,1.73851792112866,8.6211296793491,8.90492767234603
453611599,0.0172529279233564,2.08760427872613,0.332880021109465,1.79734913836848,2.31899648852173,1.07983031237948,0.140053179613128,0.013193415470802,0.0375504901861286,10.4704974932511,0.0081190249051089,0.52672174071894,0.236466600361297,3.29530923336107,1.37515984330282,0.383623926766395,0.302433677715306,0.0121785373576633,0.0162380498102178,0.0101487811313861,4.23305660990115,1.6978910832809,0.0375504901861286,1.59437351574076,0.31461221507297,0.234436844135019,0.188767329043782,0.987476404083869,0.0294314652810197,0.436397588649603,0.495260519211643,0.0832200052773662,0.067996833580287,0.0152231716970792,2.91067042848154,1.10723202143423,2.21141940852904,0.0111636592445247,0.00913390301824751,0.0263868309416039,0.0476992713175148,0.110621714332109,0.018267806036495,1.05851787200357,0.458724907138653,1.10012787464226,2.48949601152902,1.34674325613494,0.0101487811313861,0.0933687864087523,0.459739785251791,0.108591958105831,0.216169038098524,1.6846976678101,0.238496356587574,0.699251019952504,4.04936367142306,1.51419814480281,0.335924655448881,0.326790752430633,0.261838553189762,0.673879067124038,0.196886353948891,0.444516613554712,0.250674893945237,1.22597276067144,0.937747376540077,0.386668561105811,0.202975622627722,0.282136115452534,0.794649562587533,1.77705157610571,1.45026082367508,1.23206202935028,0.576450768262732,0.0832200052773662,1.09911299652912,0.25574928451093,0.825095905981692,0.310552702620415,0.0690117116934256,2.27434185154363,2.40627600625165,0.210079769419693,0.00405951245255445,0.391742951671504,0.141068057726267,0.0619075649014553,1.59843302819331,4.65017151440112,1.52536180404733,5.2621430166237,1.27671666632837,9.34093815332779
453611600,0.0227044822432028,0.991429057953191,0.236505023366696,1.15036043365561,1.44930278319111,1.54201275235086,0.0454089644864057,0.192988099067224,5.47745634117269,3.37539969348949,0.00756816074773428,0.192988099067224,0.0359487635517378,0.968724575709988,0.297050309348571,0.191096058880291,0.07946568785121,0.87412256636331,0.0113522411216014,0.00189204018693357,0.911963370101981,0.141903014020018,0.0245965224301364,0.828713601876904,0.191096058880291,0.259209505609899,0.323538871965641,1.18820123739428,0.0245965224301364,0.45030556449019,0.179743817758689,0.0700054869165421,0.0208124420562693,0.00378408037386714,3.46243354208843,1.81068245889543,1.85609142338183,0.0113522411216014,0.0283806028040036,0.0170283616824021,3.07078122339318,0.283806028040036,0.0775736476642764,1.33199629160123,0.463549845798725,2.02637504020585,1.05765046449587,2.55614629254725,0.00567612056080071,0.262993585983766,0.066221406542675,0.192988099067224,0.183527898132556,1.47200726543432,0.183527898132556,0.384084157947515,1.5836376364634,0.50895881028513,0.353811514956578,0.221368701871228,0.124874652337616,0.353811514956578,0.172175657010955,0.389760278508316,0.331107032713375,0.911963370101981,1.40767789907858,0.418140881312319,0.166499536450154,0.514634930845931,0.840065842998505,2.17584621497361,1.67634760562314,0.310294590657106,0.510850850472064,0.221368701871228,1.13522411216014,0.628157342061945,1.23171816169375,0.304618470096305,0.295158269161637,2.9307702495601,0.82682156168997,0.255425425236032,0.00946020093466785,0.573288176640872,0.857094204680907,1.0765708663652,2.79075927572702,4.04707395985091,2.88346924488676,8.7809585075587009,1.95447751310238,13.6586381094734
453611601,0.0143328077970474,0.0829255308257745,0.216015888941215,2.50005118859927,1.48549315096542,0.767828989127541,0.204754397100678,0.0993058825938287,0.0460697393476525,3.07643481643768,0.0204754397100678,3.73881529105838,0.730973197649419,0.647023894838142,0.276418436085915,0.640881262925121,0.185302729376113,0.180183869448596,0.158684657753025,0.272323348143901,1.64827289666046,0.647023894838142,0.355248878969676,1.70355658387764,0.618358279244047,0.467863797375049,0.164827289666046,5.01238764102459,0.925489874895063,0.212944572984705,0.370605458752227,0.036855791478122,0.194516677245644,0.0389033354491288,2.27072626384652,0.582526259751428,1.33909375703843,0.110567374434366,0.50164827289666,0.225229836810745,0.135137902086447,0.257990540346854,0.0276418436085915,2.61983251090317,3.3825426401032,0.91832347099654,0.222158520854235,3.13171850365487,0.105448514506849,0.678760826388747,1.1466246237638,0.0655214070722169,1.79262474661643,2.69149654988841,2.37822232232437,0.361391510882696,1.79671983455845,0.401318618317328,0.19042158930363,0.154589569811012,0.280513524027929,0.612215647331026,1.06779418088003,2.12944572984705,0.348082475071152,0.727901881692909,1.68717623210958,0.167898605622556,0.265156944245378,0.354225106984172,0.466840025389545,0.80058969266365,0.74632977743197,5.4065398554434,0.557955732099347,0.392104670447798,0.554884416142837,0.579454943794918,1.35752165277749,3.40711316775528,0.0962345666373185,5.13319273531399,2.15811134544114,0.926513646880567,0.0225229836810746,0.502672044882164,0.289727471897459,0.00511885992751694,1.38516349638608,2.23387047236839,0.44431704170847103,0.647023894838142,5.74233706668851,3.27402280963984
453611602,1.0955419697443,0.961667187290821,0.200812173680218,0.147262260698826,0.363693158998617,0.533267883439689,0.0267749564906957,1.78722834575394,4.07648712570842,9.83533401758222,0.493105448703646,0.0602436521040653,0.0267749564906957,0.542192868936588,0.419474318354233,0.0736311303494132,0.129412289705029,0.823329912088893,0.517649158820117,0.151724753447276,0.245437101164711,0.0691686376009639,0.0356999419875943,0.62028649203445,0.116024811459681,0.0914811013432103,0.294524521397653,0.410549332857334,0.28336828952653,0.0914811013432103,0.803248694720871,0.100406086840109,0.0334686956133696,0.0133874782453479,1.2494979695658,0.707305100629211,0.571199071801508,0.0133874782453479,0.0959435940916596,0.00223124637422464,1.98804051943416,0.200812173680218,0.031237449239145,0.406086840108885,0.0803248694720871,0.370386898121291,0.406086840108885,4.42456156008747,0.00223124637422464,0.0825561158463117,0.06247489847829,0.100406086840109,0.0156187246195725,0.419474318354233,0.0446249274844928,0.316836985139899,0.350305680753269,0.113793565085457,0.240974608416261,0.214199651925566,0.12494979695658,0.0981748404658842,0.0223124637422464,0.0959435940916596,0.162880985318399,0.15841849256995,0.582355303672632,0.211968405551341,0.0914811013432103,0.127181043330805,0.169574724441073,0.401624347360436,0.606899013789103,0.093712347717435,0.426168057476907,0.0580124057298407,0.421705564728457,0.292293275023428,0.307911999643001,0.0847873622205364,0.238743362042037,0.638136463028248,1.50832254897586,0.0535499129813914,0.0133874782453479,0.544424115310813,0.265518318532732,7.28725065821768,0.229818376545138,0.785398723727074,0.415011825605783,19.4319246731224,1.71582846177875,24.3495916819135
453611603,0.0289870076090895,2.09948755111548,0.219473057611678,0.501061131528547,0.673947926911331,0.695688182618148,0.241213313318495,0.115948030436358,1.49386614213986,3.43185465086185,0.0817847714685025,0.112842279621098,0.0289870076090895,0.166675293752265,0.118018530979864,0.376831098918163,0.243283813862001,0.22671980951395,0.0258812567938299,0.0175992546198043,0.482426626636989,0.047621512500647,0.0227755059785703,0.489673378539262,0.913090739686319,0.610797660334386,0.635643666856463,2.86971375329986,0.121124281795124,0.385113101092189,0.0848905222837621,0.0227755059785703,0.00931725244577877,0.00621150163051918,0.960712252186966,1.64087168072882,5.32946839898545,0.0600445157616854,0.0590092654899322,0.107666028262332,1.71126869920803,0.417205859516538,0.032092758424349097,1.38516486360578,0.292975826906155,1.92245975464569,2.46389564677261,4.86774677778353,0.010352502717532,0.20083855272012,0.0414100108701279,0.0890315233707749,0.135617785599669,0.371654847559397,0.0879962730990217,0.389254102179202,3.43392515140535,1.79408872094829,0.566281898648998,0.4047828562555,0.0745380195662301,0.332315337232776,0.193591800817848,0.22982556032921,0.73192194212951,0.623220663595424,2.4131683834567,0.511413634246079,0.160463792121745,0.60562140897562,1.14395155028728,1.53631140328174,0.883068481805476,1.57461566333661,0.685335679900616,0.164604793208758,1.8955432475801,0.364408095657125,1.21020756767949,0.376831098918163,0.342667839950308,3.03949479786738,0.583881153268803,0.334385837776282,0.0010352502717532,0.991769760339562,0.873751229359698,0.287799575547389,6.73947926911331,1.57668616388012,2.76515347585279,4.56131269734458,2.07774729540867,13.7367358558932
453611604,0.0086879086032015,0.977389717860168,0.400729784322669,2.47605395191243,3.05162789687452,2.62049043244065,0.261723246671445,0.0380096001390065,1.48128841684585,3.56312851588801,0.0944810060598162,1.44219282813145,0.337742446949458,0.511500619013488,0.46480311027128,0.473491018874481,0.154210377706827,0.179188114941031,0.0412675658652071,0.0586433830716101,1.45522469103625,0.196563932147434,0.63856128233531,2.11441975630416,0.571229990660498,0.403987750048869,0.567972024934298,2.83117221606829,0.282357029604049,0.0662453030994114,0.0586433830716101,0.0673312916748116,0.170500206337829,0.0195477943572034,3.34050085793097,1.49106231402446,6.3682370061467,0.124888686171021,0.153124389131426,0.0999109489368172,2.68021980408766,0.477834973176082,0.0380096001390065,0.819921374427141,0.703720596859321,1.97975717295454,1.35205577637323,5.782889164006,0.0825351317304142,0.0890510631828153,0.0456115201668078,0.0586433830716101,0.0629873373732108,0.787341717165135,0.133576594774223,0.336656458374058,2.58791077517865,1.19241545578941,0.418105601529072,0.182446080667231,0.0857930974566148,0.261723246671445,0.0792771660042136,0.245433418040442,0.474577007449882,0.471319041723681,1.20001737581721,0.450685258791078,0.235659520861841,0.503898698985687,0.447427293064877,1.12291218696379,1.65830455463609,1.12399817553919,0.764535957081731,3.30574922351817,0.973045763558567,0.339914424100258,0.852501031689147,0.267153189548446,0.256293303794444,1.7310657891879,2.55750309506744,0.632045350882909,0.0271497143850047,1.26626267891662,1.19675941009101,0.0912230403336157,1.05232292956278,1.61269303446928,1.44327881670685,2.56293303794444,2.51840750635303,8.7183162833127
453611605,0.00507603906519665,2.43751395910743,0.193904692290512,0.60607906438448,1.55732878520233,1.57052648677184,0.0984751578648149,0.0101520781303933,0.27207569389454,4.06387687559643,0.071064546912753,0.159387626647175,0.0548212219041238,0.581714076871536,0.198980731355708,0.376642098637591,0.214208848551298,0.0274106109520619,0.0253801953259832,0.0243649875129439,0.911656616109318,0.148220340703742,0.0720797547257924,1.32281578039025,0.375626890824552,0.602018233132322,0.447706645550344,2.59081033887637,0.0294410265781405,0.920793486426671,0.111672859434326,0.0263954031390226,0.0294410265781405,0.0324866500172585,5.18466630119185,2.37558628251203,3.78774035044974,0.00304562343911799,0.0345170656433372,0.0416235203346125,0.209132809486102,0.15126596414286,0.0588820531562811,2.54918681854176,0.969523461452559,1.7136707884103899,0.72688879413616,3.20399585795212,0.00609124687823598,0.0406083125215732,0.291364642342287,0.124870561003837,0.250756329820714,1.91874276664433,0.351261903311608,0.755314612901261,1.3319526507076,0.573592414367221,0.765466691031654,0.507603906519665,0.189843861038355,0.573592414367221,0.239589043877282,0.685265273801547,0.510649529958783,0.997949280217661,0.661915494101643,0.759375444153418,0.144159509451585,0.430448112728676,0.646687376906053,2.18574242147368,2.90349434529248,2.3258410996731,0.839576861383525,0.111672859434326,1.37459137885525,0.848713731700879,1.2365231162819,0.690341312866744,0.0781710016040283,6.3216990517959,1.01926864429149,0.416235203346125,0.00203041562607866,1.17662585531258,0.48425412681976,0.0223345718868652,3.68215873789365,6.61103327851211,2.94308745000101,2.0263547948265,1.88727132444011,6.87600251771538
453611606,0.0122827488791992,4.08708468955352,0.223136604638785,0.329587094925178,1.06143421564413,0.87821654486274,0.111568302319392,0.014329873692399,0.172982046715388,3.36649675530717,0.0317304346045978,0.396118651354173,0.229277979078384,1.5077074249217,0.607996069520359,0.392024401727773,0.220065917418985,0.0122827488791992,0.0225183729451985,0.00716493684619951,2.50568077135663,0.858768859137342,0.0634608692091957,1.02663309381973,0.29171528588098,0.385883027288174,0.365411779156175,0.817826362873344,0.0348011218243976,0.529181764212164,0.0962148662203935,0.0163769985055989,0.0573194947695961,0.0245654977583983,2.8700689881062,1.05631640361113,1.31118344285451,0.00102356240659993,0.015353436098999,0.0122827488791992,0.107474052692993,0.058343057176196,0.0122827488791992,1.10135314950153,0.618231693586358,1.4022804970419,1.15969620667772,1.96421625826527,0.00921206165939937,0.193453294847387,0.356199717496776,0.0327539970111978,0.197547544473787,2.38899465700424,0.225183729451985,1.20473295256812,1.4176339331409,0.523040389772564,0.371553153595775,0.701140248520952,0.324469282892178,0.932465352412536,0.189359045220987,0.368482466375975,0.466744457409568,0.922229728346537,1.10237671190813,0.603901819893959,0.115662551945792,0.407377837826772,0.457532395750169,2.71858175192942,1.15764908186452,0.756412618477349,0.698069561301152,0.0941677414071936,1.66431247313149,0.598784007860959,1.03993940510553,0.638702941718357,0.108497615099593,3.27335257630658,3.10651190403079,0.788143053081946,0.00716493684619951,0.692951749268153,0.577289197322361,0.0767671804949948,2.10239718315626,3.33681344551577,1.32346619173371,15.7106593789023,1.4104689962947,12.1588978280006
453611607,0.033125951077111,0.80848024347574,0.476185546733471,0.793987639879504,1.02690448339044,1.06934710820799,0.162524197472076,0.118011200712208,1.02069336756348,4.89125371372967,0.0548648564714651,0.400616970838811,0.208072380203103,0.414074388463888,0.396476226954172,0.762932060744713,0.316766907174874,0.374737321559818,0.312626163290235,0.300203931636318,1.42752145422925,0.315731721203714,0.154242709702798,1.38921957329634,0.549683750685811,0.81158580138922,0.503100381983623,3.02584859369986,0.246374261136013,0.14699640790468,0.285711328040082,0.0248444633078332,0.154242709702798,0.0269148352501527,2.78982619227544,1.96374778728999,1.89439032722229,0.0766037618658192,0.0393370669040693,0.187368660779909,1.16976014741048,0.599372677301477,0.0227740913655138,1.70805685241354,1.06624155029451,2.03724599124233,0.213248310058902,1.07969896791959,0.00828148776927775,0.306415047463277,0.730841295638762,0.0766037618658192,0.610759722984234,1.27534911646877,0.496889266156665,0.247409447107173,0.406828086665769,0.217389053943541,0.168735313299034,0.132503804308444,0.181157544952951,0.401652156809971,0.595231933416838,1.54035672508566,1.70184573658658,1.25464539704558,0.825043219014296,0.425461434146645,0.0910963654620553,0.629393070465109,1.94407925383795,1.79604765996211,1.97409964700158,3.18319686131614,0.729806109667602,0.100413039202493,1.08073415389075,0.402687342781131,0.887154377283879,0.806409871533421,1.07141748015031,4.51548120619869,2.47202409912941,0.703926460388609,0.00310555791347916,0.77328392045631,0.297098373722839,0.197720520491506,3.12729681887351,4.60347201374727,2.46581298330245,3.3229469674227,4.79394623244066,8.57237502717363
453611608,0.0257281053823196,3.62148811361531,0.280950910774931,0.673047236801482,2.15292785839251,1.88844293506226,0.0782134403622517,0.102912421529279,1.54265719872389,7.59905320572193,0.00205824843058557,0.244931563239683,0.146135638571576,2.37830606154163,1.19687146238551,0.451785530513533,0.299475146650201,0.166718122877431,0.00617474529175672,0.00102912421529279,3.51137182257899,0.86446434084594,0.0751260677163734,2.48842235257796,0.184213234537409,0.37665946279716,0.383863332304209,0.59483379643923,0.0174951116599774,0.479571884326438,0.252135432746733,0.0524853349799321,0.0782134403622517,0.0607183287022744,2.64793660594834,1.17731810229495,1.14747350005146,0.00205824843058557,0.0164659874446846,0.00617474529175672,0.611299783883915,0.121436657404549,0.043223217042297,1.32757023772769,0.531028095091078,1.26273541216425,0.880930328290625,1.58073479468972,0.00102912421529279,0.0679221982093239,0.473397139034682,0.11834928475867,0.210970464135021,1.2555315426572,0.250077184316147,0.740969435010806,1.06102706596686,0.340640115261912,0.345785736338376,0.416795307193578,0.327261500463106,0.472368014819389,0.305649891941957,0.548523206751055,0.326232376247813,1.24009467942781,0.541319337244005,0.55058145518164,0.11834928475867,0.30667901615725,0.867551713491818,1.82772460635999,1.66203560769785,2.30832561490172,0.569105691056911,0.0514562107646393,1.25141504579603,0.132757023772769,0.834619738602449,0.364309972213646,0.18112586189153,2.37830606154163,1.87815169290933,0.239785942163219,0.00411649686117114,0.684367603169703,0.281980034990223,0.585571678501595,2.20644231758773,4.8924565195019,2.13337449830194,8.89369146856026,1.07234743233508,11.0445610785222
453611609,0.0323986497078896,3.18760908416333,0.422227563935077,1.32520928482594,1.83731697375709,2.64728321645433,0.226790547955227,0.0742033590083923,3.35587303909785,4.35396047364736,0.0198572369177388,0.249783138070504,0.0543461220906535,0.977185079899251,0.585265930207038,0.585265930207038,0.270685492720755,0.180805367724674,0.0167218837202011,0.0146316482551759,1.61052642580187,0.255008726733067,0.0930154781936185,2.07664893450247,0.726356824096234,0.763981062466687,0.619754815379953,1.15067462349634,0.0762935944734174,0.457761566840505,0.120188539238945,0.031353531975377,0.0647972994157792,0.10973736191382,2.55113238506318,2.19892770920644,4.01743256377831,0.0438949447655278,0.0156767659876885,0.0449400624980404,2.25222871356458,0.175579779062111,0.0177670014527136,2.72148657546273,0.544506338639048,1.79760249992162,3.70807771495459,1.76624896794624,0.0177670014527136,0.0303084142428645,0.228880783420252,0.0407595915679901,0.0836094186010054,0.404460562482364,0.205888193304976,1.04616285024508,2.67445627749966,2.34419907402569,0.701273998515933,0.367881441844424,0.458806684573017,0.281136670045881,0.112872715111357,0.255008726733067,0.433723858992715,0.693958174388345,1.08796755954558,0.689777703458295,0.250828255803016,0.535100279046435,0.646927876425279,0.761890827001662,1.07438102902292,1.70040655079795,0.817282066824828,0.411776386609952,1.26981804500277,0.414911739807489,1.00853861187463,0.481799274688294,0.332347438938996,3.37782051148062,2.19161188507885,1.06392985169779,0.0146316482551759,2.69744886761494,0.911342662750959,0.590491518869601,3.70180700855951,2.89811147225735,2.19161188507885,3.60356594170333,0.661559524680455,3.80213831088072
453611610,0.00986318355384594,2.72787476574939,0.37198292260219,0.629834721224162,0.783418579419763,1.63728846993843,0.126812359978019,0.0817235208747235,4.76814473517352,15.4725169435403,0.536838990573615,0.133857491087909,0.0619971537670316,0.195854644854941,0.736920714094489,0.226853221738457,0.394527342153837,0.59601809189669,0.32266700483296,0.202899775964831,0.460751574586803,0.133857491087909,0.214171985740655,1.60910794549887,0.412844683039551,0.226853221738457,0.543884121683505,3.78887151089882,0.224035169294501,0.191627566189007,0.604472249228558,0.0507249439912077,0.0944047568725254,0.00986318355384594,1.38084569753843,0.618562511448338,1.39493595975821,0.0901776782065914,0.725648504318665,0.0464978653252737,9.09667328908991,1.33716588465711,0.0324076031054938,1.12722097758239,0.262078877287906,0.643924983443942,0.183173408857139,8.12867227459103,0.0436798128813177,0.173310225303293,0.0958137830945034,0.0901776782065914,0.0563610488791196,0.263487903509884,0.145129700863733,0.216990038184611,1.5302024770681,0.264896929731862,0.552338279015372,0.39311831593186,0.140902622197799,0.235307379070324,0.0944047568725254,0.194445618632963,0.348029476828564,0.26630595595384,1.30334925532964,0.441025207479111,0.205717828408787,0.356483634160432,0.233898352848347,0.326894083498894,0.777782474531851,0.765101238534049,0.521339702131857,0.190218539967029,0.556565357681306,0.312803821279114,0.507249439912077,0.317030899945048,0.233898352848347,2.11494835918896,1.64010652238238,0.109904045314283,0.00704513110988996,0.922912175395584,0.487523072804385,0.162038015527469,0.907412886953826,0.862324047850531,0.522748728353835,3.81141593045047,1.6584238632681,10.987586478984401
453611611,0.00508347058703918,2.66373858760853,0.308058317574575,1.49047357611989,1.98865369364973,0.817422070395901,0.0864189999796661,0.00813355293926269,0.0589682588096545,11.0351979503447,0.870290164501108,0.916041399784461,0.220622623477501,0.545964741048008,0.319241952866061,0.433111694015738,0.716769352772525,0.00813355293926269,0.727952988064011,0.504280282234287,2.25197747005836,0.42294475284166,0.200288741129344,1.3227190467476,0.3761768234409,0.532747717521706,0.23485634112121,2.40956505825657,0.0538847882226153,0.721852823359564,0.448362105776856,0.00915024705667053,0.157587588198215,0.0447345411659448,2.89757823461233,1.50877407023323,1.36338681144391,0.0701518941011407,0.141320482319689,0.0477846235181683,0.0579515646922467,0.0549014823400232,0.00406677646963135,1.85750015250412,0.780821082169219,2.27841151711096,0.139287094084874,3.47912726976962,0.0213505764655646,0.217572541125277,0.18808841172045,0.0183004941133411,0.131153541145611,2.06388905833791,0.223672705829724,0.904857764492975,0.667968035136949,0.0833689176274426,0.403627564610911,0.301958152870128,0.187071717603042,0.766587364525509,0.33347567050977,0.614083246914333,0.722869517476972,1.10819658797454,0.545964741048008,0.780821082169219,0.207405599951199,0.661867870432502,1.26578417617276,3.21580349336099,2.09743996421237,0.402610870493503,0.724902905711788,0.131153541145611,2.05473881128124,1.27900119969906,1.66534496431404,0.857073140974806,0.118953211736717,5.43016328107526,1.98052014071047,0.312125094044206,0.00508347058703918,0.824538929217756,0.728969682181419,0.00915024705667053,3.79633583440086,2.74507411700116,1.80259867016409,1.75278065841111,1.38270399967466,6.67053010431282
453611612,0.00307575586700432,5.3682192398782,0.476742159385669,0.971938853973364,1.24978213395942,1.19749428422035,0.200949383310949,0.00922726760101295,0.0102525195566811,11.407978510719,0.11380296707916,0.357812932528169,0.107651455345151,0.664363267272932,1.73882731681311,0.422403805735259,0.60079764602151,0.0102525195566811,0.0563888575617458,0.0943231799214657,1.44150424966936,0.283994791720065,0.0881716681874571,2.05665542307022,0.521853245435066,0.437782585070281,0.594646134287501,5.04116386602007,0.0881716681874571,0.36806545208485,0.750484431549053,0.019479787157694,0.0861211642761209,0.123030234680173,1.51532239047746,0.744332919815044,2.62156925064335,0.00205050391133621,0.100474691655474,0.0768938966751079,0.0112777715123492,0.0799696525421122,0.00922726760101295,1.19134277248634,0.468540143740324,0.67666629074095,0.580292606908148,5.81420384059383,0.00922726760101295,0.354737176661164,0.342434153193147,0.0358838184483837,0.0932979279657976,0.349610916882824,0.125080738591509,0.177368588330582,0.846858115381855,0.129181746414181,0.381393727508535,0.285020043675733,0.107651455345151,0.374216963818858,0.164040312906897,0.48699467894235,0.3086008386561,0.891969201431252,1.0365297271804499,0.473666403518665,0.191722115709936,0.728954140480023,0.551585552149441,0.334232137547802,1.16161046577196,2.30886740416457,0.417277545956919,0.0727928888524355,1.24158011831408,0.374216963818858,1.42817597424567,0.722802628746014,0.0553636056060777,4.04974522488902,3.65707372586813,1.55940822457119,0.00205050391133621,0.742282415903708,0.746383423726381,0.0143535273793535,2.45957944164778,3.7062858197402,1.24363062222541,5.40102730245958,1.74395357659145,7.25570809026318
453611613,0.0168073504145813,2.02435198326735,0.507955479196235,1.1690445955031,1.52386643758871,1.46597445282737,0.237170389183536,0.0915066855904983,0.765668185553149,5.15798909389706,0.117651452902069,0.231567939045343,0.0429521177261522,1.25121386419661,0.689101366997834,0.302532307462464,0.132591319937253,0.13445880331665,0.0336147008291626,0.024277283932173,0.963621423769328,0.117651452902069,0.160603570628221,0.801150369761709,0.338014491671024,0.194218271457384,1.26428624785239,0.606932098304325,0.0672294016583252,0.117651452902069,0.158736087248823,0.0112049002763875,0.0560245013819377,0.235302905804138,1.61350563979981,0.920669306043176,4.87786658698738,0.00746993351759169,0.00933741689698962,0.00746993351759169,0.343616941809218,0.104579069246284,0.0168073504145813,0.367894225741391,0.177410921042803,0.511690445955031,5.5482931201912304,1.7087472921491,0.0224098005527751,0.0915066855904983,0.14379622021364,0.0149398670351834,0.0149398670351834,0.580787330992754,0.0354821842085605,0.330544558153432,1.57615597221185,3.29984313139613,0.420183760364533,0.281989990289086,0.0653619182789273,0.13445880331665,0.0130723836557855,0.102711585866886,0.140061253454844,0.140061253454844,2.48188541121984,0.201688204974976,0.295062373944872,0.261447673115709,0.113916486143273,0.403376409949951,0.420183760364533,1.23253903040263,0.379099126017778,0.603197131545529,0.556510047060581,0.190483304698588,0.397773959811758,0.0803017853141107,0.097109135728692,0.345484425188616,1.06259804287742,0.457533427952491,0.121386419660865,0.175543437663405,0.481810711884664,0.23343542242474,0.225965488907149,1.34085306640771,0.412713826846941,27.9805034735191,1.09621274370658,13.7147979382983
453611614,0.0421745615388572,5.61333127603765,0.418659671861338,1.35472920845549,1.88139690376999,2.98410739083475,0.208815512009464,0.17898472457954,0.78691559944453,5.32222393663529,0.453633698503317,0.219101990433575,0.0370313223268014,0.778686416705241,0.740626446536028,0.431003445970272,0.413516432649283,0.328138661729157,0.0257161960602788,0.0277734917451011,1.12739803528262,0.121380445404516,0.0421745615388572,3.24332664712236,0.591472509386411,0.374427814637659,0.680964871676182,3.61672581391761,0.236589003754565,0.479349894563596,0.246875482178676,0.00925783058170035,0.033945378799568,0.013372421951345,2.48521318726534,1.53062798950779,2.51504397469526,0.0833204752353032,0.234531708069742,0.14298205009515,0.680964871676182,0.0946356015018259,0.0113151262665227,2.7403178521833,0.560613074114077,1.24466388931749,0.623360592501157,4.5754256030448,0.033945378799568,0.593529805071234,0.0565756313326133,0.0277734917451011,0.10697937561076,0.529753638841743,0.160469063416139,0.318880831147457,1.86802448181865,0.830118808825798,0.36619863189837,0.295221930772,0.12549503677416,0.272591678238955,0.17898472457954,0.735483207323973,0.637761662294913,0.584271974489533,2.76397675255876,0.300365169984056,0.100807488556293,0.526667695314509,1.01116082909016,0.448490459291262,1.95237360489636,2.18381936943887,0.421745615388572,0.135781515198272,0.962814380496837,0.208815512009464,1.13048397880985,0.726225376742272,0.256133312760376,4.63714447358947,0.279792213135833,0.160469063416139,0.0061718870544669,0.913439284061102,0.533868230211387,0.102864784241115,2.3988067685028,2.18587666512369,1.03481972946562,3.58072313943322,1.90711309983027,10.8203466543229
453611615,0.00815693951629349,0.784085811003711,0.173334964721237,0.253884742444635,0.453729760593825,0.631143195073208,0.0866674823606183,0.0173334964721237,0.714751825115217,1.76699702271708,0.0407846975814674,0.255923977323708,0.477180961703169,1.36118928178148,0.944165749010971,0.364003425914597,0.120314857865329,0.0836086300420082,0.00611770463722012,0.016313879032587,0.858517884089889,1.63444675557731,0.144785676414209,2.47461152575554,0.233492393653901,0.270198621477222,0.439455116440312,2.64896610791631,0.105020596272279,0.234512011093438,0.0836086300420082,0.451690525714752,0.705575268159387,0.0418043150210041,0.714751825115217,0.455768995472899,1.45499408621885,0.00611770463722012,0.0203923487907337,0.226355071577144,0.952322688527265,0.19678616583058,0.144785676414209,1.06550022431584,0.800399690036298,0.653574778743016,0.346669929442473,0.754516905257148,0.0203923487907337,0.389493861903014,0.939067661813288,0.139687589216526,5.75064235898691,1.24393327623476,1.09608874750194,0.189648843753824,0.406827358375138,0.204943105346874,0.313022553937763,0.212080427423631,0.576083853338228,0.747379583180391,1.15012847179738,1.85774297483584,0.903381051429504,1.09914759982055,0.820792038827032,0.35992495615645,0.182511521677067,0.303845996981932,2.209510991476,1.08589257310657,2.08613728129206,2.2288837228272,0.453729760593825,0.0989028916350585,0.654594396182552,0.501651780252049,0.433337411803091,1.17154043802765,0.228394306456218,2.64182878583955,0.965577715241241,0.817733186508422,0.120314857865329,0.809576246992128,0.0958440393164485,0.0662751335698846,2.23296219258534,2.98849871528203,1.22354092744402,6.38484440637873,3.71242709735307,21.2019250377258
453611616,0.00533543905327969,1.96237448379627,0.590099559292734,2.31878181255536,4.07307417327372,3.37519874510473,0.195277069350037,0.00746961467459157,0.205947947456596,6.19764600428969,0.18140492781151,1.19727252355596,0.331864309113997,3.18205585137601,1.72334681420934,0.370279470297611,0.152593556923799,0.0224088440237747,0.0981720785803464,0.156861908166423,3.19165964167191,0.49406165633369997,1.26023070438466,3.57901251694002,0.242228933018898,0.183539103432821,0.446042704854182,1.24529147503548,0.0725619711246038,0.164331522841015,0.13125180071068,0.0405493368049257,0.485524953848452,0.783242453021459,1.46617865184126,1.39361668071666,4.9502203536329,0.0256101074557425,0.03414680994099,0.0437506002368935,0.218753001184467,0.0960379029590345,0.0192075805918069,0.314790904143502,0.193142893728725,0.841932282607536,1.69560253113229,3.50004801895148,0.0224088440237747,0.087501200473787,0.156861908166423,0.035213897751646,0.0330797221303341,0.648789388878811,0.035213897751646,0.423633860830408,1.6177051209544,0.388419963078762,0.680802023198489,0.209149210888564,0.0746961467459157,0.139788503195928,0.0213417562131188,0.221954264616435,0.235826406154962,0.333998484735309,1.12684472805267,0.232625142722995,0.58583120805011,0.49406165633369997,0.369212382486955,0.594367910535358,1.62837599906096,0.166465698462326,0.45991484639271,1.42989766627896,0.877146180359182,0.197411244971349,0.640252686393563,0.175002400947574,0.0810986736098513,0.571959066511583,2.27929956356109,0.398023753374665,0.37561490935089,0.427902212073031,1.1866016454494,0.0501531271008291,0.518604675978786,1.53767353515521,1.19300417231334,6.69064057281274,1.56008237917898,15.3255151366406
453611617,11.8681227765368,0.661868122776537,0.186150409530901,0.343344088690328,1.50574997931662,1.76636055265988,0.0951435426491272,8.37676842889054,0.376437494829155,0.794241747331844,NA,0.119963597253247,0.0992802184164805,1.64639695540664,0.289567303714735,0.235790518739141,0.0992802184164805,1.74154049805576,0.0124100273020601,NA,1.3568296516919,0.430214279804749,0.0537767849755936,0.868701911144205,0.239927194506495,0.190287085298254,0.988665508397452,0.508811119384463,0.132373624555307,0.111690245718541,0.0289567303714735,0.0330934061388268,0.0330934061388268,0.0124100273020601,1.23686605443865,0.835608505005378,2.50268883924878,0.00827335153470671,NA,0.0124100273020601,0.401257549433275,0.124100273020601,0.0206833788367668,0.599817986266237,0.831471829238024,1.70431041614958,2.54819227268967,1.17895259369571,0.00413667576735335,0.0413667576735335,0.0620501365103003,0.0330934061388268,0.0413667576735335,0.885248614213618,0.140646976090014,0.252337221808555,0.248200546041201,1.0465789691404,0.0951435426491272,0.388847522131215,0.0289567303714735,0.202697112600314,0.161330354926781,0.144783651857367,0.186150409530901,0.157193679159427,0.649458095474477,0.322660709853562,0.248200546041201,0.219243815669728,0.893521965748325,2.70952262761645,0.318524034086208,2.98667990402912,0.239927194506495,0.153057003392074,0.827335153470671,0.252337221808555,0.368164143294449,0.107553569951187,0.239927194506495,0.405394225200629,0.289567303714735,0.612228013568296,0.0124100273020601,0.368164143294449,0.368164143294449,2.57714900306114,0.893521965748325,2.18416480516257,1.17895259369571,23.1984777033176,0.752874989658311,5.29080830644494
453611618,0.0662995241405122,1.72699566914399,0.271614179543389,0.464096668983585,1.55376142864781,2.35042506549751,0.0876864674116452,0.230978987328236,2.05421590119232,4.42816660428808,0.108004063519222,0.252365930599369,0.155055338715714,1.12067582740737,0.517564027161418,0.296209164305192,0.179650323477517,0.179650323477517,0.0545367053413891,0.018178901780463,1.63717050740523,0.295139817141635,0.202106613912207,1.86708014756991,0.305833288777202,0.291931775650965,0.563545955194354,1.21050098914613,0.106934716355665,0.406351922151526,0.126182965299685,0.00962412447200984,0.0641608298133989,0.140084478425921,1.28000855477731,0.537881623268994,1.75159065390579,0.0352884563973694,0.106934716355665,0.0278030262524729,0.598834411591723,0.17216489333262,0.0139015131262364,0.841576217719082,0.442709725712453,0.858685772335989,1.50029407046998,4.08383681762284,0.00641608298133989,0.039565845051596,0.261990055071379,0.0256643319253596,0.0983799390472117,1.36341763353473,0.097310591883655,0.420253435277763,1.28428594343154,0.868309896807999,0.38603432604395,0.399935839170187,0.232048334491793,0.372132812917714,0.112281452173448,0.38924236753462,0.432016254076886,0.500454472544512,0.542159011923221,0.426669518259103,0.20424530823932,0.374271507244827,0.643746992461103,2.03175961075763,1.34523873175426,1.40298347858632,0.635192215152649,3.25509276586644,0.874725979789339,0.241672458963803,0.736780195690531,0.375340854408384,0.290862428487408,1.93765706036465,1.63503181307812,0.543228359086778,0.526118804469871,0.831952093247073,0.547505747741004,0.97952200181789,1.60402074533497,1.7687002085227,1.26503769448752,7.53675880874726,2.0745334972999,22.4851628081057
453611619,0.0094514980624429,1.24234691198555,0.451571574094494,0.731966016613633,3.46869978891654,1.58365100868488,0.16907679867259,0.0105016645138254,0.0735116515967781,1.18773825651366,0.0094514980624429,0.955651470758115,0.526133392142655,5.71080516261827,0.561839051489661,0.824380664335297,0.142822637388026,0.0315049935414763,0.023103661930416,0.00630099870829527,5.92923978450584,2.18539638532707,0.11551830965208,2.01736975310587,0.388561587011541,0.553437719878601,0.250989781880428,0.372809090240803,0.0420066580553018,0.283544941873287,0.0220534954790334,0.0861136490133686,0.144922970290791,0.368608424435273,2.8154962561566,1.7506274744547,2.25995820337524,0.00630099870829527,0.00525083225691272,0.0126019974165905,0.164876132867059,0.0787624838536908,0.0336053264442414,2.06252691051532,0.898942482383458,1.37046721905422,2.2683595349863,1.35156422292933,NA,0.00630099870829527,0.155424634804617,0.0693109857912479,0.253090114783193,2.26730936853491,0.246789116074898,0.760320510800962,0.517732060531594,0.573390882454869,0.337103430893797,0.306648603803703,0.18167879608918,0.465223737962467,0.240488117366603,1.27700240488117,0.733016183065016,1.46708253258141,0.162775799964294,0.60279554309358,1.2213435829579,0.472574903122145,1.73907564348949,2.04677441374458,3.39098747151423,1.16463459458324,0.368608424435273,1.39777154679017,0.936748474633229,0.582842380517312,1.03756445396595,0.679457694044506,0.17327746447812,2.64641945748401,1.51854068869916,0.498829064406708,0.240488117366603,0.447370908288964,0.500929397309474,0.023103661930416,2.28936286401395,6.01115276771368,2.62436596200498,4.06309400039906,0.960902303015028,6.77987461012571
453611620,0.230484692443475,0.80051268790124,0.28107889322375,0.513812216813015,1.56842022418853,1.24124439247608,0.133793553174505,0.482331380771955,1.69097062163408,1.60214969137538,0.019113364739215,0.24510079489111,0.16639870478846,1.02987306477182,0.207998380985575,0.390137503794565,0.08769661468581,0.367651192336665,0.028107889322375,0.010118840156055,2.2261448343321,0.354159405461925,0.02023768031211,0.63636261425857,0.417121077544045,0.44073170457484,0.437358757856155,0.583519782332505,0.160777126923985,0.11692881958108,0.084323667967125,0.064085987655015,0.032605151613955,0.33954330301429,0.7645345895686,0.4946988520738,2.0012817197531,0.02698357374948,0.03822672947843,0.028107889322375,0.889333618159945,0.29007341780691,0.05171851635317,0.356408036607715,0.20687406541268,0.77128048300597,4.17233509101335,3.04352225582677,NA,0.014616102447635,0.27433299978638,0.05396714749896,0.111307241716605,0.9893977041476,0.037102413905535,0.28557615551533,1.1018292614371,1.7089596708004,0.25184668832848,0.423866970981415,0.20912269655847,0.40025634395062,0.0899452458316,0.1798904916632,0.58689272905119,0.50594200780275,0.302440889108755,0.28557615551533,0.3597809833264,0.44522896686642,0.617249249519355,2.8568858707262,0.734178069100435,1.50995581439799,0.45422349144958,8.18726600182139,1.21763376544529,0.12817197531003,0.8095072124844,0.25184668832848,0.64085987655015,1.36491910549453,2.34194933834029,0.7195619666528,1.04448916721946,0.749918487120965,0.997267913157865,2.3172143957366,1.88435290017202,1.35817321205716,1.94731457225414,11.0992433356194,1.65836547002013,16.3452997987475
453611621,NA,1.37296807201606,0.49111672387367,1.24883966927876,2.8020637696176798,3.26187854845325,0.141398441379013,0.0032381322453209,0.0280638127927811,4.65751354618656,0.111175873756018,0.220192992681821,0.0798739287179155,3.83071044621462,0.754484813159769,0.789024890443192,0.362670811475941,0.00107937741510697,0.185652915398398,0.133842799473264,2.95641473997798,0.445782872439177,0.183494160568184,2.39513848412236,0.452259136929819,0.9142326705956,0.165144744511366,0.331368866437839,0.0302225676229951,0.358353301815513,0.102540854435162,0.0194287934719254,0.109017118925804,1.52300153271593,2.98016104311033,2.52790190618052,1.41614316862034,0.0140319063963906,0.0064762644906418,0.0064762644906418,0.0302225676229951,0.0410163417740647,0.0205081708870324,2.33361397146126,0.562355633270729,2.8204131856745,1.66224121926473,0.845152516028755,0.0107937741510697,0.0377782095287438,0.710230339140384,0.0291431902078881,0.109017118925804,0.943375860803488,0.134922176888371,1.57157351639574,1.44960386848866,0.942296483388382,0.416639682231289,0.23854240873864,0.597975087969259,0.349718282494657,0.173779763832222,0.570990652591585,0.578546294497334,1.13442566327742,0.716706603631026,0.484640459383028,0.486799214213242,0.619562636271399,1.68274939015176,1.57049413898064,3.01362174297865,0.670293374781426,0.817088703235973,1.93856183753211,1.45823888780951,0.311940072965913,1.11391749239039,0.46952917557153,0.195367312134361,3.04600306543186,2.67361785721996,1.25207780152408,0.57638753966712,1.12147313429614,0.651943958724608,0.0291431902078881,3.94512445221596,3.0837812749606,3.30829177730285,1.63525678388705,0.667055242536105,6.73207693802215
453611622,0.0308080963677254,7.52436406954414,0.493956478429198,0.995101512677532,2.0086878831757,2.23666779629687,0.128367068198856,0.0903704160119946,1.19843494870452,10.9964365301868,0.31526951949639,0.316296456041981,0.139663370200355,0.722963328095957,0.427205602965793,0.373804902595069,0.633619848629553,0.250572517124167,0.0934512256487672,0.0790741140104953,1.87621306879448,0.311161773314027,0.188956324388716,1.64001766330858,0.430286412602565,0.404612998962794,0.435421095330519,2.20072501720119,0.0523737638251332,0.645943087176643,0.195117943662261,0.0369697156412705,0.100639781467903,0.0328619694589071,1.35452930363433,0.962239543218625,5.11311706049683,0.0482660176427699,0.0328619694589071,0.0482660176427699,1.00023619540549,0.188956324388716,0.0308080963677254,2.23769473284246,0.553518798073467,0.919108208303809,0.814360680653543,2.49956355196812,0.00924242891031763,0.166363720385717,0.116043829651766,0.0759933043737227,0.141717243291537,0.655185516086961,0.21771054766526,0.293703852038983,1.16043829651766,0.621296610082463,0.311161773314027,0.483687112973289,0.111936083469402,0.29062304240221,0.198198753299034,0.656212452632552,0.590488513714738,0.765067726465182,1.9747989771712,0.730151883915093,0.218737484210851,0.825656982655042,1.10087597687339,0.910892715939082,2.5355063310638,3.69799850067264,0.483687112973289,0.101666718013494,0.945808558489171,0.599730942625055,0.87186912720663,0.680858929726732,0.223872166938805,2.98735841112378,0.573030592439693,1.30318247635479,0.0020538730911817,1.0998490403278,0.635673721720735,0.140690306745946,2.43281267650472,3.43099499881902,2.0980313626421,2.6484693510788,0.950943241217125,5.51978393255081
453611623,0.00312077395194008,0.600228856756476,0.358889004473109,0.245500884219286,1.09019036721107,1.24934983876001,0.231977530427546,0.00624154790388016,1.05066056381983,2.05659003432851,0.0104025798398003,0.128991990013523,0.104025798398003,2.10132112763965,1.79652553833351,0.605430146676376,0.153958181629044,0.0218454176635806,0.00624154790388016,0.00520128991990014,3.18422968896286,0.7552272963695,0.0468116092791012,2.01393945698533,0.642879434099657,0.640798918131697,2.00041610319359,1.26495370851971,0.0634557370227816,0.291272235514408,0.0905024446062623,0.0218454176635806,0.0644959950067617,0.0499323832310413,1.94112139810673,1.29304067408717,1.92863830229897,0.0145636117757204,0.0208051596796005,0.0249661916155206,0.326641006969728,0.075938832830542,0.0135233537917404,1.6196816810569,0.583584729012795,0.78435451992094,2.92416519296786,2.79205242900239,0.0218454176635806,0.272547591802767,0.188286695100385,0.0499323832310413,0.170602309372724,1.04962030583585,0.140434827837304,0.331842296889629,1.49901175491522,0.715697492978259,0.264225527930927,0.178924373244565,0.262145011962967,0.630396338291896,0.234058046395506,0.848850514927702,0.512847186102153,1.35753666909394,1.6508894205763,0.486840736502653,0.164360761468844,0.652241755955477,1.11723707479455,0.950795797357745,1.4896494330594,2.49557890356808,0.581504213044835,0.231977530427546,1.65817122646416,0.309996879226048,1.56142723395402,0.613752210548216,0.251742432123167,3.44741495890981,2.47997503380838,1.82253198793301,0.0135233537917404,1.04233849994799,0.684489753458858,0.37241235826485,2.81077707271403,4.93602413398523,2.03058358472901,10.5919067928846,0.947675023405805,8.57484656194736
453611624,0.154849657951954,3.54563292146153,0.447579148326881,1.57607254600414,2.54865567163388,1.91652967067932,0.105000795460572,0.424245638224532,1.55167842180623,1.51031447207933,0.0636368457336798,0.613034947234449,0.198334835869969,5.57989075674816,1.68319456965583,0.404093970408867,0.123031235085114,0.46242774566474,0.00636368457336798,0.00954552686005197,2.43623057750437,1.4180410457655,0.0774248289759771,3.33563133054038,0.187728694914355,0.321366070955083,0.308638701808347,0.655459511056902,0.0954552686005197,0.2715172084637,0.0371214933446466,0.0296971946757172,0.235456329214615,0.766823991090842,2.12971310388715,1.04894734051016,2.41289706740203,0.00424245638224532,0.00318184228668399,0.0159092114334199,1.12319032719945,0.16757702709869,0.0137879832422973,0.834703293206767,0.626822930476746,1.55910272047516,2.00031818422867,1.78183168054303,0.00212122819112266,0.120910006893992,0.137879832422973,0.0243941241979106,0.0710611444026091,1.57076947552633,0.0795460571670998,0.571670997507557,0.766823991090842,1.245160948189,0.249244312456913,0.2715172084637,0.132576761945166,0.365911862968659,0.142122288805218,0.538791960545156,0.597125735801029,0.936522246380655,1.27485814286472,0.415760725460041,0.512276608156122,0.456064061091372,2.0925916105425,2.17001643951848,2.92729490374927,1.83698361351222,0.499549239009386,2.39804847006417,1.0998568170971,0.493185554436018,1.14122076682399,0.301214403139418,0.240759399692422,1.67364904279578,1.26531261600467,0.229092644641247,0.270456594368139,0.611974333138887,0.606671262661081,0.213183433207827,1.86880203637906,2.8222941082887,2.78199077265737,3.15002386381715,4.6826112319032704,7.31717664527762
453611625,0.00811918970486745,1.64515081394877,0.133966630130313,0.549060203791662,1.83696667072626,2.60625989526245,0.0619088214996143,0.0111638858441927,0.143100718548289,2.15868956278163,0.0233426704014939,0.202979742621686,0.096415377745301,1.33256201031137,0.32984208176024,0.234441602728048,0.0872812893273251,0.0101489871310843,0.0030446961393253,0.00608939227865059,1.65529980107985,0.260828969268867,0.104534567450168,1.83899646815248,0.251694880850891,0.24560548857224,0.703324808184143,1.5040798928267,0.0213128729752771,1.22904234157431,0.0558194292209638,0.0263873665408192,0.0213128729752771,0.0233426704014939,2.76052449965493,1.26253399910689,2.25409004181383,0.0030446961393253,0.014208581983518,0.0182681768359518,0.0639386189258312,0.111638858441928,0.0324767588194698,1.72837250842366,0.89311086753542,1.53655665164617,1.12856736897658,2.43677181017334,0.00101489871310843,0.0466853408029879,0.277067348678602,0.0852514919011083,0.185726464498843,1.54467584135103,0.253724678277108,0.863678804855275,1.62282304226038,0.934721714772866,0.513538748832866,0.551090001217879,0.397840295538505,0.539926115373686,0.285186538383469,0.48512158486583,0.354199650874843,0.763203832257541,0.816993464052288,0.732756870864288,0.124832541712337,0.327812284334023,0.853529817724191,3.15430520034101,1.72634271099744,2.190151422888,0.998660333698697,0.0801769983355661,1.13567165996834,0.44655543376771,0.799740185929444,0.437421345349734,0.0690131124913734,2.85592497868713,0.992570941420046,0.475987496447854,0.00608939227865059,1.2879064669346,0.571387975480047,0.141070921122072,3.17460317460317,4.62895303048756,2.78995656233508,6.03458774814274,1.52539276580197,18.2499086591158
453611626,0.126159554730983,1.44094001236858,0.671614100185529,0.481137909709338,1.4186765615337,1.57699443413729,0.149659863945578,0.535559678416821,9.87012987012987,4.64935064935065,0.105132962275819,0.359925788497217,0.119975262832406,0.959802102659246,0.546691403834261,0.316635745207174,0.136054421768707,0.985776128633271,0.0408163265306122,0.028447742733457,1.42238713667285,0.195423623995053,0.188002473716759,1.22077922077922,0.329004329004329,0.272108843537415,0.690166975881262,0.69882498453927,0.110080395794681,0.051948051948052,0.0940012368583797,0.080395794681509,0.0717377860235003,0.589981447124304,1.44712430426716,0.749536178107607,2.11502782931354,0.025974025974026,0.0531849103277675,0.0210265924551639,2.39455782312925,0.221397649969079,0.0395794681508967,0.241187384044527,0.262213976499691,0.703772418058132,2.35126777983921,3.43104514533086,0.0358688930117502,0.085343228200371,0.168212739641311,0.0494743351886209,0.0606060606060606,0.514533085961657,0.0494743351886209,0.317872603586889,1.96907854050711,1.52504638218924,0.421768707482993,0.305504019789734,0.0940012368583797,0.149659863945578,0.0222634508348794,0.124922696351268,0.264687693259122,0.19047619047619,1.16141001855288,0.277056277056277,0.701298701298701,0.399505256648114,0.278293135435993,0.711193568336425,0.733457019171305,1.04019789734075,0.420531849103278,4.47866419294991,0.608534322820037,0.105132962275819,0.458874458874459,0.0915275200989487,1.23067408781695,0.445269016697588,3.37909709338281,0.791589363017934,0.435374149659864,0.970933828076685,0.925170068027211,4.44403215831787,0.406926406926407,0.904143475572047,0.730983302411874,8.21397649969079,1.19356833642548,13.5225726654298
453611627,0.0196398668623762,3.18992784933121,0.356618635132621,0.82797543982965,0.856918401521573,0.892063426433193,0.0847615306692026,0.0485828285542991,0.852783692708441,16.7796820408923,0.571623493415476,0.233611047941949,0.0682226954166753,0.458952678257634,0.39486469165409,0.302867420561907,0.685327985776602,0.152984226085878,0.076492113042939,0.112670815157843,0.713237270265242,0.191230282607347,0.0733910814330901,1.45128279340927,0.389696305637675,0.621239999173058,0.324574641830849,1.73244299270224,0.0909635938889004,0.28632858530938,0.480659899526576,0.00620206321969775,0.0465154741477331,0.0351450249116206,2.01773790080834,0.712203593061959,3.23230861466581,0.0651216638068264,0.0423807653346013,0.0361787021149036,0.684294308573319,0.0919972710921833,0.0113704492361125,0.788695706104897,0.831076471439499,1.23834528953298,0.326641996237415,1.78102582125654,0.0113704492361125,0.247048851584627,0.0981993343118811,0.0279092844886399,0.108536106344711,0.943747286597341,0.112670815157843,0.414504558516467,0.813503958983689,0.676024890947055,0.442413843005106,0.302867420561907,0.244981497178061,0.328709350643981,0.167455706931839,0.684294308573319,0.532343759690724,0.407268818093486,2.11386988071365,0.443447520208389,0.270823427260135,0.56955613900891,1.24041264393955,1.0130036592173,2.85501643546753,5.87025283744392,1.22904219470344,0.162287320915425,0.906534907279155,0.274958136073267,1.04091294370594,0.605734841123814,0.169523061338405,2.70099853217837,0.584027619854872,1.928841661326,0.00206735440656592,1.29106282690042,0.808335572967274,0.075458435839656,2.16141903206467,3.03177523722892,2.12627400715305,2.83124185979202,2.571788881768,9.28862334870067
453611628,0.0248846492819742,2.10482658510032,0.493545544092488,1.12603038000933,1.8269480014516,1.27119083415418,0.195966613095547,0.101612317901395,0.342163927627145,4.12359375810047,0.0238477888952253,0.481103219451501,0.161750220332832,3.17797708538545,2.63880968427601,0.518430193374462,0.194929752708798,0.176266265747317,0.0197003473482296,0.0197003473482296,3.04629581626834,0.71335994608326,0.0591010420446887,1.74710975167194,0.430297060500804,0.432370781274301,0.512209031053969,1.11462491575509,0.0653222043651822,0.317279278345171,0.228109285084763,0.0352532531494634,0.0788013893929183,0.0580641816579398,2.07994193581834,1.31473897039764,3.18730882886619,0.00725802270724247,0.0145160454144849,0.0165897661879828,0.131681269117113,0.0850225517134118,0.013479185027736,1.09596142879361,0.541241121882938,1.24112188293846,2.2613925034994,2.01461973145316,0.00518430193374462,0.0736170874591736,0.161750220332832,0.054953600497693,0.107833480221888,0.694696459121779,0.118202084089377,0.3857120638706,1.03167608481518,0.428223339727306,0.360827414588626,0.222924983151019,0.195966613095547,0.435481362434548,0.214630100057027,0.807714241277412,0.353569391881383,1.23593758100472,0.554720306910675,0.402301830058583,0.271657421328218,0.834672611332884,1.29607548343616,0.726839131110996,1.56876976515112,0.793198195862927,0.505987868733475,0.171081963813572,1.58224895017886,0.234330447405257,1.4920420965317,0.572346933485406,0.142049872984603,1.87256985846856,2.08823681891233,1.21416351288299,0.0176266265747317,0.594121001607134,0.968427601223495,0.162787080719581,2.43040074653948,4.97796671678159,2.05816786769661,10.7885323241226,1.47026802840997,11.4531598320286
453611629,0.0184981553228442,3.83220117771589,0.516920673743924,1.31234135262622,2.05637826672285,2.91551481393939,0.113044282528492,0.166483397905598,1.68230445908311,6.60897982673395,0.0133597788442764,0.290832108686939,0.115099633119919,1.04000739926213,1.08111441109067,0.536446504362482,0.254863473336964,0.483007388985376,0.0113044282528492,0.00513837647856783,2.28349450707554,0.558027685572467,0.101739854275643,2.3708469072112,0.316523991079778,0.665933591622391,0.223005539169844,1.02048156864357,0.0575498165599597,0.209645760325568,0.315496315784065,0.0832416989527989,0.117154983711347,0.129487087259909,2.855909646788,1.84467715580585,1.68333213437882,0.0061660517742814,0.0143874541399899,0.00822140236570853,1.28151109375482,0.195258306185578,0.0524114400813919,1.4469668163647,0.427512923016844,1.60214578601745,0.871468650765104,2.17045022454705,NA,0.125376386077055,0.697791525789512,0.159289670835603,0.239448343901261,0.612494476245286,0.267195576885527,0.597079346809582,1.19621404421059,0.363797054682602,0.4696476101411,0.405931741806859,0.223005539169844,0.378184508822592,0.241503694492688,0.335022146402623,0.328856094628341,0.85297049544226,1.08419743697781,0.624826579793848,0.127431736668482,0.360714028795462,0.743009238800909,1.21060149835058,1.0985848911178,7.26155363951206,0.650518462186688,0.0966014777970752,1.25992991254483,0.243559045084115,0.976291530927888,0.324745393445487,0.196285981481291,2.55788381103107,3.54342441962038,0.54466790672819,0.00513837647856783,0.820084885979426,0.468619934845386,0.240476019196975,2.79424912904519,4.1435867923171,2.39551111430832,5.2719742670106,1.02767529571357,6.46716063592547
453611630,0.00530419561873442,1.55837267278417,0.384023762796372,1.08948178008805,1.59656288123906,1.53821672943298,0.232323768100568,0.00318251737124065,0.0222776215986846,1.50639155572057,0.0159125868562033,0.500716066408529,0.196255237893174,2.27231740306582,0.746830743117806,0.584522357184533,0.250358033204265,0.00742587386622819,0.00212167824749377,0.0063650347424813,2.24791810321965,0.837002068636291,0.0710762212910412,2.23412719461094,0.649233543733093,0.608921657030711,0.397814671405081,0.729857317137856,4.81833130005835,0.424335649498754,0.0350076910836472,0.0233384607224314,0.0625895083010661,0.0954755211372195,3.17933485386941,0.891104863947382,3.64822574656553,0.0286426563411659,0.0148517477324564,0.0159125868562033,0.0350076910836472,0.0498594388161035,0.0106083912374688,0.865644724977457,0.663024452341802,1.28679785710497,4.19986209091391,1.80766986686469,0.00212167824749377,0.0328860128361534,0.221715376863099,0.0190951042274439,0.106083912374688,2.36142788946056,0.118813981859651,0.441309075478704,0.576035644194558,1.95830902243675,0.27900068954543,0.265209780936721,0.236567124595555,0.359624462950194,0.0710762212910412,0.986580385084602,0.563305574709595,1.05235241075691,0.845488781626267,0.158065029438286,0.454039144963666,0.536784596615923,0.789264308067682,1.66233490691137,4.06195300482682,2.86638731236408,0.574974805070811,5.17901660213229,1.11812443642922,0.601495783164483,1.10327268869676,0.629077600381902,0.13260489046836,2.42083488039039,1.82252161459715,0.920808359412295,0.461465018829894,0.903834933432345,0.7489524213653,0.0063650347424813,0.989762902455843,2.6223943139023,1.66339574603511,2.28504747255079,1.61353630721901,10.7261443802047
453612159,0.110280602867296,5.55569170444798,1.32091655434383,2.26442837887514,0.872442102683495,0.693542458032104,0.615120695993138,0.183801004778826,0.350447249111628,3.81325817914471,0.732753339051587,0.759710819752481,0.294081607646122,0.517093493444431,0.298982967773557,1.46060531797574,1.11260874892783,0.347996569047911,0.289180247518686,0.230363925989462,0.521994853571866,0.541600294081608,0.225462565862027,0.955765224849896,1.67871584364661,1.43119715721113,0.948413184658743,5.16603357431687,0.428869011150594,0.794020340644529,0.124984683249602,0.0392108810194829,0.205857125352285,0.0514642813380713,2.49969366499204,1.11751010905526,2.96042151697096,0.00245068006371768,0.0637176816566597,0.0857738022301189,1.76939100600417,2.60997426785933,0.0245068006371768,2.48253890454601,0.588163215292244,0.669035657394927,0.419066290895724,2.27423109913001,0.0196054405097415,0.291630927582404,0.191153044969979,0.24261732630805,0.289180247518686,1.5659845607156,0.37005268962137,0.639627496630315,1.41159171670138,0.276926847200098,0.325940448474452,0.588163215292244,0.10537924273986,0.923906384021566,0.0882244822938365,0.230363925989462,1.32581791447127,0.727851978924151,1.73018012498468,0.367602009557652,0.323489768410734,0.223011885798309,0.0857738022301189,0.882244822938365,1.14691826981987,1.25474819262345,0.725401298860434,0.134787403504472,1.81350324715108,0.637176816566597,0.963117265041049,0.987624065678226,0.953314544786178,5.75909814973655,1.16162235020218,0.186251684842544,0.00735204019115305,0.316137728219581,0.517093493444431,0.0367602009557652,1.10280602867296,0.754809459625046,0.610219335865703,3.06825143977454,4.55091287832373,7.58240411714251
453612160,0.00419775629925805,0.715717449023497,0.461753192918385,1.44297872786995,1.44822592324403,0.927704142136028,0.0996967121073786,0.0262359768703628,0.0293842940948063,1.66441037265582,0.164761934745878,1.82182623387799,1.21944820493446,2.80829896420363,0.593982516345014,0.515274585733925,0.0975978339577496,0.0146921470474032,0.0587685881896127,0.240321548132523,2.52075265770446,3.91755606628257,0.536263367230215,3.19344310466056,0.192047350691056,0.302238453546579,0.37674862785841,1.04734019666488,0.152168665848104,0.694728667527207,0.0325326113192499,0.0682135398629433,0.854243406899012,0.126982128052556,3.4421601653916,0.670591568806473,2.45778631321559,0.0094449516733306,0.0136427079725887,0.0251865377955483,0.0272854159451773,0.0640157835636852,0.0272854159451773,1.64552046930915,1.22154708308409,0.854243406899012,0.624416249514634,1.05678514833821,0.00734607352370158,0.0535213928155401,0.969681705128609,0.0209887814962902,0.35366096821249,4.70673425054308,0.485890291639119,0.857391724123456,0.659047738983513,0.753497255716819,0.154267543997733,0.281249672050289,0.213036132187346,1.28241454942333,0.152168665848104,0.37674862785841,0.983324413101197,1.01060982904637,0.76294220739015,0.314831722444353,0.549906075202804,0.309584527070281,0.179454081793281,1.46291807029143,1.32963930778999,1.1061087848545,0.752447816642005,5.82543630429535,1.28766174479741,0.377798066933224,1.02110421979452,1.01585702442045,0.345265455613974,3.71396488576856,2.29617269569415,0.526818415556885,1.98973648584831,0.235074352758451,0.400885726579143,0.00524719537407256,0.609724102467231,0.807018648532359,0.250815938880668,2.18703103191344,5.22305827535182,11.281470054256
453612161,0.00203672209945314,2.40231371630498,0.176176461602697,0.618145157184028,1.51226615884396,2.15688870332088,0.0773954397792193,0.00712852734808599,0.0274957483426174,0.744421927350123,0.014257054696172,0.0957259386742976,0.073321995580313,1.81166430746357,0.826909172377975,0.272920761326721,0.129331853315274,0.0152754157458986,0.00407344419890628,0.00509180524863285,0.956241025693249,0.502051997515199,0.0936892165748444,2.37176288481318,0.284122732873713,0.319765369614143,0.087579050276485,0.328930619061682,0.0549914966852348,0.980681690886687,0.0193488599448048,0.0193488599448048,0.123221687016915,0.0183304988950783,1.35543855718606,0.910414778455554,3.70785258205444,0.00203672209945314,0.00611016629835942,0.0112019715469923,0.0101836104972657,0.0274957483426174,0.00203672209945314,0.541768078454535,0.24644337403383,1.8014806969663,4.13047241769097,0.756642259946842,0.00203672209945314,0.0885974113262116,0.102854466022384,0.0112019715469923,0.0376793588398831,1.39820972127458,0.0325875535912502,0.720999623206412,1.02243449392548,0.425674918785706,0.474556249172582,0.540749717404809,0.107946271271016,0.219965986740939,0.0529547745857816,0.38595883784637,0.346242756907034,0.74238520525067,0.952167581494343,0.322820452763323,0.119148242818009,0.425674918785706,1.60901045856798,3.38910557349002,6.49408841410634,0.765807509394381,0.506125441714105,0.0835056060775787,1.31368575414728,0.436876890332699,0.808578673482897,0.289214538122346,0.0519364135360551,1.68742425939693,0.989846940334226,0.248480096133283,NA,0.487794942819027,0.425674918785706,0.0193488599448048,2.18540281271322,1.12936240414677,6.60814485167571,8.66727089422284,0.657861238123364,21.970121286801
453612162,0.394274801322463,0.0554448939359714,0.152986836971477,0.235127420580323,0.0585251658213032,0.0164281167217693,0.0995954576257264,3.58748998911637,0.143746021315481,0.262849867548309,1.29679446372466,1.06372055773456,1.76396903299998,0.0431238063946444,0.285438528040742,0.492843501653079,0.209458488202559,7.29100355258024,0.0462040782799762,5.67694108466641,0.0256689323777645,0.788549602644927,1.65821303160359,0.0462040782799762,0.341910179271824,0.107809515986611,0.686900630428979,1.16228925806518,0.161200895332361,0.237180935170544,1.19617224880383,0.207404973612338,2.96835534016469,0.172495225578578,0.461014025504651,0.157093866151919,0.0595519231164137,2.37899665277122,2.163377620798,2.15619031973222,0.448692937963324,0.877877487319547,0.168388196398135,0.623241678132123,4.29184549356223,0.177629012054131,0.024642175082654,0.0616054377066349,0.962071585518615,1.24751011355936,1.98574860874387,0.4948970162433,1.26085795839579,1.59968786578229,0.732077951413845,0.170441710988357,0.00410702918044233,0.00410702918044233,0.374766412715362,0.289545557221184,1.42513912561349,1.69517629422757,0.694087931494753,10.3148037866809,1.39638992135039,0.762880670267162,0.0595519231164137,0.126291147298602,0.190976856890568,0.932295623960408,1.00724890650348,0.044150563689755,0.376819927305584,0.100622214920837,0.569850298786373,0.0872743700843994,0.0862476127892889,0.196110643366121,0.361418567878925,5.01981641579563,0.513378647555291,0.279277984270078,0.233073905990102,0.373739655420252,0.219726061153664,0.136558720249707,0.12423763270838,0.0544181366408608,0.208431730907448,1.26291147298602,0.143746021315481,1.57915271988007,12.2697496765715,1.04215865453724
453612163,0.00102766473465697,0.212726600073992,0.0688535372220167,0.458338471657007,0.0791301845685864,0.030829942039709,0.129485756566778,0.0102766473465697,0.0133596415505406,0.681341719077568,3.74481029308998,2.4191227853825,0.834463764541456,0.0226086241624532,0.18292432276894,0.354544333456653,0.234307559501788,0.0380235951823077,0.0205532946931393,0.275414148888067,0.0215809594277963,0.178813663830312,1.91248407119661,0.0123319768158836,0.453200147983722,0.218892588481934,0.486085419492745,0.0493279072635344,0.028774612570395,0.186007316972911,0.404899905454844,0.122292103424179,0.86015538290788,0.0267192831010811,0.305216426193119,1.00916676943314,0.059604554610104,8.35491429276113,0.61968183499815,1.02972006412628,0.0626875488140749,0.603239199243639,0.166481687014428,2.01011222098902,1.75730669626341,2.80449706087886,0.0832408435072142,0.0667982077527028,2.33690960660994,0.6638714185884,0.531302667817651,0.392567928638961,0.164426357545114,0.207588276400707,0.207588276400707,0.208615941135364,0.00102766473465697,0.0534385662021622,0.397706252312246,0.160315698606487,0.127430427097464,0.339129362436799,1.47469889423275,1.87034981707568,0.754305915238213,0.584741234019813,0.204505282196736,0.448061824310437,0.121264438689522,1.20236773954865,9.98992888560036,0.438812841698524,0.637152135487319,2.1673449253915398,0.233279894767131,0.52821967361368,0.54877296830682,0.370986969211165,0.339129362436799,0.908455625436757,0.113043120812266,0.346323015579397,0.112015456077609,0.0657705430180458,0.0493279072635344,0.289801455173264,0.486085419492745,0.00205532946931393,3.06038557980844,1.11090557816418,1.15715049122374,2.75311382414601,11.4368808319974,16.6964689439717
453612164,0.0446387809554728,0.22522294027534,0.131887307368442,0.413923241587112,0.0294210147206525,0.0172468017327963,0.135945378364394,0.184642230315819,0.0933356329068977,0.0781178666720774,3.52544917773336,3.69893171281032,3.1754405543325,0.0730452779271373,0.183627712566831,0.424068419076992,0.22522294027534,0.191743854558735,0.405807099595207,2.54948310320689,0.00507258874494009,1.54206697846179,3.24341324351469,0.0253629437247005,0.275948827724741,0.0831904554170175,0.268847203481825,0.13290182511743,0.648276841603344,0.637117146364476,0.214063245036472,2.00874514299628,4.67083971634084,0.116669541133622,0.301311771449441,0.140003449360347,0.0202903549797604,1.43452809706906,1.82816098367641,4.51866205399263,0.300297253700454,4.76924793799268,0.761902829490002,0.723351155028457,3.58834927817062,0.226237458024328,0.0213048727287484,0.00507258874494009,1.25597297324717,1.25394393774919,2.67223975083444,3.14399050411387,1.70641885379785,1.26611815073705,0.808570645943451,0.0740597956761253,0.00101451774898802,0.00913065974089217,0.103480810396778,0.467692682283477,1.32597469792734,1.5664154044375,0.800454503951547,8.78978177723219,0.491026590510201,0.814657752437379,0.00608710649392811,0.0618855826882691,0.205947103044568,0.580304152421147,1.27119073948199,0.0436242632064848,0.403778064097231,0.0659436536842212,0.321602126429202,0.0456532987044608,0.0304355324696406,0.0689872069311853,0.0314500502186286,4.70330428430845,0.168409946332011,0.222179387028376,0.0578275116923171,0.0426097454574968,0.234353600016232,0.0385516744615447,0.0253629437247005,0.00811614199190415,0.141017967109335,0.765960900485954,0.0892775619109456,0.477837859773357,14.2560034087796,0.76291734723899
453612165,0.0305598565724065,0.0641756988020536,0.0682503463450412,0.257721457093961,0.0356531660011409,0.0112052807432157,0.0631570369163067,0.0590823893733192,0.506274957216201,0.135482030804335,0.765015076195909,2.92763425963654,2.26041072447233,0.0162985901719501,0.117146116860892,0.390147502241056,0.204751039035123,0.0926982316029663,0.0275038709151658,4.96597669301605,0.00814929508597506,0.462472496129085,1.70320267296879,0.0122239426289626,0.276057371037405,0.159929916062261,0.230217586178796,0.197620405834895,0.152799282862032,0.152799282862032,0.31374786081004,1.13886398826501,2.37551951756173,0.351438350582675,0.286243989894874,0.154836606633526,0.0101866188574688,0.930038301686904,3.31065112867737,2.28383994784451,0.518498899845163,3.26888599136175,0.694727406079374,0.731399233966262,3.57142857142857,0.248553500122239,0.0254665471436721,0.0397278135441284,0.889291826257029,1.00949392877516,12.9665471436721,4.37311547551137,0.855675984027382,1.16840518295167,0.596935865047673,0.0621383750305599,0.00101866188574688,0.00407464754298753,0.166041887376742,0.262814766522696,1.67366147828213,0.92494499225817,1.307961861299,9.47253687556026,0.75482845733844,0.731399233966262,0.0162985901719501,0.113071469317904,0.18947111074892,0.77112704751039,2.84715997066254,0.0570450656018254,0.498125662130226,0.373848912069106,0.403390106755766,0.213918996006845,0.0814929508597506,0.355512998125662,0.25160948577948,4.0369570532149,0.26790807595143,0.337177084182218,0.550077418303317,0.352457012468421,0.152799282862032,0.576562627332736,0.0947355553744601,0.0458397848586097,0.305598565724065,1.1928530682096,0.153817944747779,0.690652758536387,10.7265096569147,0.514424252302176
453612166,0.151543077143618,2.81481026397166,0.267248264422191,0.284655239499498,0.785361757899695,1.32702586471709,0.0276463721816059,1.11711822407897,0.370666175175606,0.734164772378202,0.0993221519116954,0.125944584382872,0.0501730458110626,1.09971124900166,1.00038909708996,0.219123098031988,0.115705187278573,0.696279003092298,0.00921545739386865,0.00921545739386865,1.0669451782679,0.258032807028322,0.132088222645451,1.70076385902398,0.174069750773074,0.34199586328357,0.349163441256579,0.20683582150683,0.102393971042985,0.266224324711761,0.0245745530503164,0.0122872765251582,0.169973991931355,0.0563166840736418,2.96635334111527,1.46218590649383,1.37719891052815,0.00102393971042985,0.00102393971042985,0.0020478794208597,0.182261268456513,0.0511969855214925,0.0215027339190268,0.61129200712662,0.354283139808728,2.19020704060945,2.05607093854314,0.365546476623456,NA,0.0778194179926686,0.193524605271242,0.0266224324711761,0.0573406237840716,2.14515369335054,0.0225266736294567,0.507874096373205,1.53898138477606,0.461796809403862,0.288750998341218,0.33892404415228,0.343019802994,0.359402838360877,0.0378857692859044,0.356331019229588,1.14783641539186,0.950216051278901,0.776146300505826,0.361450717781737,0.121848825541152,0.276463721816059,0.920521799676435,2.62538141754214,5.5364420142942,1.19800946120292,1.2143924965698,0.105465790174275,0.744404169482501,0.193524605271242,0.75054780774508,0.197620364112961,0.524257131740083,2.54449018041818,1.46730560504597,0.00921545739386865,0.0122872765251582,1.21029673772808,0.47408408592902,0.0808912371239581,1.54000532448649,1.83592390080072,2.88443816428089,11.3401322930106,2.77692449468575,21.6143433474637
453612167,0.00102633577601248,5.83266621507893,0.224767534946733,0.943202578155469,0.85596403719440906,0.870332738058583,0.0800541905289735,0.0051316788800624,0.0164213724161997,1.32705215838414,0.12418662889751,0.162161052609972,0.0667118254408112,1.49126588254613,0.652749553543937,0.293532031939569,0.424903011269167,0.0112896935361373,0.0102633577601248,0.0225793870722746,0.82927930701808406,0.716382371656711,0.0451587741445491,1.25726132561529,0.417718660837079,0.491614836709978,0.275057987971345,0.412586981957017,0.170371738818072,0.489562165157953,0.0287374017283494,0.0143687008641747,0.0780015189769485,0.0472114456965741,0.93499189194737,1.08381057946918,2.26512305765954,NA,0.0112896935361373,0.00307900732803744,0.0164213724161997,0.0523431245766365,0.0051316788800624,1.58568877393928,0.382823244452655,2.36673029948478,2.62947225814397,1.10125828766139,0.0051316788800624,0.0738961758728986,0.0687644969928362,0.0307900732803744,0.146766015969785,1.47587084590595,0.102633577601248,0.79438389063366,1.00580906049223,0.568590019910914,0.182687768130222,0.261715622883182,0.192951125890346,0.62914383069565,0.347927828068231,0.319190426339881,0.381796908676643,1.52821397048258,1.17002278465423,0.916517847979145,0.14881868752181,0.371533550916518,2.30617648870004,4.76732967957797,2.4180470882854,1.42455405710532,0.518299566886303,0.182687768130222,1.90898454338321,0.243241578914958,1.24083995319909,0.466982778085679,0.0708171685448611,2.93326764784367,1.60108381057947,0.00718435043208736,0.0051316788800624,1.25520865406326,0.378717901348605,0.0102633577601248,5.11217850031816,1.13410103249379,3.78410000615801,5.15323193135866,0.90214914711497,20.3245273723751
453612168,0.00102136699758957,0.354414348163582,0.106222167749316,0.451444212934592,0.123585406708338,0.0541324508722474,0.0980512317685991,0.00102136699758957,0.0306410099276872,0.941700371777587,6.37843689994689,1.94366139641296,1.52081545941088,0.14299137966254,0.516811700780324,0.252277648404625,0.256363116394983,0.0204273399517915,0.0245128079421498,0.234914409445602,0.0714956898312702,0.625076602524819,3.18768639947706,0.055153817869837,0.321730604240716,0.165461453609511,0.440209175961106,0.0806879928095763,0.0367692119132247,0.21448706949381,0.377905789108142,0.208358867508273,2.02230665522736,0.0469828818891204,0.448380111941823,0.611798831556155,0.040854679903583,8.13927360379131,1.48506761449524,0.811986763083711,0.0561751848674266,0.499448461821302,0.135841810679413,1.14699513829309,2.56158842995465,2.66270376271602,0.0674102218409119,0.108264901744495,2.15610573191159,0.660824447440454,0.392204927074396,0.364628018139478,0.153205049638436,0.265555419373289,0.160354618621563,0.297217796298566,0.00204273399517915,0.04800424888671,0.320709237243126,0.371777587122605,0.321730604240716,0.374841688115374,1.13065326633166,1.97328103934306,0.489234791845406,0.561751848674266,0.314581035257589,0.372798954120194,0.172611022592638,0.938636270784818,9.08710217755444,0.676144952404298,0.670016750418761,1.47996077950729,0.365649385137067,0.118478571720391,0.482085222862279,0.289046860317849,0.292110961310618,0.778281652163255,0.0510683498794787,0.258405850390162,0.0796666258119868,0.0500469828818891,0.0745597908240389,0.513747599787556,0.366670752134657,0.0265555419373289,1.48200351350247,0.940679004779998,0.751726110225926,2.93438738407485,6.53470605057809,19.7706009723414
453612169,0.00614395281444238,7.22016854910554,0.192510521519195,0.739322322004567,0.451580531861515,0.693242675896249,0.0604155360086835,0.0174078663075868,0.369661161002284,2.55588437080803,0.269309931699725,0.0727034416375682,0.015359882036106,0.425980728468005,0.295933727228975,0.150526843953838,0.381949066631168,0.0276477876649907,0.0276477876649907,0.0368637168866543,0.290813766550273,0.074751425909049,0.0317437562079523,0.826361653542501,0.423932744196525,0.445436579047073,0.207870403555301,1.49502851818098,0.135166961917732,0.41164483856764,0.0839673551307126,0.00819193708592318,0.00307197640722119,0.0245758112577695,1.10283953019241,1.63121947223445,4.67862006819788,0.010239921357404,0.0215038348505483,0.0143358899003656,0.158718781039762,0.0604155360086835,0.0112639134931444,1.53906018001782,0.137214946189213,2.03467237371617,2.56100433148673,2.66852350573948,0.0194558505790676,0.113663127067184,0.0215038348505483,0.0337917404794331,0.0716794495018278,0.777210031026962,0.0532475910585007,0.491516225155391,2.50058879547805,0.59186745445795,0.237566175491772,0.304125664314898,0.0665594888231258,0.31026961712934,0.126975024831809,0.23244621481307,0.446460571182813,1.3281178000553,1.2318625392957,0.964600591867455,0.216062340641224,0.521211997091862,1.10488751446389,2.44938918869103,4.01916913278106,0.984056442446522,0.252926057527878,0.115711111338665,2.00190462537248,0.36146922391636,1.43666096644378,0.356349263237658,0.117759095610146,4.55062105123033,0.705530581525134,0.00921592922166358,0.0010239921357404,0.955384662645791,0.664570896095518,0.0706554573660874,5.84392311867045,1.14175123135054,5.77736362984732,4.35606254543965,0.813049755777876,16.1473319884903
453612170,0.00507820434694292,0.0132033313020516,0.0355474304286004,0.0721105017265895,0.012187690432663,0.00406256347755434,0.0375787121673776,0.00914076782449726,0.0964858825919155,0.0700792199878123,0.0741417834653667,1.0054844606947,1.5833841153768,0.0599228112939265,0.113751777371521,0.22953483648182,0.053828966077595,0.0497664026000406,0.0172658947796059,2.92098314036157,0.0142189721714402,0.797278082470039,0.399146861669714,0.0162502539102173,0.198049969530774,0.134064594759293,0.188909201706277,0.0639853747714808,0.163518179971562,0.133048953889905,0.0832825512898639,0.841966280723136,1.99065610400163,7.50660166565103,0.274223034734918,0.0954702417225269,0.00812512695510867,1.46049157018078,2.1084704448507,2.26183221612838,0.359536867763559,2.31058297785903,2.72090188909202,0.375787121673776,2.62035344302255,0.13609587649807,0.0162502539102173,0.0345317895592119,1.71135486491976,0.326020719073736,8.30489538899045,4.43327239488117,1.06540727198862,2.86309161080642,0.332114564290067,0.0385943530367662,0.00101564086938858,0.00203128173877717,0.0690635791184237,0.104611009547024,2.13792403006297,0.968921389396709,0.0690635791184237,4.24436319317489,0.465163518179972,0.317895592118627,0.00406256347755434,0.012187690432663,1.08165752589884,0.687588868576071,0.112736136502133,0.00914076782449726,0.24375380865326,0.0335161486898233,0.234613040828763,2.76559008734511,0.0142189721714402,0.166565102579728,0.0944546008531383,2.53402396912452,0.137111517367459,0.0893763965061954,0.304692260816575,0.0325005078204347,27.5126955108674,0.123908186065407,0.0741417834653667,0.00914076782449726,0.0142189721714402,0.33008328255129,0.0213284582571603,0.119845622587853,1.96018687791997,0.0446881982530977
453612171,0.00819672131147541,1.57581967213115,0.412909836065574,1.66905737704918,1.45491803278689,0.860655737704918,0.139344262295082,0.00922131147540984,0.244877049180328,1.59631147540984,0.120901639344262,0.957991803278689,0.338114754098361,1.90881147540984,1.00819672131148,0.492827868852459,0.212090163934426,0.021516393442623,0.0245901639344262,0.0317622950819672,1.72438524590164,1.92008196721311,0.184426229508197,2.73565573770492,0.300204918032787,0.352459016393443,0.549180327868852,2.60040983606557,0.119877049180328,0.188524590163934,0.0399590163934426,0.0286885245901639,0.344262295081967,0.0235655737704918,3.8780737704918,1.21311475409836,2.66393442622951,0.00307377049180328,0.0317622950819672,0.0174180327868852,0.162909836065574,0.0952868852459016,0.0174180327868852,1.43032786885246,1.30430327868852,1.83299180327869,0.316598360655738,2.1905737704918,0.00307377049180328,0.595286885245902,0.296106557377049,0.0317622950819672,0.269467213114754,3.69262295081967,0.400614754098361,0.871926229508197,0.834016393442623,0.135245901639344,0.286885245901639,0.234631147540984,0.341188524590164,1.20696721311475,0.344262295081967,0.682377049180328,1.24282786885246,1.55327868852459,1.63627049180328,0.451844262295082,0.191598360655738,0.542008196721311,0.645491803278689,3.4108606557377,2.22233606557377,0.595286885245902,0.564549180327869,0.10655737704918,1.60655737704918,0.407786885245902,1.01024590163934,0.796106557377049,0.324795081967213,3.74897540983607,1.79303278688525,0.45594262295082,0.0133196721311475,0.625,0.336065573770492,0.0317622950819672,1.59016393442623,1.42418032786885,0.758196721311475,4.17725409836066,5.75409836065574,12.3995901639344
453612172,0.0125247886441916,0.0166997181922555,0.073061267091117807,0.13986013986014,0.036530633545558903,0.0229621125143513,0.0574052812858783,0.0250495772883833,0.0281807744494312,0.033399436384511,0.142991337021188,3.29506314580941,3.03830497860349,0.0260933096753992,0.066798872769022,0.628326896983613,0.0741049994781338,0.0699300699300699,0.033399436384511,1.86201857843649,0.0104373238701597,0.375743659325749,2.26072435027659,0.00417492954806388,0.25362697004488,0.379918588873813,0.125247886441916,0.0187871829662874,0.144035069408204,0.196221688759002,0.109591900636677,1.01033295063146,1.02494520404968,0.0991545767665171,0.298507462686567,0.227533660369481,0.00208746477403194,0.880910134641478,2.23254357582716,1.36833315937794,0.197265421146018,1.90689907107818,1.69084646696587,0.89343492328567,4.967122429809,0.723306544202067,0.0114810562571757,0.0104373238701597,0.465504644609122,0.073061267091117807,4.47761194029851,4.07160004174929,1.82861914205198,1.90898653585221,0.626239432209581,0.0208746477403194,NA,0.0114810562571757,0.181609435340779,0.159691055213443,1.1178373864941,0.766099572069721,2.56340674251122,11.0364262603069,0.800542740841248,0.973802317085899,0.00313119716104791,0.0229621125143513,0.140903872247156,3.51424694708277,4.60494729151446,0.472810771318234,0.388268447969941,0.445673729255819,0.663813798142156,6.18411439306962,0.0949796472184532,0.175347041018683,0.155516125665379,5.26876108965661,0.343387955328254,0.152384928504331,0.341300490554222,0.511428869637825,3.68437532616637,0.773405698778833,0.217096336499322,0.00834985909612775,0.434192672998643,1.28483456841666,0.223358730821417,0.427930278676547,6.77591065650767,0.496816616219601
453612173,1.23318385650224,1.52568283734203,0.530982470444354,0.856094578067672,1.5552384834896,1.20974317162658,0.134529147982063,6.24133713819812,0.0540154912352222,1.15776600081533,0.0672645739910314,0.386261720342438,0.256828373420302,1.60211985324093,0.717488789237668,0.457602935181411,0.144720750101916,8.86261720342438,0.0142682429677945,0.0142682429677945,2.17488789237668,1.14044027721158,0.195678760701182,2.13717896453322,0.308805544231553,0.337342030167142,0.48817774154097,0.917244190786792,0.0336322869955157,0.433143090093763,0.0264981655116184,0.0428047289033836,0.276192417448023,0.0254790052996331,2.52344068487566,0.475947818997146,2.06685690990624,0.00203832042397065,0.00305748063595597,0.0244598450876478,0.42498980839788,0.213004484304933,0.0193640440277212,0.735833673053404,1.2219730941704,1.27395026498166,1.19547492865879,0.743986954749287,0.00101916021198532,0.17427639624949,0.263962494904199,0.0417855686913983,0.406644924582144,5.61353444761516,0.186506318793314,0.341418671015084,1.12209539339584,0.569710558499796,0.324092947411333,0.211985324092947,0.318997146351406,0.608438646555238,0.371993477374643,0.662454137790461,1.20770485120261,0.792906644924582,1.43395841826335,0.497350183448838,0.139624949041989,0.142682429677945,0.739910313901345,2.98206278026906,1.62046473705667,4.2916836526702,0.498369343660823,0.662454137790461,0.807174887892377,0.131471667346107,0.66958825927435806,0.619649408887077,0.5972278842234,3.09213208316347,0.575825519771708,0.664492458214431,0.0163065633917652,0.700163065633918,0.15695067264574,0.140644109253975,1.12922951487974,1.48695474928659,0.397472482674276,3.24398695474929,3.53648593558907,9.32225845902976
453612174,0.00731452455590387,0.248693834900731,0.243469174503657,0.672936259143156,0.205851619644723,0.0564263322884013,0.243469174503657,0.0282131661442006,0.0250783699059561,0.474399164054336,4.08672936259143,4.64890282131661,1.97701149425287,0.0585161964472309,0.168234064785789,0.87251828631139,0.41692789968652,0.0585161964472309,0.0867293625914316,1.14629049111808,0.0438871473354232,0.31974921630094,2.25705329153605,0.00940438871473354,0.816091954022988,0.810867293625914,0.610240334378265,0.198537095088819,0.0950888192267503,0.218390804597701,0.294670846394984,0.171368861024033,0.620689655172414,0.307210031347962,0.530825496342738,1.37826541274817,0.0668756530825496,5.52873563218391,1.94252873563218,1.10031347962382,0.0961337513061651,0.725182863113898,0.282131661442006,1.86311389759666,3.26645768025078,5.07836990595611,0.142110762800418,0.213166144200627,2.20167189132706,0.111807732497388,4.45454545454546,0.520376175548589,0.217345872518286,0.262277951933124,0.278996865203762,0.0532915360501567,0.00522466039707419,0.0689655172413793,0.174503657262278,0.190177638453501,0.941483803552769,0.355276907001045,1.66248693834901,2.40438871473354,0.801462904911181,1.02716823406479,0.0491118077324974,0.301985370950888,0.25914315569488,1.31765935214211,7.27899686520376,0.555903866248694,0.555903866248694,0.890282131661442,0.867293625914316,3.08672936259143,0.621734587251829,0.478578892371996,0.353187042842215,1.38140020898642,0.242424242424242,0.28735632183908,3.29885057471264,2.00522466039707,0.460815047021944,1.08150470219436,0.475444096133751,0.00417972831765935,1.36886102403344,0.90491118077325,0.757575757575758,1.45559038662487,4.77429467084639,4.43991640543365
453612175,0.0301922936773173,0.0301922936773173,0.0760012909808331,0.284224005996814,0.0208222715015981,0.00416445430031962,0.265483961645376,0.0614257009297144,0.0853713131565522,0.0874535403067121,0.164495944862625,5.18058114959761,1.42424337070931,0.0124933629009589,0.0281100665271574,0.678806050952098,0.144714786936107,0.141591446210867,0.0614257009297144,2.02808924425566,0.00728779502555934,0.124933629009589,0.670477142351459,0.00312334072523972,0.77250627270929,0.22071607791694,0.597599192095866,0.11244026610863,1.33887205755276,0.146797014086267,0.127015856159748,0.746478433332292,0.427897679357841,0.0645490416549541,0.736067297581493,0.357101956252408,0.033315634402557,4.98172845675735,3.85628468209597,5.33258373155928,0.426856565782761,5.3055147786072,1.07130586875722,2.14261173751445,4.41744489906404,0.524721241840272,0.0937002217571915,0.0478912244536757,2.97029702970297,0.233209440817899,3.66055532998095,3.13479297456559,1.51377913816618,0.712121685354655,1.06818252803198,0.0197811579265182,NA,0.0499734516038355,0.161372604137385,0.187400443514383,0.864124267316322,0.944290012597474,0.626750372198103,9.30859647478944,0.758971796233251,0.624668145047943,0.00624668145047943,0.293594028172533,0.22071607791694,1.71783739888184,3.22953430989787,0.0395623158530364,1.03486689362943,0.264442848070296,0.406034294281163,0.259237280194896,0.0947413353322714,0.483076698837076,0.157208149837066,4.24670227275093,0.295676255322693,0.980728987725271,0.199893806415342,0.192606011389783,0.274853983821095,0.380006454904166,0.147838127661347,0.00832890860063924,0.350855274801928,1.57208149837066,0.22592164579234,0.484117812412156,9.89474341755942,0.201976033565502
453612176,0.0511210854028853,0.0746367846882125,0.0899731103090781,0.157452943040887,0.027605386117558,0.0132914822047502,0.0817937366446164,0.181991064034272,0.097130062265482,0.322062838038177,2.47221569008353,1.2279284713773,0.713650352224278,0.0204484341611541,0.183013485742329,0.274009017759465,0.267874487511119,0.150295991084483,0.0541883505270584,4.98839551361355,0.0102242170805771,0.134959665463617,1.36800024538121,0.0286278078256158,0.336376741950985,0.139049352295848,0.451910394961506,0.772950811291625,0.241291523101618,0.121668183258867,0.814870101321991,0.0756592063962702,1.22281636283702,0.304681669001196,0.654349893156931,0.284233234840042,0.0265829644095003,2.4221170263887,4.76755242467308,3.56211723087305,0.142116617420021,0.915067428711646,0.16052020816506,0.995838743648205,5.705113130962,0.488717576451583,0.0194260124530964,0.0920179537251935,1.45183882544194,0.851677282812069,5.91982168965411,0.532681709898065,0.506098745488564,0.838385800607318,0.598116699213758,0.196304967947079,0.00204484341611541,0.00511210854028853,0.363982128068543,0.333309476826812,0.804645884241414,1.23406300162565,0.918134693835819,8.80918543662519,0.884394777469915,0.749435112006298,0.0265829644095003,0.20959645015183,0.243336366517734,1.12057419203125,2.17775823816291,0.0807713149365587,0.680932857566432,0.133937243755559,0.551085300643103,0.380340875397466,0.195282546239022,0.193237702822906,0.581757951884834,7.12525688345415,0.149273569376425,0.766816281043279,0.259695113846657,0.792376823744722,0.144161460836136,0.386475405645813,0.208574028443772,0.0112466387886348,0.504053902072449,1.19009886817917,0.192215281114849,1.15226926498103,16.7799850726431,1.05513920271555
453612177,5.9537210756723,0.160100062539087,0.0925578486554096,0.0838023764853033,0.0112570356472795,0.00875547217010632,0.0687929956222639,11.9287054409006,0.360225140712946,0.381488430268918,2.61413383364603,0.376485303314572,0.439024390243902,0.0175109443402126,0.175109443402126,0.228893058161351,0.256410256410256,4.56285178236398,0.0725453408380238,15.3621013133208,0.0075046904315197,0.210131332082552,0.378986866791745,0.0175109443402126,0.401500938086304,0.130081300813008,0.692933083176986,0.181363352095059,0.25891181988743,0.171357098186366,0.849280800500313,0.295184490306442,0.950594121325829,0.161350844277674,0.108818011257036,0.0875547217010632,0.0437773608505316,4.78799249530957,1.7285803627267,1.65853658536585,1.78236397748593,4.58786741713571,0.880550343964978,0.430268918073796,0.968105065666041,0.0900562851782364,0.0725453408380238,0.0637898686679174,2.48280175109443,1.07567229518449,1.38961851156973,1.48092557848655,0.444027517198249,0.604127579737336,0.273921200750469,0.0312695434646654,0.00250156347717323,0.0112570356472795,0.220137585991245,0.181363352095059,0.555347091932458,0.51031894934334,0.490306441525954,2.64665415884928,0.396497811131958,0.24390243902439,0.0200125078173859,0.058786741713571,0.16635397123202,0.92057535959975,0.559099437148218,0.0300187617260788,0.133833646028768,0.0525328330206379,0.460287679799875,2.81550969355847,0.0700437773608505,0.0637898686679174,0.133833646028768,2.05878674171357,0.715447154471545,0.187617260787992,0.786741713570982,0.091307066916823,3.36710444027517,0.223889931207004,0.16260162601626,0.550343964978111,0.146341463414634,0.357723577235772,0.0562851782363977,0.602876797998749,6.25515947467167,0.760475297060663
453612178,0.00717543949566911,0.0615037671057352,0.0727794577417867,0.356721849213264,0.0246015068422941,0.00922556506586028,0.0963559017989852,0.0440776997591102,0.0686792066014043,0.162984982830198,0.980985085336477,2.29614063861412,1.52734354979242,0.0492030136845882,0.220388498795551,0.364922351494029,0.189636615242684,0.106606529649941,0.029726820767772,5.20834401107068,0.0082005022807647,0.516631643688176,1.951719542822,0.0379273230485367,0.44590231151658,0.166060171185485,0.405924862897853,0.149659166623956,0.302393521603198,0.233714315001794,0.22756393829122,1.0219875967403,2.42017323561068,0.71549382399672,0.467428630003588,0.159909794474912,0.0287017579826764,3.98031879452616,2.88760186561427,2.7645943314028,0.391573983906514,4.31243913689713,1.01788734559992,0.676541438163088,3.96494285274973,0.339295781866639,0.0420275741889191,0.0604787043206396,2.41197273332992,0.580185536364102,5.91461227000154,3.43191020450003,0.784173030598124,1.42176208292758,0.470503818358875,0.0830300855927426,NA,0.00410025114038235,0.159909794474912,0.153759417764338,3.16334375480498,1.4402132130593,0.659115370816462,7.81712879913895,0.638614115114551,0.740095330839014,0.0143508789913382,0.136333350417713,0.277792014760904,0.734970016913536,1.7190302906053,0.0625288298908308,0.719594075137102,0.145558915483573,0.326995028445492,1.17574701450464,0.16503510840039,0.36697247706422,0.268566449695044,3.3919327558813,0.169135359540772,0.419250679104095,0.277792014760904,0.170160422325867,1.47301522218236,1.36128337860694,0.125057659781662,0.00205012557019117,0.153759417764338,0.93383219722208,0.107631592435037,0.623238173338117,12.6902772794834,0.539183024960279
453612179,0.00306422618074849,4.54629024350384,0.319700931524759,1.31863866644877,1.21649779375715,2.16538650106226,0.0663915672495506,0.0142997221768263,0.317658114070927,0.408563490766465,0.00408563490766465,0.142997221768263,0.0142997221768263,0.592417061611374,0.268630495178951,0.194067658114071,0.161382578852754,0.0234924007190717,0.00204281745383233,0.00204281745383233,0.346257558424579,0.132783134499101,0.0337064879882334,0.796698806994607,0.309486844255597,0.373835594051316,0.446355613662363,1.02549436182383,0.136868769406766,0.147082856675927,0.0132783134499101,0.00612845236149698,0.0102140872691616,0.0173639483575748,1.63936100670044,2.07141689818598,2.85075175682301,0.0102140872691616,0.0275780356267364,0.0163425396306586,0.216538650106226,0.1011194639647,0.00714986108841314,1.26450400392221,0.280887399901945,2.0857166203628,3.49934629841477,3.03664814512175,0.00306422618074849,0.0081712698153293,0.0204281745383233,0.0234924007190717,0.043920575257395,0.759928092825625,0.0490276188919758,0.380985455139729,1.80176499428011,1.46674293185161,0.400392220951136,0.284973034809609,0.0337064879882334,0.182832162117993,0.0623059323418859,0.225731328648472,0.388135316228142,0.833469521163589,0.486190554012093,0.606716783788201,0.12767609086452,0.37281418532439897,0.924374897859127,1.53619872528191,3.67196437326361,2.192964536689,0.736435692106553,0.0888625592417062,1.40341559078281,0.521939859454159,0.754821049191044,0.243095277006047,0.0684343847033829,2.89875796698807,1.17053440104592,0.330936427520837,0.00306422618074849,0.480062101650596,0.534196764177153,0.031663670534401,3.3430707631966,1.55866971727406,4.90991175028599,6.16215884948521,4.54118319986926,20.6457345971564
453612180,NA,0.202314908479124,0.184213048246782,0.629305846900855,0.1969908319402,0.0489815041581038,0.0990278236239924,0.00425926123113946,0.00425926123113946,0.524953946737938,4.9460671046607,1.89111198662592,1.20111166718133,0.105416715470702,0.161851926783299,0.428055753729516,0.338611267875587,0.0149074143089881,0.0713426256215859,0.789028143068585,0.055370396004813,0.293889024948623,2.20949176365359,0.0276851980024065,0.360972389339069,0.502592825274456,0.331157560721093,0.015972229616773,0.0308796439257611,0.153333404321021,0.292824209640838,0.133101913473108,0.834815201303334,0.460000212963062,0.211898246249188,0.467453920117556,0.0117129683856335,3.55222386677031,0.468518735425341,0.35458349749236,0.0638889184670919,0.383333510802551,0.490879856888823,0.66976882859668,1.20856537433582,1.74736192007496,0.101157454239562,0.062824103159307,2.67268642254001,0.332222376028878,2.41180667213272,0.304537178026471,0.094768562392853,0.158657480859945,0.0649537337748767,0.046851873542534,0.00106481530778486,0.205509354402479,0.101157454239562,0.203379723786909,0.353518682184575,0.299213101487547,0.813518895147637,1.12976904155974,0.342870529106726,0.481296519118759,0.300277916795332,0.183148232938997,1.61000074537072,1.21495426618253,3.55541831269366,0.231064921789316,0.232129737097101,0.571805820280472,0.66976882859668,14.7008401392778,0.495139118119962,0.19486120132463,0.177824156400072,0.599491018282879,0.163981557398869,0.103287084855132,2.054028728717,1.14893571709987,11.7470424754826,0.278981610639635,0.627176216285285,0.00212963061556973,0.685741058213453,0.495139118119962,0.239583444251595,2.08490837264277,6.39634555386368,11.8801443889557
453612181,0.218215346788239,0.0686405081446573,0.0911791824608134,0.24587644708534,0.0338080114742342,0.00614691117713349,0.0563466857903903,1.88812621657617,0.101424034422703,0.195676672472083,0.846224772052044,2.45261755967626,2.29074889867841,0.0665915377522795,0.203872554041594,0.309394529249052,0.224362257965372,3.18717344534371,0.0379059522589899,7.13144145067104,0.0225386743161561,1.1556193013011,1.08083188197931,0.0276611002971007,0.283782399344329,0.0829833008913021,0.410818563671755,0.461018338285012,0.215141891199672,0.274562032578629,0.517365024075402,1.26011679131237,2.98330089130212,0.123962708738859,0.342178055527098,0.128060649523614,0.012293822354267,1.26933715807807,4.0108595430796,2.86958303452515,0.852371683229177,4.14609158897654,0.686405081446573,0.722262063313185,3.54164532322508,0.11371785677697,0.012293822354267,0.0501997746132568,1.63917631390226,1.20377010552198,2.5048663046819,3.26503432025407,1.48140559368917,2.22927978690708,0.796024997438787,0.0819588156951132,0.00204897039237783,0.00614691117713349,0.242802991496773,0.687429566642762,1.12078680463067,1.71293924802787,0.57576068025817,11.0326810777584,0.847249257248233,0.697674418604651,0.0307345558856675,0.0768363897141686,0.181333879725438,0.671037803503739,1.22323532424956,0.023563159512345,0.410818563671755,0.0686405081446573,0.4528224567155,0.060444626575146,0.0461018338285012,0.455895912304067,0.165966601782604,3.84181948570843,0.35856981866612,0.33090871836902,0.172113512959738,0.0778608749103575,0.11371785677697,0.102448519618892,0.060444626575146,0.0409794078475566,0.150599323839771,1.24270054297715,0.0696649933408462,0.890277635488167,10.3821329781785,0.858518594406311
453612182,0.010135819987837,0.157105209811474,0.127711331846746,0.505777417393067,0.0435840259476992,0.0293938779647273,0.0719643219136428,0.047638353942834,0.104398945874721,0.174336103790797,2.24001621731198,5.32130549361443,2.52787350496655,0.0385161159537807,0.137847151834583,0.451043989458747,0.256436245692277,0.0912223798905331,0.365903101560916,10.285830123657,0.0030407459963511,0.766267991080478,4.20940604094871,0.0233123859720251,0.21082505574701,0.0750050679099939,0.190553415771336,0.145955807824853,0.264544901682546,0.491587269410095,0.193594161767687,1.68761402797486,3.75430772349483,0.153050881816339,0.411514291506183,0.198662071761606,0.0152037299817555,0.867626190958849,1.83356983579972,3.3954996959254,0.29292519764849,4.16987634299615,0.847354550983175,1.17170079059396,4.57328197851206,0.330427731603487,0.00810865599026961,0.010135819987837,0.916278126900466,1.01864990877762,2.53800932495439,3.09041151429151,1.27204540847355,0.699371579160754,0.851408878978309,0.0841273058990472,NA,0.0030407459963511,0.211838637745794,0.344617879586459,1.25481451449422,1.91465639570241,0.940604094871275,8.98337725521995,0.599026961281168,0.75309142509629,0.00709507399148591,0.353740117575512,0.16420028380296,0.848368132981958,1.81127103182647,0.0445976079464829,0.684167849178999,0.0689235759172917,0.448003243462396,0.0831137239002635,0.152037299817555,0.192580579768903,0.134806405838232,5.609162781269,0.170281775795662,0.507804581390634,0.119602675856477,0.167241029799311,0.112507601864991,0.163186701804176,0.0506790999391851,0.0030407459963511,0.201702817757957,0.955807824853031,0.119602675856477,0.44090816947091,7.2947496452463,0.332454895601054
453612183,0.00816093361080508,1.21699922471131,0.303994777002489,2.05451503652018,1.4444852491125,0.752846125596768,0.141796221487738,0.0214224507283633,0.0326437344432203,1.5311951687273,0.0438650181580773,1.64238788917452,0.496796833557759,0.850777328926429,0.529440568000979,0.523319867792876,0.188721589749867,0.0275431509364671,0.011221283714857,0.0295833843391684,1.63524707226507,1.06500183621006,0.229526257803893,2.54213081976578,0.402946097033501,0.539641735014486,0.603909087199576,4.30897294650508,0.424368547761864,0.0928306198229077,0.0459052515607785,0.0285632676378178,0.277471742767373,0.0295833843391684,4.43240706736851,1.78724446076631,1.46794793324356,0.00408046680540254,0.169339372424205,0.0550863018729343,0.0275431509364671,0.11323295384992,0.00918105031215571,2.30546374505243,1.0476598522871,1.98208675072428,0.12853470437018,2.76145591055617,0.0142816338189089,0.736524258375158,0.569225119353654,0.0173419839229608,0.28971314318358,2.90631248214796,0.481495083037499,0.828334761496715,0.871179662953442,0.0887501530175052,0.330517811237606,0.261149875545762,0.108132370343167,1.16191292283837,0.331537927938956,0.5620843024442,1.33635287876933,1.6097441547313,1.88211531399192,0.516179050883421,0.129554821071531,0.325417227730852,0.620230954421186,3.16848247439507,1.75664095972579,1.8453911127433,0.436609948178072,0.157097972007998,1.61076427143265,0.508018117272616,1.10478638756274,0.565144652548252,0.380503529603787,4.92308320071816,4.22532337699433,1.18843595707349,0.0030603501040519,0.493736483453707,0.309095360509242,0.00714081690945444,2.08001795405394,1.38021789692741,0.907903864202065,2.54417105316848,6.24923491247399,7.80797323213776
453612184,9.83249563951988,0.310651956281672,0.267305171684229,0.216733922987213,0.124880022292632,0.0918539006945806,0.146553414591353,7.68270153674672,0.75237633265561,0.407666188475948,9.01406706366817,0.761664929355062,0.774049724954331,0.105270762593789,0.322004685581002,0.348838409379419,0.347806343079479,2.03833094237974,0.246663845685447,2.23855180456793,0.0412826519975643,0.311684022581611,3.79284365227622,0.0598598453964683,0.290010630282889,0.161002342790501,0.604790851764317,0.200220862188187,0.0887577017947633,0.17338713838977,1.77412196959533,0.831845437750921,2.00943308598144,0.0608919116964074,0.325100884480819,0.284850298783194,0.0350902541979297,5.60205587606948,2.56468475534868,2.4016182799583,2.58532608134747,3.94558946466721,0.645041437461943,0.725542608857193,1.64820988100276,1.37368024521895,0.0557315801967118,0.0526353812968945,2.50482490995222,1.65956261030209,2.28189858916537,1.24983228922626,0.361223204978688,0.323036751880941,0.269369304284107,0.137264817891901,0.00206413259987822,0.0536674475968336,0.544931006367849,0.49745595657065,0.646073503761882,0.516033149969554,0.602726719164439,0.911314542846232,0.196092596988431,0.167194740590136,0.213637724087395,0.267305171684229,0.244599713085569,0.697676818758837,2.25403279906701,0.125912088592571,0.194028464388552,0.903058012446719,0.506744553270102,0.46236570237272,0.152745812390988,0.123847955992693,0.0897897680947024,0.424179249274973,0.302395425882159,0.103206629993911,0.0990783647941544,0.35915907237881,0.517065216269493,0.223958387086786,0.125912088592571,1.24467195772656,0.325100884480819,0.31271608888155,0.121783823392815,0.663618630860846,6.37610560102381,0.964981990443066
453612185,0.0173123141472158,2.06016538351868,0.323842111694977,1.80353578557171,1.93897918448817,1.25870707564463,0.0916534278382011,0.0437899710782517,1.17621899059025,2.87791763411952,0.232188683856776,0.430771110839545,0.151737341643244,0.34726465436474,0.662959794696322,0.314676768911157,0.181270112835553,0.215894741129985,0.0213857998289136,0.0651757709071653,1.01022444906106,0.314676768911157,0.274960283514603,1.64263310114465,0.335044197319646,0.340136054421769,0.705731394354149,2.60295735060491,0.0896166849973522,0.306529797547762,0.0743411136909854,0.00916534278382011,0.147663855961546,0.00611022852254674,2.98688337610493,1.50413458796692,4.00525479652939,0.0132388284655179,0.0325878854535826,0.0213857998289136,1.21389873314595,0.141553627439,0.00611022852254674,1.10595136258096,0.586581938164487,1.88398712778525,0.728135565603487,3.23332925984765,0.00509185710212229,0.41345879669233,0.0916534278382011,0.0254592855106114,0.15071897022282,2.06016538351868,0.162939427267913,0.423642510896574,0.987820277811723,0.387999511181718,0.756649965375372,0.289217483400546,0.122204570450935,0.509185710212229,0.236262169538474,0.454193653509308,1.07540021996823,0.871725935883335,2.28013361033036,0.643610737708257,0.109984113405841,0.280052140616726,0.724062079921789,2.69155566418184,3.22009043138213,3.35247871603731,0.541773595665811,0.106928999144568,1.46950995967249,0.292272597661819,1.14566784797751,0.542791967086236,0.186361969937676,6.54405474764756,0.354393254307711,0.439936453623365,0.00203674284084891,0.882928021508004,0.326897225956251,0.0509185710212229,2.56833272231048,1.52959387347753,1.99906309829321,3.02659986150149,4.11116542425353,12.0147460181677
453612186,0.00204779554809248,6.53656338951119,0.450515020580345,0.970655089795835,0.734134703991153,2.13380296111236,0.120819937337456,0.0051194888702312,0.0143345688366473,2.21981037413225,0.0849835152458379,0.118772141789364,0.0296930354473409,1.03618454733479,1.15086109802797,0.481231953801732,0.433108758421559,0.00409559109618496,0.0327647287694797,0.021501853254971,0.414678598488727,0.349149140949768,0.0972702885343927,2.80036041201646,0.395224540781848,0.80580754817439,0.169967030491676,0.443347736162022,0.0532426842504044,0.774066717178957,0.0450515020580345,0.0194540577068785,0.137202301722196,0.394200643007802,4.36385231298507,2.10410992566502,2.03448487702988,0.00204779554809248,0.00409559109618496,0.00716728441832367,0.021501853254971,0.0593860708946819,0.0276452398992485,1.34335387954867,0.662461859807917,4.91470931542195,2.36520385804681,0.606147482235374,0.00204779554809248,0.0614338664427743,0.354268629819999,0.0307169332213872,0.094198595212254,2.25462289844982,0.129011119529826,1.12116806258063,1.03311285401266,0.347101345401675,0.271332910122253,0.423893678455143,0.15256076833289,0.35938811869023,0.0593860708946819,0.199660065939017,0.441299940613929,1.72424385149387,0.647103393197223,0.382937767493294,0.173038723813814,0.373722687526877,0.350173038723814,4.82255851575779,3.66862572440768,1.47646059017468,0.86314582352098,0.0593860708946819,1.40069215489526,0.332766776565028,0.867241414617165,0.308193229987918,0.0880552085679766,2.32424794708496,3.25906661478918,1.01673048962792,0.00409559109618496,0.644031699875084,0.485327544897917,0.00716728441832367,2.15837650768947,0.919460201093523,3.20684782831282,5.35703315380992,1.20819937337456,12.5396760387443
453612187,0.0101492961463123,5.76581514071999,0.122806483370378,0.66274903835419,0.831227354382973,0.698271574866283,0.0334926772828304,0.133970709131322,2.14150148687189,2.06741162500381,0.132955779516691,0.167463386414152,0.0791645099412356,0.349135787433141,0.561256076891068,0.134985638745953,0.193851556394564,1.6218575241807,0.0182687330633621,0.0152239442194684,1.00884003694344,0.448598889667002,0.0507464807315613,1.73857442986329,0.168478316028783,0.288240010555268,0.154269301423946,2.45105501933441,0.0710450730241858,0.343046209745354,0.0466867622730364,0.0152239442194684,0.129910990672797,0.0142090146048372,7.87483887992368,1.67260400491226,3.25081955566381,0.00101492961463123,0.0081194369170498,0.031462818053568,4.75088552608877,0.282150432867481,0.0233433811365182,1.48991667427864,0.636360868373778,2.56269727694384,0.608957768778735,1.41176709395203,0.00202985922926245,0.180657471404358,0.0334926772828304,0.0507464807315613,0.0994631022338601,3.76640379989648,0.186747049092145,0.800779465944037,1.56908118421987,0.164418597570259,0.250687614813913,0.343046209745354,0.0608957768778735,0.472957200418151,0.031462818053568,0.433374945447533,0.384658323945234,1.50920033695663,0.908362005094947,0.278090714408956,0.230389022521288,0.459763115427945,0.416121141998802,3.05595306965462,6.47220615250332,0.659704249510296,0.44758396005237,0.21516507830182,1.65027555339037,0.329852124755148,1.48179723736159,0.349135787433141,0.112657187224066,4.53572044778695,0.833257213612236,0.00507464807315613,0.00507464807315613,0.647525094134722,0.531823118066762,0.0274030995950431,1.49905104081032,1.64215611647332,2.3272336063494,3.10568462077155,1.0920642653432,9.0653513178861
453612188,0.033427347748877,3.9903896375222,0.354120965214666,3.5338974198266,1.75493575681605,2.26679201922073,0.0950590201608691,0.159824506424318,1.67659041052961,0.611093701034159,0.0543194400919252,0.390682126815001,0.102371252480936,0.893136947665309,0.415752637626658,0.153556878721404,0.124307949441137,0.181761203384519,0.00104460461715241,0.00835683693721926,0.583933980988196,0.215188551133396,0.148333855635642,1.36634283923535,0.267418781991016,0.278909432779693,0.185939621853129,1.68181343361538,0.510811657787527,0.950590201608691,0.0177582784915909,0.0188028831087433,0.0658100908806017,0.0104460461715241,2.48406977958843,2.40467982868484,8.18447717538912,0.0146244646401337,0.0114906507886765,0.028204324663115,1.27859605139455,0.326961245168704,0.0156690692572861,1.90640342630314,0.215188551133396,2.77342525853964,2.50078345346286,1.98683798182388,0.00417841846860963,0.110728089418155,0.0428287893032487,0.0386503708346391,0.0219366969602006,0.428287893032487,0.0532748354747728,0.605870677948397,2.51645252272015,1.05818447717539,0.38441449911208603,0.658100908806017,0.0605870677948397,0.201608691110415,0.0167136738744385,0.0971482293951739,0.339496500574533,0.760472161286953,2.11219053588217,0.469027473101431,0.231902225007835,0.460670636164212,0.158779901807166,0.965214666248825,2.79954037396845,2.60628851979526,0.788676485950068,0.128486367909746,2.49138201190849,0.59855844562833,1.30784498067481,0.334273477488771,0.133709390995508,3.60910895226157,0.621539747205683,0.334273477488771,0.00104460461715241,0.498276402381699,0.839862112190536,0.149378460252794,2.59061945053797,0.603781468714092,2.92489292802674,3.13068003760577,2.52689856889167,11.9492322156064
453612189,0.236433235757712,2.9129393461751,0.226198030746556,0.705205625268674,1.18114265828745,2.14120488833391,0.0388937790423942,0.224150989744325,2.34283842705369,1.13713127673947,0.157622157171808,0.0655053120714008,0.033776176536816,0.512783771058934,0.967226873554277,0.244621399766637,0.124869501136108,0.122822460133876,0.0122822460133876,0.0204704100223127,0.540418824589057,0.122822460133876,0.109516693619373,1.65400912980287,0.158645677672924,0.516877853063397,0.313197273341385,0.520971935067859,0.108493173118258,0.221080428240978,0.0245644920267753,0.0317291355345848,0.0962109271048699,0.0501525045546662,3.57925119240138,2.37252052158605,2.75429366850218,0.00204704100223127,0.00716464350780946,0.00511760250557819,0.864874823442713,0.0736934760803259,0.0501525045546662,0.866921864444945,0.290679822316841,2.9323862356963,1.42576405805408,0.65914720271847,0.00307056150334691,0.0788110785859041,0.109516693619373,0.0327526560357004,0.0644817915702851,1.16681337127183,0.0153528075167346,0.414525802951833,1.63251519927944,0.270209412294528,0.380749626415017,0.386890749421711,0.293750383820188,0.283515178809032,0.0399172995435099,0.210845223229821,1.15555464575955,1.13508423573724,0.767640375836728,0.390984831426173,0.0511760250557819,0.467748869009846,1.20570715031422,2.96820945323535,5.65597428916501,2.37661460359051,0.960062230046468,0.0910933245992917,1.10847270270824,0.296820945323535,0.888415794968373,0.207774661726474,0.276350535301222,3.32848866962805,1.46056375509201,0.0133057665145033,0.00102352050111564,2.07774661726474,0.442160856481955,0.228245071748787,3.24353646803545,1.68573826533745,6.22812224928865,5.21074287117971,2.56391885529467,14.3681807946613
453612190,0.00306184935701163,7.981220657277,0.46846295162278,1.17268830373546,1.56766687078996,1.9534598897734201,0.110226576852419,0.00408246580934885,0.163298632373954,1.0175546029802,0.135741988160849,0.0938967136150235,0.0500102061645234,2.90977750561339,2.04123290467442,0.338844662175954,0.381710553174117,0.00612369871402327,0.0122473974280465,0.0112267809757093,0.552153500714431,0.601143090426618,0.0826699326393141,2.15656256378853,0.358236374770361,0.605225556235967,0.382731169626454,0.145948152684221,0.00816493161869769,0.649112063686467,0.053072055521535,0.019391712594407,0.091855480710349,0.0704225352112676,1.73504796897326,2.17187181057359,1.61359461114513,0.00612369871402327,0.00306184935701163,0.00510308226168606,0.072463768115942,0.0571545213308838,0.0234741784037559,0.460298020004082,0.183710961420698,4.98060828740559,6.98918146560522,0.283731373749745,0.00510308226168606,0.0469483568075117,0.140845070422535,0.0275566442131047,0.0204123290467442,0.947132067768932,0.033680342927128,0.831802408654828,0.80526638089406,2.01469687691366,0.244947948560931,0.374566238007757,0.0949173300673607,0.199020208205756,0.0316391100224536,0.072463768115942,0.363339457032047,1.49928556848336,1.16350275566442,0.389875484792815,0.238824249846908,0.349050826699326,0.626658501735048,5.15309246785058,2.79138599714227,1.6044090630741,1.00224535619514,0.164319248826291,2.15758318024087,0.161257399469279,0.965503163911002,0.0938967136150235,0.102061645233721,0.840987956725862,2.78322106552358,1.04307001428863,0.00510308226168606,0.749132476015513,0.692998571136967,0.0887936313533374,1.80036742192284,0.921616656460502,5.86140028577261,3.46499285568483,0.565421514594815,11.6809552969994
453612191,1.92153722978383,0.0359708056300113,0.104431371183904,0.187976468131027,0.0510553370232418,0.0220466228054908,0.104431371183904,6.84605655538924,0.532599993037909,0.125317645420684,0.548844872999849,1.24041261995103,2.50519255984498,0.0823847483784129,0.170571239600376,0.424687576147875,0.0974692797716434,6.11967835137675,0.058017428435502,5.13338206797322,0.0382915027674313,1.13133985449229,1.43767187663174,0.0266880170803309,0.2889267936088,0.0487346398858217,0.623107181397292,0.435130713266265,0.205381696661677,0.27964400505912,0.599900210023091,1.18819693435908,1.85075596709251,0.0545363827293719,0.216985182348778,0.102110674046484,0.0232069713742008,2.37059212587461,2.26267970898458,3.37313328924009,1.93778210974577,3.95910931643866,0.620786484259872,0.408442696185934,3.1317807869484,0.203060999524257,0.0104431371183904,0.0197259256680707,1.23461087710748,0.835450969471229,2.00972372100579,2.78019517062926,1.92733897262738,2.28124528608394,0.740302386837006,0.109072765458744,0.00232069713742008,0.0139241828245205,0.452535941796916,0.2889267936088,0.637031364221812,1.15686752300391,1.75212633875216,7.01894849212704,0.957287569185784,0.532599993037909,0.0429328970422715,0.0243673199429109,0.227428319467168,1.01298430048387,1.69062786461053,0.239031805154268,0.215824833780068,0.211183439505227,0.410763393323354,0.056857079866792,0.0731019598287325,0.206542045230387,0.158967753913276,3.81522609391861,0.540722433018879,0.132279736832945,0.150845313932305,0.203060999524257,0.0696209141226024,0.085865794084543,0.168250542462956,0.132279736832945,0.304011325002031,0.87026142653253,0.126477993989394,0.835450969471229,9.47772710922361,0.626588227103422
453612192,NA,2.31596957391107,0.459689554946301,1.06367627960669,1.85834140710354,5.45855579146998,0.0711178907876564,NA,0.00309208220815897,0.50194801179114,0.0185524932489538,0.183463544350766,0.0432891509142256,2.95293850879182,0.63387685267259,0.367957782770918,0.139143699367154,0.00618416441631795,0.00515347034693162,0.00309208220815897,0.8441384428274,0.341159736966874,0.121621900187586,2.00573065902579,0.227783389334378,0.650367957782771,0.0474119271917709,0.193770485044629,0.0329822102203624,0.62253921790934,0.0164911051101812,0.0113376347632496,0.0463812331223846,0.0474119271917709,2.28711013996825,2.82925522046546,1.16880707468409,0.0041227762775453,0.00206138813877265,0.00618416441631795,0.0113376347632496,0.0896703840366102,0.0133990229020222,1.32134979695327,0.617385747562408,5.19675949784585,3.03951681062027,0.459689554946301,NA,0.0206138813877265,0.118529817979427,0.0237059635958855,0.0577188678856342,1.51615097606728,0.0690565026488838,0.89464245222733,1.2131269196677,1.45018655562656,0.352497371730123,0.355589453938282,0.0700871967182701,0.308177526746511,0.180371462142607,0.295809197913875,0.640061017088908,1.09665848982705,0.665828368823566,0.463812331223846,0.256642823277195,0.375172641256622,1.88513945290759,4.71336397930366,4.13720599451671,3.04982375131413,0.52153119910948,1.35330131310424,1.47286182515306,0.307146832677125,0.938962297210942,0.409185545546371,0.0535960916080889,2.10570798375626,1.39762115808786,0.517408422831935,0.0123683288326359,0.716332378223496,0.592649089897137,0.00206138813877265,5.1627465935561,2.41491620457216,7.60549153800169,2.14899713467049,1.3192884088145,8.396033889221
453612193,NA,NA,NA,NA,NA,NA,NA,NA,7.14285714285714,NA,NA,NA,NA,NA,NA,NA,NA,NA,NA,NA,NA,NA,NA,NA,NA,NA,NA,NA,NA,NA,NA,NA,NA,NA,NA,NA,NA,NA,NA,NA,21.4285714285714,NA,7.14285714285714,NA,NA,NA,NA,NA,NA,14.2857142857143,NA,7.14285714285714,NA,NA,NA,NA,21.4285714285714,NA,NA,NA,NA,NA,NA,7.14285714285714,NA,NA,7.14285714285714,NA,NA,NA,NA,NA,NA,NA,NA,NA,NA,NA,NA,NA,NA,NA,NA,NA,NA,NA,NA,NA,NA,NA,NA,NA,NA,7.14285714285714
453612194,0.00233549366497343,5.38564839142874,0.099258480761370907,0.845448706720383,0.823261516903135,0.715828808314357,0.0221871898172476,0.00467098732994687,0.0140129619898406,2.10427979214106,0.0630583289542827,0.202020202020202,0.0759035441116366,0.35499503707596203,0.425059847025165,0.121445670578619,0.124948911076079,0.0070064809949203,0.0070064809949203,0.0268581771471945,0.819758276405675,0.409879138202838,0.0572195947918491,1.57879371752204,0.124948911076079,0.325801366263794,0.07823903777661,2.14164769078064,0.0910842529339639,0.326969113096281,0.0525486074619023,0.0221871898172476,0.119110176913645,0.107432708588778,8.8351725345945,1.92678227360308,2.593565714953,NA,0.0070064809949203,0.0467098732994687,0.0490453669644421,0.119110176913645,0.0198516961522742,1.74811700823261,0.609563846558066,3.21831027033339,0.603725112395633,1.07082384539032,0.00233549366497343,0.168155543878087,0.0899165061014772,0.0338646581421148,0.183336252700415,3.56162783908449,0.189174986862848,0.77888713726864,1.42465113563379,0.237052606994804,0.195013721025282,0.349156302913528,0.0794067846090967,0.531324808781456,0.0315291644771414,0.47293746715712,0.331640100426228,1.88007240030361,0.900332807847259,0.356162783908449,0.206691189350149,0.418053366030245,0.47293746715712,3.31289776376482,8.2898347638232,1.9606469317452,0.567524960588544,0.212529923512582,1.66403923629357,0.35499503707596203,1.4328253634612,0.378349973725696,0.0350324049746015,5.49658434051498,1.758626729725,0.434401821685059,0.00467098732994687,0.685467390669703,0.456589011502306,NA,1.77380743854732,1.72476207158288,3.24867168797805,2.41256495591756,1.72709756524785,10.6451801249489
453612195,0.00206164312957427,2.99762911040099,0.485516957014741,0.794763426450881,2.64508813524379,4.15627254922173,0.108236264302649,0.00103082156478714,0.0123698587774456,1.53798577466241,0.0639109370168024,0.0958664055252036,0.083496546747758,2.22038965055149,1.42356458097103,0.40305123183177,0.196886918874343,0.00103082156478714,0.0206164312957427,0.00824657251829708,1.9472219358829,0.41026698278528,0.136068446551902,1.80599938150706,0.24636635398412501,0.355633439851562,0.0999896917843521,0.221626636429234,0.076280795794248,0.107205442737862,0.0185547881661684,0.0268013606844655,0.0917431192660551,0.0144315019070199,0.296876610658695,0.339140294814968,2.38738274404701,0.00824657251829708,0.00103082156478714,0.00721575095350995,0.0144315019070199,0.0618492938872281,0.0206164312957427,0.254612926502422,0.117513658385733,0.760746314812906,2.63581074116071,0.530873105865375,NA,0.076280795794248,0.0700958664055252,0.0319554685084012,0.0216472528605298,0.924646943614061,0.022678074425317,0.546335429337182,0.319554685084012,0.612308009483558,0.299969075353056,0.271106071539017,0.0587568291928667,0.15462323471807,0.0525718998041439,0.165962271930729,0.291722502834759,0.826718894959283,0.934955159261932,0.240181424595403,0.0742191526646737,0.416451912174003,1.35759200082466,4.29234099577363,2.5564374806721,3.48108442428616,0.432945057210597,0.102051334913926,0.951448304298526,0.484486135449954,0.452530666941552,0.196886918874343,0.0700958664055252,0.745283991341099,1.30295845789094,0.508195031440058,0.00309246469436141,0.516441603958355,0.447376559117617,0.0288630038140398,1.74415008761983,0.601999793835687,4.21812184310896,14.586125141738,0.764869601072054,23.4893309968045
453612196,1.34929003593329,2.46926219019052,0.221127957330494,1.28684186279829,1.78130854516231,2.62896571492921,0.0470920649870497,1.60829639336207,1.15682681381231,0.73299822892886,0.0655193947645909,0.174035892343444,0.0368546595550824,0.928532672679436,0.584555850165334,0.166869708541067,0.0665431353077876,0.367522855007627,0.00921366488877059,0.00614244325918039,1.05752398112222,0.152537340936313,0.117730162467624,2.21025583276174,0.128991308442788,0.309169644045413,0.101350313776476,1.52844463099272,0.0552819893326235,0.0767805407397549,0.0184273297775412,0.0255935135799183,0.0665431353077876,0.057329470419017,5.37975655449883,1.74343014506404,3.01286841862798,0.0030712216295902,0.0112611459751641,0.00818992434557386,1.54380073914067,0.235460324935248,0.0194510703207379,0.946960002456977,0.328620714366151,2.42012264411707,1.6594834205219,1.03909665134468,0.00511870271598366,0.105445275949263,0.0522107677030333,0.0409496217278693,0.0706380974805745,1.63081868531239,0.0808755029125418,0.665431353077876,1.59601150684371,0.641885320584351,0.243650249280822,0.31019338458861,0.112611459751641,0.375712779353201,0.0491395460734431,0.231365362762461,0.354214227946069,1.04114413243108,0.990980845814437,0.4698969093273,0.15970352473869,0.303027200786233,0.533368823005497,2.69755633132339,6.0462116481199,1.99219909706084,0.637790358411564,1.20903758151534,1.64207983128756,0.499585385080005,1.19880017608337,0.219080476244101,0.128991308442788,3.08964895936774,0.981767180925666,0.347048044143692,0.0235460324935248,1.17525414358985,0.558962336585416,0.214985514071314,1.9420358104442,1.66664960432428,4.30994768685824,4.03763270236791,0.750401818163205,14.6210624379357
453612197,0.00721054800164812,3.37762669962917,0.587144622991347,1.20004120313144,3.93077873918418,5.98887515451174,0.1905644829007,0.0381128965801401,1.02286773794808,1.926246394726,0.0412031314379893,0.446023897816234,0.352286773794808,2.35063864853729,1.51627523691801,0.546971569839308,0.187474248042851,0.0339925834363412,0.0216316440049444,0.0175113308611454,3.18912237330037,0.715904408735064,0.697362999587969,2.95941491553358,0.368768026370004,0.484136794396374,0.183353934899052,0.49958796868562,0.0618046971569839,0.15451174289246,0.030902348578492,0.0690152451586321,0.302843016069221,0.00824062628759786,0.430572723526988,0.332715286361763,4.30366707869798,0.0164812525751957,0.00206015657189946,0.015451174289246,0.203955500618047,0.0762257931602802,0.0360527400082406,0.289451998351875,0.165842604037907,1.1413267408323,3.30140090646889,1.13823650597445,0.00412031314379893,0.157601977750309,0.0834363411619283,0.0484136794396374,0.0556242274412855,1.44829007004532,0.0278121137206428,0.683971981870622,0.661310259579728,1.60795220436753,0.38421920065925,0.46250515039143,0.0813761845900288,0.434693036670787,0.169962917181706,0.188504326328801,0.468685620107128,1.05274000824063,1.98187062216728,0.285331685208076,0.0587144622991347,0.455294602389782,1.02286773794808,8.17264112072518,2.25999175937371,2.45982694684796,0.408941079522044,0.0453234445817882,1.68417799752781,0.371858261227853,0.581994231561599,0.206015657189946,0.197775030902349,1.1433868974042,0.854964977338278,0.304903172641121,0.00721054800164812,0.559332509270705,0.388339513803049,0.317264112072517,2.92233209723939,0.534610630407911,4.65801400906469,4.00082406262876,1.01050679851669,10.122579316028
453612198,0.602060661232259,2.18583191955973,0.193445607646791,0.508958497124178,0.783092646997972,1.09032978855464,0.054826829974759,1.47411759837795,4.40062895684197,1.8744569040427,0.201721355567509,0.138618777672032,0.0527578929945794,0.44792485620888,0.885505027516862,0.179997517275624,0.115860470890057,0.871022468655605,0.0155170273513469,0.0237927752720652,0.605164066702528,0.195514544626971,0.0817230107170936,1.56308188852568,0.255513717052179,0.355857160590888,0.520337650515165,1.60239169114909,0.185169859726073,0.171721769354905,0.0424132080936815,0.0124136218810775,0.133446435221583,0.029999586212604,5.09786071916249,1.78756155087516,2.76203086853974,0.00413787396035917,0.00310340547026938,0.0144825588612571,2.25824471386602,0.111722596929698,0.0186204328216163,0.764472214176356,0.405511648115198,1.67687342243555,1.74514834278148,0.677576861008814,0.00517234245044896,0.104481317499069,0.138618777672032,0.0237927752720652,0.0568957669549385,1.82687135349857,0.0475855505441304,0.40033930566475,2.78789258079199,0.688956014399801,0.39620143170439,0.402408242644929,0.260686059502628,0.328960979848554,0.0362063971531427,0.344478007199901,1.01171018330782,0.84516075640336,1.01171018330782,0.433442297347623,0.103446849008979,0.418959738486366,0.608267472172798,1.59204700624819,5.61819836967766,2.91513220507303,0.554475110688128,0.182066454255803,0.961021227293417,0.262754996482807,0.998262092936649,0.230686473290024,0.429304423387264,3.59995034551248,0.911366739769107,0.259651591012538,0.00517234245044896,1.62825340340133,0.429304423387264,0.485165721852112,1.65618405263376,1.65514958414367,2.82616791492531,5.65543923532089,2.09272975545165,13.5867091488393
453612199,0.0124358775066066,2.1793875330328,0.34095030830613,1.73065961966941,1.94828747603503,1.76900357531478,0.125395098191616,0.0373076325198197,1.52028602518265,0.642520337841339,0.0797968806673921,0.459091144618892,0.123322451940515,0.343022954557231,0.400020726462511,0.288097828903052,0.135758329447122,0.0404166018964713,0.00932690812995492,0.00725426187885383,0.762733820405202,0.156484791958133,0.259080781387637,1.27675009067827,0.516088916524172,0.693300170993316,0.9471993367532,1.71615109591171,0.0559614487797295,0.0932690812995492,0.0155448468832582,0.0207264625110109,0.0994870200528525,0.0746152650396394,4.08829473029691,3.29343489299964,4.70594331312503,0.011399554381056,0.0217627856365615,0.00829058500440437,1.16379086999326,0.0963780506762008,0.011399554381056,1.15239131561221,0.301570029535209,4.0758588527903,1.57210218146018,3.3234882636406,0.0134722006321571,0.207264625110109,0.089123788797347,0.0393802787709208,0.0238354318876626,1.47986942328618,0.0404166018964713,0.846675993574797,2.39701538939841,0.81454997668273,0.543033317788487,0.148194206953728,0.111922897559459,0.257008135136536,0.0321260168920669,0.159593761334784,1.0415047411783,1.28193170630603,2.64780558578165,0.45598217524224,0.147157883828178,0.320223845795119,0.532670086532981,3.05404425099746,4.40022799108762,1.76174931343593,0.582413596559407,1.65293538525312,1.48816000829059,0.749261619773045,0.911964350484481,0.20933727136121,0.386548525830354,2.14415254676408,3.30690709363179,0.70055443287217,0.00621793875330328,1.4166537126276,0.802114099176123,0.0880874656717965,1.67573449401523,1.06223120368931,4.75361417690036,3.9856987408674,0.737862065391989,7.78693196538681
453612200,0.00809970739807024,0.126557928094848,0.0384736101408337,0.0587228786360093,0.00404985369903512,NA,0.0577104152112505,0.023286658769452,0.0536605615122154,0.252103392764936,1.17547003614494,0.46472071196428,0.444471443469105,0.00911217082282902,0.170093855359475,0.186293270155616,0.27437758810963,0.0556854883617329,0.04151100041511,10.7128754973727,0.00202492684951756,0.190343123854651,0.470795492512833,0.0131620245218641,0.336137857019915,0.0455608541141451,0.314876125099981,0.477882736486144,0.148832123439541,0.263240490437283,0.110358513298707,0.412072613876824,1.38909981876905,0.278427441808665,0.262228027012524,0.0982089522016017,0.0303739027427634,2.93310654152619,3.16597312922071,3.74307728133321,0.339175247294191,4.52672397209651,0.71378671445494,1.03575008352823,3.43832579048082,0.134657635492918,0.0161994147961405,0.0556854883617329,0.503194322105114,0.63076471362472,6.67719628628416,3.86052303860523,1.01651327845782,1.40631169698995,0.686450201986453,0.0901092448035315,0.00101246342475878,0.00202492684951756,0.19945529467748,0.371574076886472,3.33910437485446,1.36277576972532,0.781621763913779,8.79121991718049,0.675313104314107,1.01145096133402,0.00607478054855268,0.0870718545292551,0.198442831252721,0.721886421853011,1.1126973038099,0.0445483906893863,0.48193259018518,0.0577104152112505,0.262228027012524,0.0809970739807025,0.128582854944365,0.1498445868643,0.24096629509259,6.89892577630633,0.128582854944365,0.482945053609938,0.187305733580374,0.0485982443884215,0.119470684121536,0.634814567323755,0.0668225860340795,0.00404985369903512,0.247041075641142,0.891980277212486,0.10833358644919,0.806933349532748,14.6240217072158,0.667213396916036
453612201,0.00411353352529823,4.07342657342657,0.54607157548334,1.15898807075278,1.96215549156726,3.51501439736734,0.25503907856849,0.0102838338132456,0.178938708350473,1.29164952694364,0.0822706705059646,0.131633072809543,0.044220485396956,0.679761415055533,0.299259563965446,0.790826820238585,0.36096256684492,0.0205676676264912,0.0102838338132456,0.0113122171945701,0.773344302756067,0.143973673385438,0.178938708350473,1.796585767174,0.676676264911559,1.12710818593172,0.26840806252571,1.44590703414233,0.0287947346770876,0.160427807486631,0.0431921020156314,0.0329082682023858,0.0668449197860962,0.0236528177704648,3.62505141916907,2.25215960510078,4.01069518716578,0.0123406005758947,0.0071986836692719,0.0380501851090086,0.0987248046071575,0.0956396544631839,0.0709584533113945,1.31324557795146,0.690045248868778,4.17420814479638,2.53702180172768,1.11785273549979,0.00102838338132456,0.0822706705059646,0.0339366515837104,0.062731386260798,0.0730152200740436,0.881324557795146,0.132661456190868,0.730152200740436,0.982106129164953,0.304401480872069,0.246812011517894,0.293089263677499,0.101809954751131,0.25503907856849,0.130604689428219,0.304401480872069,0.488482106129165,0.966680378445084,0.841217605923488,0.572809543397779,0.0761003702180173,0.332167832167832,1.39551624845742,3.30008227067051,4.29864253393665,1.93130399012752,0.648909913615796,0.0709584533113945,1.70814479638009,0.285890580008227,1.02015631427396,0.259152612093789,0.206705059646236,1.64952694364459,0.212875359934183,0.168654874537227,0.0113122171945701,0.676676264911559,0.578979843685726,0.0606746194981489,2.93809132044426,1.28445084327437,5.56561085972851,7.14932126696833,0.80316742081448,13.6456190867956
453612202,0.0420870992519018,5.00836481097631,0.460853736808325,0.646036973516693,1.30259572184636,2.11592891488936,0.156774444713334,0.189391946633558,1.96336318010122,4.29077976873139,0.256731305436601,0.069443713765638,0.0315653244389264,1.03955135152197,2.73355709641102,0.360896876085058,0.288296629875527,0.506097368504119,0.0242000820698435,0.0305131469576288,0.966951105312444,0.174661461895393,0.112582990498837,1.57405751202113,0.500836481097632,0.485053818878168,0.428236234888101,0.266200902768279,0.106269925611052,0.337748971496512,0.0673393588030429,0.0368262118454141,0.106269925611052,0.0168348397007607,1.0300817541903,1.4562136341158,1.78659736324323,0.00736524236908282,0.00946959733167791,NA,0.571332372344567,0.116791700424028,0.0410349217706043,0.615523826559064,0.448227607032754,3.60370787344409,8.63206405656506,1.82763228501384,0.00631306488778527,0.0515566965835797,0.0326175019202239,0.0989046832419693,0.0610262939152576,0.781767868604076,0.0747046011721257,0.825959322818573,2.28532948937827,2.15801601414127,0.318809776833156,0.319861954314454,0.0399827442893067,0.162035332119822,0.263044370324386,0.142043959975169,0.367209940972843,0.609210761671279,1.20895192601088,0.438758009701076,0.157826622194632,0.28303574246904,1.01640344693343,5.61757557264759,0.81017666059911,1.20895192601088,0.53134962805526,0.259887837880494,1.49514420092381,0.226218158478972,0.886985616733831,0.147304847381656,0.23568775581065,0.641828263591503,1.14582127713303,0.290400984838122,0.00210435496259509,0.55134100019991406,1.63192727349249,0.306183647057586,2.64412201050073,0.704958912469355,2.55573910207174,6.12472511863301,1.2005345061605,12.2347197525279
453612203,0.00107529194176219,3.00974214499237,0.470977870491839,1.06884019011162,1.79143637497581,2.2892965440117,0.0903245231080238,0.00322587582528657,0.00322587582528657,0.678509215251941,0.096776274758597,0.0376352179616766,0.0161293791264328,3.7538441686918,3.99793543947182,0.477429622142412,0.116131529710316,0.00215058388352438,0.0129035033011463,0.00860233553409751,1.22798339749242,0.265597109615261,0.0580657648551582,2.50973139207295,0.243015978838255,0.681735091077228,0.0301081743693413,0.139787952429085,0.0258070066022925,0.530118927288759,0.0193552549517194,0.00215058388352438,0.224736015828297,0.548398890298716,3.418353082862,2.35811522828448,1.76132820060646,NA,0.00107529194176219,0.00107529194176219,0.00215058388352438,0.00752704359233532,0.00537645970881094,0.536570678939332,0.161293791264328,4.21406911976602,4.51837673928472,0.0892492311662616,0.00107529194176219,0.0376352179616766,0.11290565388503,0.00215058388352438,0.0483881373792985,0.874212348652659,0.0236564227187681,0.621518742338545,0.846254758166842,1.36239489021269,0.188176089808383,0.346244005247425,0.0989268586421213,0.233338351362395,0.0419363857287253,0.202154885051291,0.198929009226005,0.681735091077228,0.844104174283318,0.348394589130949,0.364523968257382,0.574205896901009,1.1376588743844,2.58285124411278,4.74203746317125,4.48289210520656,0.415062689520205,1.31615733671692,1.37099722574679,0.146239704079658,0.954859244284823,0.13763736854556,0.0290328824275791,1.54842039613755,1.61831437235209,0.572055313017484,0.187100797866621,0.445170863889546,0.546248306415192,0.00537645970881094,1.79681283468462,1.43659003419428,4.32052302200047,7.19585367427256,0.325813458353943,13.126088733091
453612204,0.00767653283911084,9.30176450590545,0.429885838990207,0.715014201585752,0.897057694627524,1.92351979997149,0.127211115619551,0.0296094838079989,0.501167929639093,5.08844462478204,0.250035641045324,0.0361893690986654,0.0120631230328885,0.352023863050654,1.57149593692083,0.347637272856877,0.42330595369954,0.0318027789048878,0.0252228936142213,0.0142564181297773,0.413436125763541,0.0537357298737759,0.0416726068408874,1.03304199063463,0.58012655312709,0.765459988814195,1.33133012381151,0.471558445831094,0.0833452136817748,0.254422231239102,0.0723787381973308,0.0274161887111101,0.0328994264533322,0.0208363034204437,1.70528693783105,2.07376051410837,2.16149231798392,0.00219329509688881,0.0131597705813329,0.00877318038755524,0.125017820522662,0.075668680842664,0.0416726068408874,1.04839505631285,0.347637272856877,2.97849474157501,5.72669349797668,1.68116069176527,0.00219329509688881,0.155723951879106,0.0471558445831094,0.0493491396799983,0.0318027789048878,0.6174125697742,0.0701854431004419,0.547227126673758,2.52119271387369,1.23043854935462,0.546130479125314,0.380536699310209,0.0438659019377762,0.125017820522662,0.144757476394662,0.075668680842664,0.438659019377762,0.464978560540428,1.91584326713238,0.516520995317315,0.0997949269084409,0.269775296917324,0.853191792689747,3.9983769616283,0.762170046168862,3.40618728546832,0.810422538300416,0.0800552710364416,1.80069527454571,0.18423678813866,0.656891881518199,0.108568107295996,0.24893899349688,1.36642284536173,1.40151556691195,0.568063430094202,0.00219329509688881,0.698564488359086,0.687598012874642,0.355313805695987,3.68144582012787,0.82138901378486,3.22633708752344,8.05706953842105,0.72927061971553,9.94439996929387
453612205,0.00101564086938858,6.83120048750762,0.282348161690026,0.88259191549868,0.78204346942921,2.03534430225472,0.0396099939061548,0.00406256347755434,0.0182815356489945,1.32744261629088,0.078204346942921,0.110704854763356,0.0274223034734918,1.15376802762543,1.43713183018485,0.172658947796059,0.198049969530774,0.012187690432663,0.0132033313020516,0.0162502539102173,0.355474304286004,0.313833028641073,0.0670322973796466,2.93824903514117,0.170627666057282,0.332114564290067,0.340239691245176,0.528133252082064,0.0568758886857607,0.716026812918952,0.0325005078204347,0.00406256347755434,0.135080235628682,0.159455616494008,3.95693682713792,1.95510867357302,2.34714604915702,NA,0.00304692260816575,0.0101564086938858,0.0152346130408288,0.0253910217347146,0.00914076782449726,1.00142189721714,0.513914279910624,4.40991265488523,1.98151533617713,0.762746292910827,0.00203128173877717,0.0710948608572009,0.23664432256754,0.00914076782449726,0.0548446069469835,1.99573430834857,0.0528133252082064,0.829778590290473,1.50924233191144,0.402193784277879,0.376802762543165,0.450944546008531,0.104611009547024,0.288442006906358,0.036563071297989,0.157424334755231,0.854153971155799,1.47978874669917,0.768840138127158,0.34430225472273,0.21531586431038,0.283363802559415,0.504773512086126,4.00060938452163,3.98131220800325,1.67479179362178,0.845013203331302,0.0548446069469835,1.48994515539305,0.262035344302255,0.874466788543571,0.2224253503961,0.134064594759293,1.68697948405444,3.04082876294942,0.941499085923218,0.00101564086938858,0.589071704245379,0.475319926873857,0.0060938452163315,1.59658744667885,0.931342677229332,3.16372130814544,5.85618525289458,1.41072516758074,17.1673776152752
453612206,0.00315719683017438,1.98061481146273,0.350448848149356,1.01872217720293,1.45757253659717,2.69308889613875,0.106292293282538,0.00420959577356584,0.0147335852074805,0.400963997432147,0.0610391387167047,0.332558066111702,0.105239894339146,1.99745319455699,1.2449879500321,0.434640763620673,0.170488628829417,0.0052619947169573,0.00210479788678292,0.00736679260374023,1.76803022489765,0.516727881205207,0.26625693267804,3.32137106534345,0.373601624903969,0.458845939318677,0.553561844223908,0.687216510034624,0.0178907820376548,0.205217793961335,0.0126287873206975,0.0147335852074805,0.236789762263079,0.159964639395502,3.01407057387314,1.47967291440839,4.14224224118879,0.0168383830942634,0.00841919154713169,0.0252575746413951,0.013681186264089,0.0252575746413951,0.00841919154713169,0.945054251165532,0.573557424148346,3.76969301522821,2.59416339545995,0.959787836373012,0.0105239894339146,0.106292293282538,0.115763883773061,0.0147335852074805,0.0494627503393987,2.79517159364772,0.0452531545658328,0.794561202260553,1.31549867923933,0.73457446248724,0.191536607697246,0.133654665810716,0.158912240452111,0.260994937961082,0.066301133433662,0.356763241809705,1.1460624493533,1.51229728165353,0.980835815240842,0.323086475621178,0.1725934267162,0.373601624903969,1.31128908346576,4.78841519243115,4.29273529009377,0.797718399090727,0.407278391092495,2.43314635712106,1.14185285357973,0.426221572073542,0.661958935393229,0.375706422790752,0.420959577356584,1.41547657886151,1.75224424074678,0.481998716073289,0.155755043621936,0.897696298712916,0.512518285431641,0.013681186264089,1.64279475063407,1.33338946127698,3.21928836783448,8.22765493943444,0.710369286789236,12.3614779890761
453612783,0.00964171391106483,0.0192834278221297,0.055921940684176,0.52643757954414,0.779050484014038,0.404951984264723,0.121485595279417,0.0520652551197501,0.484014038335454,0.0269967989509815,0.00192834278221297,0.993096532839677,0.362528443056038,0.173550850399167,0.0867754251995835,0.188977592656871,0.0752053685063057,0.0867754251995835,3.43630683790351,0.183192564310232,1.04323344517721,0.323961587411778,0.339388329669482,0.856184195302557,0.460873924948899,0.134983994754908,0.146554051448185,2.72667669404913,0.131127309190482,0.167765822052528,0.711558486636584,0.296964788460797,0.29889313124301,0.239114504994408,0.106058853021713,0.185120907092445,2.38536002159744,5.70596629256817,1.13386555594122,0.995024875621891,0.146554051448185,2.86937405993289,0.620926375872575,1.00080990396853,3.86439893555478,0.76748042732076,1.33441320529137,2.03632997801689,2.15203054494967,3.94731767518994,5.34150950672992,1.47325388561071,0.511010837286436,0.38374021366038,0.912106135986733,0.0597786262486019,5.3685063056809,0.765552084538548,0.233329476647769,0.231401133865556,0.61128466196151,1.33055651972695,6.59493231516834,2.4682787612326,0.171622507616954,0.439662154344556,0.908249450422307,0.200547649350148,0.728913571676501,0.412665355393575,2.57433761425431,0.161980793705889,0.0790620540707316,1.36719503258899,0.809903968529446,0.433877125997917,0.366385128620464,0.215974391607852,0.582359520228316,0.958386362759844,0.109915538586139,0.107987195803926,0.923676192680011,0.239114504994408,0.214046048825639,0.258397932816538,0.192834278221297,0.0385668556442593,0.48787072389988,0.185120907092445,0.144625708665972,0.609356319179297,9.03814262023217,5.55748389833777
453612784,0.0314855065103902,0.216335899571391,0.215320238071056,0.48345487415954,0.084299904527819,0.0253915375083792,0.143208271547259,0.0142192610046924,0.0650023360214508,0.238680452578765,8.35483150175709,3.84326311726828,3.45426476263991,0.143208271547259,0.256962359584798,0.326027341607589,0.413374230636413,0.00609396900201101,0.0355481525117309,1.106055373865,0.0396107985130716,1.15480712588109,4.58469601251295,0.0355481525117309,0.252899713583457,0.0700806435231266,0.378841739625018,0.442828414146133,0.0375794755124012,0.48345487415954,0.60330293119909,1.18730829389181,3.7802921042475,0.125942026041561,0.360559832618985,0.0792215970261431,0.030469845010055,4.32874931442849,2.88346299945154,2.01202543216397,0.156411871051616,2.27609742225111,0.408295923134738,0.431656137642447,2.30352028276016,0.824717138272157,0.0233602145077089,0.0700806435231266,1.35286111844644,1.50419468199638,1.46559954498365,1.08472648235796,0.33008998760893,1.33762619594142,0.24172743707977,0.322980357106584,0.00710963050234618,0.0213288915070385,0.305714111600886,0.351418879115968,0.651039021714843,1.2705925369193,0.960815779317069,2.75752097340998,0.0690649820227914,0.830811107274168,0.109691442036198,0.161490178553292,0.329074326108595,0.502752442665908,3.2287879095655,0.392045339129375,0.48345487415954,0.493611489162892,0.458063336651161,0.127973349042231,0.386967031627699,0.110707103536533,0.215320238071056,0.602287269698755,0.030469845010055,0.114769749537874,0.0934408580308355,0.0487517520160881,0.27321294359016,0.0975035040321762,0.0873468890288245,0.0355481525117309,0.183834731560665,0.352434540616303,0.0914095350301651,0.738385910743667,16.1987852688456,10.3638099494201
453612785,0.0174144642491293,0.799016594960049,0.589018643720549,0.678139725466093,1.86232329440688,2.04363859864782,0.113706207744315,0.0440483507477976,0.0727309977463634,3.42860069657857,0.0993648842450318,0.539848391723008,0.241753738987912,3.6160622823192,1.51813153042409,0.73960254046302,0.199754148740012,0.0174144642491293,0.129071911493546,0.0921942224953903,3.320016390084,1.48535136242573,0.226388035238681,3.24933415283753,0.2939971317353,0.463019872976849,0.258143822987093,1.10223314894489,0.0102438024994878,0.842040565457898,0.0665847162466708,0.0348289284982586,0.450727309977464,0.116779348494161,2.24441712763778,0.748821962712559,1.35627945093219,0.0409752099979512,0.0133169432493342,0.0501946322474903,0.0419995902479,0.0932186027453391,0.00614628149969269,1.18828108994059,1.27228027043639,0.674042204466298,0.534726490473264,0.641262036467937,0.0133169432493342,0.272485146486376,1.9340299119033,0.0307314074984634,0.582872362220856,3.14587174759271,0.404630198729769,2.17168612989142,1.16472034419176,0.240729358737964,0.330874820733456,0.250973161237451,0.70579799221471,1.11042819094448,0.4619954927269,1.90432288465478,1.27432903093628,1.34091374718295,0.692481048965376,0.298094652735095,0.274533906986273,0.599262446220037,1.25691456668715,1.42388854742881,1.71481253841426,0.83179676295841,0.90760090145462,0.153657037492317,1.49764392542512,0.256095062487195,0.972136857201393,0.897357098955132,0.438434746978078,3.71645154681418,4.14361811104282,2.03032165539848,0.0194632247490268,0.698627330465069,0.350338045482483,0.0297070272485147,1.57652120467117,4.04322884654784,0.997746363450113,2.03544355664823,5.99774636345011,7.13788158164311
453612786,0.329601573149203,1.68040937632679,0.410046702866975,0.310607584188063,0.767580612723738,0.786574601684879,0.0860315970592836,1.78878684275212,6.06802082635025,6.98643605729481,0.300551942973341,0.335188040490715,0.176532367991777,1.42119729168063,0.240218095685013,0.350830149046949,0.240218095685013,3.45243681705437,0.184353422269893,0.0793278362494693,1.87705302674801,0.648030211615383,0.194409063484615,1.08824383812652,0.272619606265782,0.372058724944694,0.33742262742732,0.84802574244151,0.131840629259681,0.241335389153315,0.354182029451856,0.0122902281513262,0.143013563942705,0.195526356952917,0.703894885030502,0.380997072691113,1.18656566333713,0.109494759893634,0.0491609126053049,0.0212285758977453,2.07034479676432,0.138544390069496,0.0134075216196286,0.601103885946683,0.911711470134746,0.813389644924136,0.881544546490581,1.77426202766419,0.0324015105807691,0.425688811423208,0.719536993586736,0.0212285758977453,0.344126388237134,1.58097025764787,0.175415074523474,0.229045161001989,1.1262318160488,1.02008893656008,0.29049630175862,0.269267725860875,0.813389644924136,0.469263256687001,1.0323791647114,1.05695962101406,0.94634756765212,0.675962548322943,1.53404393197917,0.440213626511139,0.287144421353713,0.253625617304641,2.03570869924694,1.88375678755782,0.617863287971218,3.01222319054323,0.761994145382226,3.43679470849813,0.776518960470157,0.242452682621617,0.74523474335769,0.512837701950794,1.00332953453554,1.3139371187236,1.17874460905902,1.01226788228196,0.474849724028513,2.1094500681549,0.498312886862863,2.75189381242877,1.89828160264575,2.37871779401578,0.996625773725727,2.94295099550848,3.56863533775782,7.73613997452571
453612787,0.0214776632302405,2.27356406480118,0.346710849288169,0.752740958926526,1.05649648175421,1.42877597774505,0.230117820324006,0.0429553264604811,0.306823760432008,5.50339551628211,0.127843233513337,0.771150384552446,0.362052037309769,0.762968417607593,0.288414334806087,0.515463917525773,0.308869252168221,0.0746604483717886,0.558419243986254,0.292505318278514,1.44616265750286,0.438757977417771,0.369211258386516,2.03935526100475,0.64944362624775,0.448985436098838,0.872402225495009,4.23519063982982,0.197389952544592,0.457167403043692,0.053182785141548,0.0204549173621339,0.371256750122729,0.0572737686139748,1.95855833742432,1.45332187857961,4.10939289805269,0.183071510391098,0.149320896743577,0.231140566192113,0.336483390607102,0.291482572410407,0.0153411880216004,1.50343642611684,1.59446080837833,1.61696121747668,0.837628865979381,3.12857961053837,0.0460235640648012,0.263868433971527,0.364097529045983,0.0255686467026673,0.291482572410407,0.696489936180658,0.299664539355261,0.356938307969236,1.99333169693994,1.21093110783832,0.423416789396171,0.298641793487154,0.294550810014728,0.436712485681558,0.467394861724759,1.57093765341188,1.21911307478318,0.886720667648503,1.73253150057274,0.370234004254623,0.174889543446244,0.617738504336443,1.29581901489118,0.963426607756505,2.57016036655212,2.28788250695467,0.428530518736704,0.12375225004091,1.39297987236132,0.487849779086892,1.18638520700376,0.953199149075438,0.477622320405826,3.98359515627557,0.746604483717886,0.343642611683849,0.00306823760432008,1.11070201276387,0.551260022909507,0.0695467190312551,2.36152020945835,3.23699067255768,1.76219113074783,2.59061528391425,3.74120438553428,8.19935362461136
453612788,0.369586399220509,0.369586399220509,0.157914188757854,0.720693478479992,1.1977959211101,1.06004099049155,0.0671975271310016,0.771091623828243,1.33723078990693,6.69455364042603,0.362866646507409,1.1037193831267,0.83660921278097,0.964284514329873,1.17595672479253,0.285589490306757,0.157914188757854,0.510701206195612,0.520780835265262,0.292309243019857,2.76685817961899,1.05836105231327,0.628296878674865,2.53166683466048,0.245270974028156,0.156234250579579,0.290629304841582,4.48543493599436,0.283909552128482,0.472062628095286,1.01804253603467,0.142794745153378,0.782851191076168,0.100796290696502,1.69169774552296,0.366226522863959,1.56738232033061,0.161274065114404,0.41662466821221,0.337667573833283,1.18771629204045,0.547659846117663,0.0722373416658267,1.45482646238618,1.63121997110506,0.745892551154118,0.250310788562981,3.63538621778719,0.225111715888855,0.888687296307496,0.574538856970064,0.144474683331653,0.803010449215469,1.75553539629742,0.675335147666566,0.235191344958506,2.63414306353526,0.300708933911232,0.344387326546383,0.283909552128482,0.337667573833283,0.587978362396264,0.658535765883815,1.46826596781238,0.262070355810906,0.606457682357289,1.59594126936129,0.349427141081208,0.411584853677385,0.393105533716359,0.83660921278097,0.777811376541343,1.14739777576185,0.897086987198871,0.682054900379666,3.11460538252192,1.1037193831267,0.115915734300978,0.979403957934348,1.09867956859188,0.167993817827504,2.20575882807513,2.08480327923932,0.700534220340691,0.371266337398784,0.510701206195612,0.651816013170715,0.520780835265262,1.36074992440278,2.97181063736854,0.503981453482512,1.67657830191849,4.52743339045123,7.4706850787891
453612789,1.61435540945162,0.320358466467053,0.496241546096024,0.767394627190687,2.63196465587638,1.78291002742939,0.078519231977219,9.17104629493917,2.44037772985197,2.4665508071777,0.0743315396051006,0.425050775770012,0.190540002931385,2.89788312150589,1.00399924621537,0.232416926652568,0.0450176930002722,9.37205552880086,0.0942230783726627,0.0408300006281539,1.87085156724387,0.913963860214829,0.233463849745598,1.68764002596369,0.121443078791432,0.124583848070521,0.335015389769468,0.988295399819929,0.091082309093574,0.212525387885006,0.241839234489834,0.0240792311396805,0.268012311815574,0.108880001675077,1.69287464142884,0.712954626353148,1.72742310349882,0.0670030779538935,0.0335015389769468,0.030360769697858,1.72114156494064,0.192633849117444,0.00209384618605917,0.605121547771101,1.17255386419314,1.21966540337947,0.470068468770284,1.10659770933227,0.0188446156745325,0.165413848698675,0.363282313281266,0.0115161540233254,0.193680772210473,1.22280617265856,0.169601541070793,0.489960007537846,1.06053309323897,0.221947695722272,0.436566929793337,0.256496157792249,0.445989237630604,0.421910006490923,0.229276157373479,1.38193848279905,0.68259385665529,0.472162314956343,0.619778471073515,0.236604619024686,0.149710002303231,0.343390774513704,1.22175924956553,0.731799242027681,1.02493770807596,0.616637701794426,0.839632320609728,0.142381540652024,0.774723088841894,0.149710002303231,0.696203856864675,0.377939236583681,0.654326933143491,0.949559245377835,1.30341925082183,0.953746937749953,0.0261730773257396,0.811365397097929,0.292091542955255,0.792520781423397,0.643857702213195,2.4026884985029,0.530790008166,3.49567620762579,10.9152201679265,5.93710086057078
453612790,0.0068536964269396,0.0274147857077584,0.116512839257973,0.546011148679521,1.14685186877456,0.753906606963356,0.0205610892808188,0.0205610892808188,0.639678333181029,0.043406744037284103,0.0114228273782327,0.429498309421548,0.347253952298273,0.763044868865942,0.749337476012062,0.175911541624783,0.068536964269396,0.0296993511834049,3.48853148131225,0.0525450059398702,1.65402540436809,0.623686374851503,0.185049803527369,1.17883578543361,0.155350452343964,0.271863291601937,0.0319839166590514,2.40793201133144,0.102805446404094,0.143927624965732,0.207895458283834,0.577995065338573,0.315270035639221,0.676231380791373,0.413506351092022,0.251302202321119,0.580279630814219,0.488897011788358,0.582564196289866,0.422644612994608,0.148496755917025,1.67458649364891,1.3844466782418,0.788175089098054,6.91309512930641,2.09266197569222,0.068536964269396,0.984647720003655,0.157635017819611,0.422644612994608,3.67586585031527,2.52216028511377,0.822443571232751,0.96180206524719,0.749337476012062,0.121081970209266,0.950379237868957,0.482043315361418,0.228456547564653,0.244448505894179,0.772183130768528,1.06917664260258,7.03189253404003,5.09001187974047,0.148496755917025,1.24965731517865,0.804167047427579,0.486612446312711,0.696792470072192,0.443205702275427,6.22087179018551,0.484327880837065,0.456913095129306,5.77081239148314,1.35246276158275,1.21538883304396,0.242163940418532,0.214749154710774,0.614548112948917,0.986932285479302,0.0959517499771543,0.406652654665083,2.45362332084438,2.59069724938317,1.39815407109568,0.281001553504523,0.185049803527369,0.239879374942886,1.03719272594353,0.758475737914649,0.422644612994608,0.306131773736635,3.93630631453897,4.43434158822992
453612791,0.102249488752556,0.28118609406953,0.322085889570552,0.153374233128834,0.0255623721881391,0.00511247443762781,0.148261758691207,0.567484662576687,8.640081799591,0.388548057259714,10.398773006135,0.705521472392638,0.301635991820041,0.0102249488752556,0.0562372188139059,0.245398773006135,0.879345603271984,1.75869120654397,1.47239263803681,1.56952965235174,0.0153374233128834,0.0869120654396728,0.899795501022495,0.0204498977505112,0.398773006134969,0.0766871165644172,0.316973415132924,0.0460122699386503,0.0562372188139059,0.0613496932515337,22.9192229038855,0.0357873210633947,0.567484662576687,0.0306748466257669,0.0460122699386503,0.189161554192229,NA,1.61554192229039,3.27709611451943,2.82719836400818,3.64519427402863,0.434560327198364,0.0613496932515337,0.547034764826176,1.67689161554192,0.219836400817996,0.00511247443762781,0.0255623721881391,3.9519427402863,0.480572597137014,2.1319018404908,0.173824130879346,0.485685071574642,0.0613496932515337,0.915132924335378,0.0408997955010225,0.00511247443762781,0.0357873210633947,0.316973415132924,0.296523517382413,0.547034764826176,1.29345603271984,2.88854805725971,0.807770961145194,0.296523517382413,0.235173824130879,0.0357873210633947,0.11758691206544,0.240286298568507,0.460122699386503,0.378323108384458,0.0153374233128834,0.0153374233128834,0.112474437627812,0.516359918200409,0.0971370143149284,0.102249488752556,0.270961145194274,0.0460122699386503,0.858895705521472,0.557259713701431,0.0102249488752556,0.132924335378323,0.138036809815951,0.250511247443763,0.0715746421267894,0.0613496932515337,0.32719836400818,0.132924335378323,0.132924335378323,0.0408997955010225,0.935582822085889,10.5061349693252,0.337423312883436
453612792,0.0102245306940411,0.063392090303055093,0.125761727536706,0.291399124780173,0.0480552942619934,0.0388532166373563,0.10940247842624,0.0276062328739111,0.799558300274018,0.080773792482925,2.33426035744959,1.5909369759928,1.41405259498589,0.0644145433724592,0.194266083186782,0.371150464193694,0.163592491104658,0.105312666148624,0.0593022780254386,0.558259375894646,0.0153367960410617,0.398756697067605,3.2800294466484,0.0235164205962946,0.297533843196597,0.171772115659891,0.31798290458468,0.390577072512372,0.138031164369555,0.328207435278721,0.932477199296552,0.490777473313975,2.77187027115455,0.314915545376467,0.287309312502556,0.206535520019631,0.0102245306940411,1.88642591305059,5.40570937793955,3.74831295243548,0.586888061837962,1.96515479939471,0.400801603206413,0.615516747781277,2.15226371109566,0.828186986217333,0.0204490613880823,0.0572573718866304,0.857838125230052,1.00302646108544,6.00179951740215,1.43245675023516,0.575641078074516,2.14715144574864,0.295488937057789,0.111447384565048,0.00408981227761646,0.00306735920821234,0.341499325180974,0.368083104985481,1.06539609831909,1.55208375935545,3.48043024825161,3.428285141712,0.507136722424441,1.30260521042084,0.0204490613880823,0.166659850312871,0.169727209521083,0.841478876119586,4.30350496912192,0.743323381456791,0.408981227761646,0.336387059833954,0.368083104985481,0.035785857429144,0.302646108543618,0.226984581407713,0.193243630117378,1.58275735143757,0.12167191525909,0.578708437282729,0.259703079628645,0.730031491554538,0.0511226534702057,0.212670238436056,0.0899758701075621,0.0562349188172263,1.03778986544518,0.688110915708969,0.224939675268905,1.28931332051859,20.2834239908388,3.70536992352051
453612793,0.0856706522144001,1.02432301560696,0.204864603121392,0.137818005736209,0.525198346183931,0.379930718516035,0.0446977315901218,0.756136626066227,7.99344433270012,20.9334376280404,0.897679442768279,0.227213468916452,0.0893954631802436,0.487950236525496,0.532647968115618,0.145267627667896,0.353857041755131,1.32603270384028,0.350132230789287,0.111744328975304,0.66301635192014,0.279360822438261,0.0484225425559653,1.00569896077774,0.134093194770365,0.0670465973851827,0.543822401013149,1.66499050173204,0.286810444369948,0.0633217864193392,3.33370581442992,0.0372481096584348,0.141542816702052,0.0484225425559653,1.07647036912877,0.16016687153127,1.28133497225016,0.0446977315901218,0.186240548292174,0.0558721644876522,1.9443513241703,0.279360822438261,0.00744962193168697,0.573620888739896,0.864156144075688,0.361306663686818,0.324058554028383,3.58326814914143,0.0521473535218088,0.0819458412485566,0.175066115394644,0.0633217864193392,0.204864603121392,0.867880955041532,0.3426826088576,0.253287145677357,1.18448988713823,0.152717249599583,0.391105151413566,0.178790926360487,0.357581852720974,0.514023913286401,0.279360822438261,0.711438894476105,0.145267627667896,0.219763846984766,0.365031474652661,0.163891682497113,0.134093194770365,0.201139792155548,0.454426937832905,0.473050992662122,0.379930718516035,0.1713413044288,0.376205907550192,0.126643572838678,0.636942675159236,0.108019518009461,0.458151748798748,0.376205907550192,0.424628450106157,0.581070510671583,0.905129064699966,0.0893954631802436,0.00744962193168697,0.420903639140314,0.286810444369948,4.58524229895333,0.327783364994227,1.32975751480612,0.290535255335792,4.19786195850561,10.0495399858457,10.2357805341379
453612794,0.1275483963875,0.554424077845666,0.113147770988912,0.198522907280545,0.590425641342138,0.48653541525232,0.0822892879919357,0.449505235655948,1.73938982492954,12.6293484745623,0.719002653829538,0.137834557386492,0.052459421094859,0.385731037462198,0.30652759776996,0.210866300479335,0.322985455368347,0.971013598304841,0.148120718385484,0.0627455820938509,0.909296632310889,0.226295541977823,0.042173260095867,0.864037523915324,0.481392334752824,0.238638935176613,0.45979139665494,3.93445658211442,0.129605628587299,0.167664424283569,1.72396058343105,0.00514308049949598,0.0462877244954638,0.0833179040918348,1.83402250612027,0.462877244954638,2.25369787487914,0.248925096175605,0.273611882573186,0.198522907280545,1.12427739718982,0.141949021786089,0.0185150897981855,1.59641218704355,1.20553806908186,0.437161842457158,0.582196712542945,3.88611162541916,0.232467238577218,0.175893353082762,0.269497418173589,0.0329157151967743,0.424818449258368,1.67150116233619,0.799234709621675,0.286983891871876,3.92931350161493,0.697401715731655,0.548252381246271,0.284926659672077,0.558538542245263,0.747803904626715,0.563681622744759,1.88751054331502,0.285955275771976,0.445390771256352,0.823921496019256,0.339443312966735,0.193379826781049,0.373387644263408,1.06976074389516,0.702544796231151,1.24976856137752,1.09033306589315,0.496821576251312,0.277726346972783,0.92061140940978,0.176921969182662,0.978213911004135,0.875352301014216,0.162521343784073,2.26192680367833,2.79989302392561,0.353843938365323,0.0205723219979839,1.59435495484375,0.292126972371372,0.278754963072682,1.11913431669032,3.63101483264416,0.771462074924397,2.08191898619597,9.75025201094448,7.60764467485445
453612795,2.67725295843026,0.123394356225346,0.118337210478406,0.19014868008496,0.0171942955395975,0.00910286234449277,0.04753717002124,7.25498128856074,0.186102963487408,0.586628906645089,3.57135632648933,1.44229796702741,1.5616466066552,0.00606857489632851,0.0566400323657328,0.158794376453929,0.302417315667038,6.83220390411652,0.0839486193992111,11.1176292100738,0.0111257206432689,0.287245878426216,1.10549206028118,0.00809143319510468,0.194194396682512,0.0758571862041064,0.323657327804187,0.535046020026297,0.249822999898857,0.23262870435926,2.43855567917467,0.313543036310306,1.37250935571963,0.0546171740669566,0.80813189036108,0.179022959441691,0.0131485789420451,0.978051987458279,2.80772731870132,4.00323657327804,1.0357034489734,2.18367553352888,0.535046020026297,0.792960453120259,8.16122180641246,0.229594416911095,0.00303428744816426,0.0131485789420451,0.894103368059068,1.84080105188632,1.59805805603317,0.905229088702336,0.61798321027612,1.33104076059472,0.752503287144736,0.126428643673511,NA,0.00303428744816426,0.284211590978052,0.155760089005765,1.41397795084454,1.34823505613432,0.10013148578942,6.50753514716294,0.502680287245878,0.545160311520178,0.0616971781126732,0.243754425002529,0.158794376453929,0.410640234651563,0.278143016081723,0.0101142914938809,0.282188732679276,0.208354404773946,0.256903003944574,0.0839486193992111,0.0657428947102256,0.0819257611004349,0.151714372408213,3.11014463436836,0.430868817639324,0.208354404773946,0.0910286234449277,0.139577222615556,0.0970971983412562,0.261960149691514,0.0384343076767472,0.296348740770709,0.0222514412865379,0.682714675836958,0.0424800242742996,0.582583190047537,7.27925558814605,0.206331546475169
453612796,0.0982757080318056,0.107209863307424,0.178683105512374,0.276958813544179,0.460108996694363,0.27249173590637,0.0223353881890467,1.03189493433396,3.43518270347539,0.116144018583043,0.174216027874564,0.196551416063611,0.0804073974805682,0.241222192441705,0.375234521575985,0.160814794961136,0.531582238899312,3.07334941481283,26.757795050478,4.0159027963906,0.317162512284464,0.187617260787992,0.0759403198427589,0.67899580094702106,0.236755114803895,0.120611096220852,0.13847940677209,3.29223621906549,0.142946484409899,0.111676940945234,3.65406950772804,0.178683105512374,0.0670061645671402,0.223353881890467,0.201018493701421,0.326096667560082,0.0580720092915215,0.116144018583043,2.19333512016439,1.84490306441526,1.40712945590994,2.67131242740999,0.75046904315197,1.29545251496471,3.56472795497186,0.741534887876351,0.0268024658268561,0.500312695434647,0.254623425355133,1.54560886268203,0.951487536853391,1.33118913606719,0.495845617796837,0.491378540159028,1.40266237827213,0.111676940945234,0.620923791655499,0.0402036987402841,0.402036987402841,0.370767443938176,0.460108996694363,1.09443402126329,6.08862682033414,2.59090502992942,0.223353881890467,0.397569909765032,0.460108996694363,0.393102832127222,0.929152148664344,0.897882605199678,2.75618690252837,0.116144018583043,0.227820959528277,0.652193335120164,0.482444384883409,0.250156347717323,0.415438220316269,0.214419726614849,0.634325024568927,1.0050924685071,0.281425891181989,0.192084338425802,0.357366211024748,0.187617260787992,0.0982757080318056,0.34396497811132,0.281425891181989,0.201018493701421,0.674528723309211,0.41097114267846,0.245689270079514,0.232288037166086,1.01849370142053,0.437773608505316
453612797,0.115415649544976,0.100094988100953,0.186912069617086,0.317648380606085,0.0275771905992421,0.00919239686641404,0.083752949227328,0.0296199454584453,0.0204275485920312,0.164441766165851,8.48662506255937,4.29182795918576,6.65018844413576,0.0275771905992421,0.161377633877047,0.702707671565874,0.370760006945367,0.00919239686641404,0.0602612683464921,4.37251677612428,0.00306413228880468,1.34311131992605,2.97220832014054,0.0112351517256172,0.126650801270594,0.0520902489096796,0.0939667235233436,0.375866894093374,0.212446505357125,0.205296863349914,3.38484480169957,1.41256498513896,4.04976150837019,0.448384691595085,0.300284964302859,0.0960094783825467,0.00408550971840624,0.495368053356757,3.17954793834966,2.75363355020581,0.0500474940504765,2.75261217277621,0.505581827652772,0.466769485327913,3.50536733839256,0.130736310989,0.00714964200721093,0.0132779065848203,0.463705353039109,1.27059352242434,6.41935714504581,1.64850317137692,0.957030651536662,2.14182846987447,0.928432083507819,0.076603307220117,NA,0.00306413228880468,0.148099727292226,0.18997620190589,1.47895451806306,1.70570030743461,0.344204193775726,7.40192223232251,0.106223252678562,0.952945141818256,0.0285985680288437,0.0398337197544609,0.240023695956367,0.48413290163114,0.598527173746515,0.0265558131696406,0.357482100360546,0.240023695956367,0.20938237306832,0.122565291552187,0.0398337197544609,0.132779065848203,0.16342038873625,2.03662659462551,0.0234916808808359,0.101116365530555,0.0970308558121483,0.041876474613664,0.610783702901733,0.051068871480078,0.0439192294728671,0.0153206614440234,0.0439192294728671,0.547458302266437,0.0827315717977264,0.264536754266804,11.6702585106274,0.309477361169273
453612798,0.665665992299158,0.936500685244404,0.933237616654702,0.247993212817333,0.551458591659597,0.567773934608105,0.0489460288455263,4.25504144097109,29.5340338053906,8.46766299027606,0.257782418586439,0.117470469229263,0.0554721660249298,0.355674476277491,0.619983032043333,0.205573321151211,0.16641649807479,5.98120472492332,0.365463682046597,0.0750505775631404,0.391568230764211,0.137048880767474,0.120733537818965,0.548195523069895,0.120733537818965,0.0848397833322456,0.479671082686158,0.685244403837369,0.0717875089734386,0.0293676173073158,0.743979638452,0.0358937544867193,0.0815767147425439,0.0228414801279123,0.424198916661228,0.300202310252561,0.711348952554983,0.0326306858970176,0.0326306858970176,0.0163153429485088,4.77060627814397,0.189257978202702,0.00326306858970176,0.13052274358807,0.257782418586439,0.251256281407035,0.202310252561509,0.96586830255172,0.0783136461528421,0.251256281407035,0.120733537818965,0.00978920576910527,0.0554721660249298,0.244730144227632,0.0652613717940351,0.0913659205116492,0.53840631730079,0.156627292305684,0.185994909613,0.208836389740912,0.0522090974352281,0.0652613717940351,0.0587352346146316,0.123996606408667,0.437251191020035,0.0293676173073158,0.587352346146316,0.0717875089734386,0.0358937544867193,0.0881028519219474,0.264308555765842,0.185994909613,0.120733537818965,0.306728447431965,0.189257978202702,0.0717875089734386,0.143575017946877,0.0456829602558246,0.137048880767474,0.0685244403837369,1.85994909613,0.228414801279123,0.375252887815702,0.339359133328983,0.0195784115382105,0.215362526920316,0.0978920576910527,8.86575735821967,0.172942635254193,0.362200613456895,0.150101155126281,5.10017620570384,5.97141551915421,4.90112902173204
453612799,NA,0.142983696750229,0.0885877251604681,0.299954929052111,0.640318294142331,0.952706588129245,0.0590584834403121,0.00621668246740127,0.702485118816344,0.14764620860078,0.108791943179522,0.230017251293847,0.0388542654212579,0.413409384082185,0.332592512005968,0.206704692041092,0.226908910060146,0.0777085308425159,9.27062772951215,0.366784265576675,0.691605924498391,0.394759336679981,0.281304881649908,2.48667298696051,0.216029715742194,0.119671137497474,0.0761543602256656,3.93671417248186,0.19582549772314,0.382325971745178,0.548622227748162,0.419626066549586,0.26265483424770403,0.132104502432277,0.2440047868455,0.354350900641872,0.553284739598713,0.523755497878557,2.14475545125344,1.53862891068181,0.565718104533516,2.46025208647405,0.657414170927684,2.01109677820431,3.86677649472359,1.41429526133379,0.102575260712121,1.10035279673002,0.0714918483751146,0.746001896088153,1.09879862611317,1.7297918965544,0.604572369954774,0.495780426775251,0.996223365401054,0.203596350807392,0.498888768008952,0.0870335545436178,0.497334597392102,0.638764123525481,0.797289526444213,1.23401146977915,9.24576099964254,3.05860777396143,0.240896445611799,0.867227204202477,0.68694341264784,0.397867677913681,0.324821658921716,0.247113128079201,4.05172279812878,0.315496635220615,0.407192701614783,0.965139953064047,0.78174782027571,0.111900284413223,0.282859052266758,0.172512938470385,0.414963554699035,1.42517445565174,0.0497334597392102,0.526863839112258,0.360567583109274,0.206704692041092,0.0761543602256656,1.04129431328971,0.0963585782447197,0.0186500474022038,2.14475545125344,0.447601137652892,0.400976019147382,0.651197488460283,12.2328769252289,6.05504872324884
453612800,0.0351263019640184,0.0122178441613977,0.186322123461315,0.0473441461254162,0.0152723052017472,0.123705672134152,0.0381807630043679,0.313082256635817,4.29609945325147,0.0183267662420966,0.142032438376249,1.06753413360213,4.24722807660588,0.0778887565289105,0.632273435352332,0.386389321604203,0.0290173798833196,2.1625584165674,0.0183267662420966,0.0412352240447173,0.00458169156052415,1.25385625706344,11.0647851186658,0.0229084578026207,0.0610892208069886,0.0305446104034943,0.0488713766455909,0.010690613641223,0.0503986071657656,0.169522587739393,1.04768013683985,1.31799993891078,3.77073215431137,0.0458169156052415,0.0824704480894346,0.102324444851706,NA,0.374171477442805,1.23858395186169,2.10146919576041,7.3872140260851,1.30425486422921,0.736125110724213,1.10418766608632,6.99777024344054,0.303918873514768,0.00152723052017472,NA,0.568129753504994,0.478023152814686,3.66382601789914,1.58984697150188,2.36415284523046,0.548275756742723,4.69165215797673,0.0503986071657656,NA,0.00152723052017472,0.0503986071657656,0.157304743577996,0.595619902868139,1.66620849751061,10.1591374202022,3.25758269953267,0.206176120223587,0.390971013164727,0.00610892208069886,0.0687253734078622,0.0962155227710071,0.357371941720883,0.896484315342558,0.0809432175692599,0.0137450746815724,0.0473441461254162,0.245884113748129,0.0977427532911818,0.0305446104034943,0.296282720913895,0.0381807630043679,1.59290143254223,0.255047496869177,0.0366535324841932,0.0458169156052415,0.0167995357219219,0.259629188429702,0.00610892208069886,0.00916338312104829,0.114542289013104,0.114542289013104,0.134396285775375,0.0229084578026207,0.143559668896423,9.94532514737775,0.064143681847338
453612801,0.024869435463815,0.0211390201442427,0.0870430241233524,0.0385476249689132,0.00870430241233524,0.0124347177319075,0.0621735886595374,0.0646605322059189,2.15493658293957,0.0770952499378264,0.419049987565282,0.523501616513305,0.436458592389953,0.0186520765978612,0.0310867943297687,0.292215866699826,0.222581447401144,0.142999253916936,0.159164386968416,0.0373041531957225,0.00373041531957225,0.241233523999005,1.03208157174832,0.019895548371052,0.419049987565282,0.111912459587167,0.138025366824173,0.161651330514797,0.217607560308381,0.162894802287988,5.4837105197712,0.0310867943297687,1.12285501119125,0.0895299676697339,0.0957473265356876,0.263616015916439,0.00373041531957225,1.12534195473763,2.01691121611539,8.10867943297687,1.34170604327282,0.488684406863964,0.0932603829893061,2.55906490922656,3.25167868689381,0.339467794081074,0.0124347177319075,0.0024869435463815,1.82044267595126,1.8415816960955,10.215120616762,0.297189753792589,2.2979358368565,0.0969907983088784,3.94304899278786,0.024869435463815,NA,0.00994777418552599,0.278537677194728,0.341954737627456,1.49838348669485,0.826908729171848,14.6953494155683,4.3272817707038,0.285998507833872,0.470032330266103,0.0335737378761502,0.0559562297935837,0.0833126088037801,0.529718975379259,1.44491420044765,0.0136781895050982,0.0435215120616762,0.263616015916439,0.640387963193235,0.151703556329271,0.0111912459587167,0.201442427256901,0.0174086048246705,3.05396667495648,0.276050733648346,0.108182044267595,0.113155931360358,0.492414822183536,1.17010693857249,0.169112161153942,0.0186520765978612,0.11688634667993,0.533449390698831,0.466301914946531,0.0945038547624969,0.438945535936334,12.203431982094,0.210146729669237
453612802,3.96242258843287,0.242731185053007,0.328015114936496,0.707200587803086,1.54429516112102,2.31185053007243,0.110213078618663,7.7293481683636,3.31688884223785,1.60464994226934,0.0747874462055211,0.443476435394143,0.177128162065708,1.35404639445786,0.747874462055211,0.255851789650467,0.0275532696546657,5.89508764563871,0.0288653301144117,0.0236170882754277,2.64380182638816,0.717697071481054,0.380497533326336,2.88784507190091,0.195497008502152,0.0984045344809489,0.461845281830587,2.24362338616563,0.0432979951716175,0.515639760680172,0.0695392043665372,0.0262412091949197,0.457909100451349,0.0288653301144117,0.779363913089115,0.331951296315734,2.62543297995172,0.18631258528393,0.0708512648262832,0.0984045344809489,1.15198908365697,0.086595990343235,0.00262412091949197,0.606171932402645,0.548441272173822,0.478902067807285,1.02471921906161,2.40500682271439,0.0446100556313635,0.334575417235226,0.330639235855988,0.0131206045974598,0.274220636086911,1.10475490710612,0.14695077149155,0.624540778839089,2.57819880340086,0.524824183898394,0.370001049648368,0.295213603442847,0.240107064133515,0.687519680906896,0.425107588957699,0.797732759525559,0.575994541828487,0.481526188726777,1.49050068227144,0.331951296315734,0.182376403904692,0.345071900913194,0.638973443896295,0.922378503201427,0.671774955389944,0.635037262517057,0.405426682061509,0.089220111262727,1.08507400020993,0.181064343444946,0.667838774010706,0.574682481368741,0.495958853783982,1.91560827122914,1.0785136979112,0.582554844127217,NA,0.541880969875092,0.296525663902593,4.40327490290753,1.03652776319933,1.67025296525664,0.452660858612365,3.37068332108744,4.92547496588643,9.10569959063714
453612803,0.671318121817839,0.286630209315482,0.158400905148029,0.610974919856685,1.03337733358476,1.02960588346219,0.0565717518385819,1.57646615123515,2.82104469168395,6.00414859513483,0.290401659438054,0.969262681501037,0.746747124269282,0.908919479539883,1.19554968885536,0.12445785404488,0.139543654535169,1.16537808787479,0.486517065811805,0.271544408825193,2.65510088629078,0.871204978314162,0.652460871204978,2.28549877427871,0.184801056006034,0.0942862530643032,0.33565906090892,4.26928153875165,0.554403168018103,0.437488214218367,0.88629077880445,0.0980577031868754,0.629832170469546,0.0565717518385819,1.18046388836508,0.294173109560626,1.6368093531963,0.181029605883462,0.31680181029605903,0.339430511031492,2.20252687158212,0.727889873656421,0.0377145012257213,1.10126343579106,1.2860644917971,0.558174618140675,0.264001508580049,3.7073354704884,0.196115406373751,0.93909108052046,0.53177446728267,0.0754290024514426,0.739204224024137,1.49726569866114,0.569488968508391,0.181029605883462,2.85875919290967,0.350744861399208,0.392230812747501,0.31680181029605903,0.286630209315482,0.369602112012069,0.614746369979257,1.10503488591363,0.28285875919291,0.362059211766924,1.62172355270602,0.31680181029605903,0.35451631152178,0.38845936262492903,0.626060720346973,0.667546671695267,0.874976428436734,0.852347727701301,0.76183292475957,2.82104469168395,0.905148029417311,0.128229304167452,0.88629077880445,0.924005280030172,0.256458608334905,1.93852536300207,2.0705261172921,0.622289270224401,0.331887610786347,0.501602866302093,0.641146520837262,1.51235149915142,1.08617763530077,2.44767112954931,0.362059211766924,2.01395436545352,4.9933999622855,9.03262304356025
453612804,0.00305150948002278,0.0111888680934169,0.0752705671738954,0.0366181137602734,0.00305150948002278,0.00610301896004557,0.0528928309870616,0.00813735861339409,1.57966474082513,0.0345837741069249,1.26535926438278,0.857474163886402,2.29575229880381,0.0366181137602734,0.189193587761413,0.219708682561641,0.195296606721458,0.1383350964277,0.0722190576938726,0.512653592643828,0.00305150948002278,0.818821710472781,1.3792822849703,0.00813735861339409,0.206485474814875,0.0213605663601595,0.0803564163072667,0.0488241516803646,0.214622833428269,0.552323215884124,7.19749369354707,0.676417934738384,4.72068516559525,0.153592643827813,0.0589958499471072,0.0539100008137359,0.00203433965334852,0.277687362682073,2.81247457075433,12.1450077304907,1.48099926763772,3.05150948002278,0.322442835055741,0.623525103751322,3.36581495646513,0.110871511107495,NA,0.00305150948002278,0.633696802018065,2.39238343233786,3.52245910977297,1.51253153226463,2.08011229554886,0.662177557164944,2.17572625925625,0.0396696232402962,NA,0.00305150948002278,0.219708682561641,0.292944910082187,2.66193343640654,1.03242737407438,5.19875498413215,5.4418585727073,0.1383350964277,0.468915290096835,0.00101716982667426,0.0305150948002278,0.0925624542273578,0.517739441777199,0.623525103751322,0.0223777361868338,0.0386524534136219,0.046789812027016,0.280738872162096,0.0366181137602734,0.00712018878671983,0.0722190576938726,0.0264464154935308,1.74241191309301,0.103751322320775,0.0498413215070388,0.0345837741069249,0.0122060379200911,0.184107738628041,0.0264464154935308,0.0203433965334852,0.0274635853202051,0.137317926601025,0.168850191227927,0.0417039628936447,0.229880380828383,18.7271136788998,0.238017739441777
453612805,2.45909123187891,0.340864131151532,0.173475495318191,0.23332961358587,0.0334777271666684,0.0172461018737382,0.0568106885252554,6.54337394621245,1.147373012894,0.319560122954562,10.8985219076218,0.752741622959634,0.543759447313159,0.0314487740050521,0.0953607985959644,0.163330729510109,0.326661459020218,5.42744970732351,0.123766142858592,0.839986608909133,0.0294198208434358,0.27492315339900403,1.58562689580311,0.038550110070709,0.201880839580818,0.156229393444452,0.366226045671736,0.696945411015187,0.0507238290404066,0.266807340752539,2.55850993679811,0.23332961358587,1.23664695200511,0.0963752751767726,0.696945411015187,0.264778387590922,0.0223184847777789,1.83518813468191,3.05864689113652,2.47430838059103,3.15299321315167,2.20648656325769,0.465644750590933,0.661438730686902,3.20067361244966,1.0104186744849,0.0101447658080813,0.0426080163939415,1.56330841102533,3.59631947896483,4.43732056445477,0.992158096030353,0.232315137005062,1.26708124942936,0.253619145202033,0.250575715459609,0.00507238290404066,0.0131881955505057,0.406805108904061,0.310429833727288,1.79258011828797,1.09867813701521,0.892739391111156,2.98966248364157,0.387530053868706,0.57013583841417,0.239416473070719,0.351008896959614,0.144055674474755,0.596512229515182,1.88083958081828,0.129853002343441,0.543759447313159,1.49229505036876,0.493035618272752,0.126809572601016,0.199851886419202,0.0953607985959644,0.191736073772737,1.09259127753036,0.430138070262648,0.269850770494963,0.105505564404046,0.889695961368732,0.068984407494953,0.65738082436367,0.0730423138181855,0.310429833727288,0.222170371196981,0.696945411015187,0.0730423138181855,0.733466567924279,7.34988282795492,2.06040193562132
453612806,0.165806927044952,0.64848931466470106,0.121591746499632,0.250552689756816,0.412675018422992,0.552689756816507,0.0221075902726603,0.759027266028003,0.541635961680177,0.24686809137804,0.0589535740604274,0.0810611643330877,0.0294767870302137,0.0884303610906411,0.202652910832719,0.077376565954311,0.309506263817244,0.865880619012528,19.6278555637436,0.865880619012528,0.2689756816507,0.0626381724392041,0.0184229918938836,0.490051584377303,0.243183492999263,0.173176123802506,0.0700073691967576,3.82092851879145,0.202652910832719,0.121591746499632,1.14959469417833,0.136330140014738,0.0294767870302137,0.0884303610906411,0.464259395725866,0.427413411938099,0.125276344878408,0.232129697862933,2.97715549005158,0.644804716285925,0.320560058953574,2.19233603537214,1.06484893146647,2.33603537214444,5.32424465733235,0.865880619012528,0.0405305821665438,1.70596904937362,0.114222549742078,0.851142225497421,0.663227708179808,2.18128224023581,0.722181282240236,1.00221075902727,1.71333824613117,0.198968312453943,0.622697126013265,0.0884303610906411,0.431098010316875,0.265291083271923,0.327929255711127,2.26971260132646,8.92778187177598,3.85040530582167,0.217391304347826,0.596904937361828,1.46647015475313,1.50700073691968,0.950626381724392,0.552689756816507,3.7177597641857,0.445836403831982,0.696389093588799,1.38540899042004,0.372144436256448,0.442151805453206,1.07221812822402,0.464259395725866,1.53647752394989,1.55858511422255,0.121591746499632,0.534266764922623,0.243183492999263,0.114222549742078,0.0994841562269713,0.685335298452469,0.471628592483419,0.103168754605748,1.24539425202653,0.913780397936625,0.486366985998526,0.210022107590273,1.34119380987472,0.692704495210022
453612807,NA,0.625070180035184,0.112288056293746,0.299434816783321,0.64004192087435,0.606355503986226,0.0374293520979152,0.093573380244788,1.43354418535015,0.617584309615601,0.0711157689860389,0.314406557622488,0.0860875098252049,0.142231537972078,0.636298985664558,0.112288056293746,0.280720140734364,0.321892428042071,14.0060635550399,0.108545121083954,0.595126698356851,0.0748587041958304,0.101059250664371,0.737358236328929,0.321892428042071,0.254519594265823,0.0786016394056219,6.47902084814912,0.145974473181869,0.17217501965041,0.699928884231014,0.310663622412696,0.149717408391661,0.160946214021035,0.213347306958117,0.464123966014148,0.583897892727477,0.669985402552682,3.24512482688925,1.27259797132912,0.823445746154134,2.74731444398697,0.905790320769547,1.33622786989557,4.63749672493169,2.05112849496575,0.0524010929370813,1.86023879926638,0.145974473181869,0.954448478496837,1.20522513755287,1.86398173447618,0.29569188157353,0.250776659056032,0.576412022307894,0.157203278811244,0.576412022307894,0.205861436538534,0.445409289965191,0.348092974510611,0.254519594265823,0.662499532133099,6.02612568776435,2.76228618482614,0.168432084440618,0.786016394056219,1.64314855709848,0.464123966014148,0.662499532133099,0.699928884231014,6.35924692143579,0.187146760489576,0.479095706853314,3.3536699479732,0.857132163042258,0.576412022307894,0.452895160384774,0.374293520979152,0.718643560279972,0.819702810944342,0.131002732342703,0.276977205524572,0.441666354755399,1.05176479395142,0.19837556611895,0.688700078601639,0.41920874349665,0.0786016394056219,1.71052139087472,0.580154957517685,0.669985402552682,0.430437549126025,2.76977205524572,3.5295879028334
453612808,0.00247975896742837,0.148785538045702,0.0781124074739935,0.0991903586971346,0.312449629895974,0.309969870928546,0.0297571076091404,0.0123987948371418,0.440157216718535,0.0223178307068553,0.0570344562508524,0.047115420381139,0.040916022962568,0.18970156100827,0.414119747560537,0.0681933716042801,0.167383730301415,0.0210779512231411,10.7857116288297,0.143826020110845,0.467434565360247,0.185981922557127,0.0669534921205659,1.09605346360334,0.194661078943127,0.060754094701995,0.0818320459251361,7.39464124087139,0.105389756115706,0.172343248236271,0.611260585471092,0.221938427584839,0.183502163589699,0.154984935464273,0.0867915638599928,0.131427225273703,0.799722266995648,0.824519856669932,2.73765390004092,0.999342863873631,0.158704573915415,4.11516000644737,0.391801916853682,0.376923363049112,2.32353415248038,0.715410462103084,0.0843118048925644,2.41032571634037,0.0731528895391368,1.35766803466703,0.8567567232465,0.768725279902793,0.1748230072037,0.297571076091404,0.280212763319405,0.150025417529416,0.958426840911063,0.088031443343707,0.467434565360247,0.331047822151687,0.57034456250852394,0.65217660843366,2.74633305642692,1.07249575341277,0.0570344562508524,0.332287701635401,0.619939741857091,0.203340235329126,0.336007340086544,0.208299753263983,1.39982393711331,0.15994445339913,0.0855516843762786,0.396761434788539,0.636058175145376,0.10662963559942,0.212019391715125,0.0694332510879943,0.152505176496845,0.46247504742539,0.0843118048925644,0.0508350588322815,0.399241193755967,0.18970156100827,0.0595142152182808,0.252935414677693,0.0495951793485673,0.115308791985419,0.173583127719986,0.116548671469133,0.0830719254088503,2.34089246525238,18.7308593604702,20.5262048528883
453612809,0.0133084908171413,0.0694998964895159,0.150829562594268,0.161180611007601,0.487977996628516,0.471712063407565,0.039925472451424,0.269127258746636,2.19146482122261,0.0221808180285689,0.039925472451424,0.241031555910449,0.198148641055215,0.314967616005678,0.419956821340904,0.167095495815219,0.214414574276166,1.11347706503416,11.5709934049034,0.23511667110283,1.07059415017893,0.613669298790406,0.365244136870434,1.63694437050838,0.153787004998078,0.0517552420666608,0.087244550912371,3.97923875432526,0.0561914056723745,0.16413805341141,1.41217874781889,0.402212166918049,0.801466891432289,0.0902019933161802,0.0783722237009434,0.110904090142844,0.396297282110431,0.770413746192293,1.36190222695413,0.856179575902759,1.03806228373702,3.38922899476533,0.371159021678053,0.595924644367551,3.18220802649868,0.609233135184692,0.0310531452399965,0.980392156862745,0.079850944902848,1.45210422027031,1.224381155177,0.854700854700855,0.317925058409487,0.375595185283767,0.594445923165646,0.162659332209505,0.507201372253275,0.0384467512495194,0.359329252062816,0.313488894803774,0.504243929849466,0.934551799603703,3.59624996303197,1.57335935882649,0.133084908171413,0.322361222015201,0.276520864756159,0.140478514180936,0.462839736196138,0.137521071777127,1.17558335551415,0.106467926537131,0.0665424540857067,0.260254931535208,0.906456096767515,0.0724573388933251,0.161180611007601,0.0842871085085618,0.214414574276166,0.529382190281844,0.137521071777127,0.0650637328838021,0.224765622689498,0.0916807145180848,0.113861532546654,0.103510484133322,0.0532339632685653,0.156744447401887,0.177446544228551,0.122733859758081,0.0739360600952297,1.17262591311034,25.5700470233342,10.9499305001035
453612810,0.010487676979549,1.00157315154693,0.389092815941269,0.338751966439434,0.551651809124279,0.556895647614054,0.10907184058731,0.0471945464079706,0.69952805453592,6.60304142632407,0.343995804929208,0.423702149973781,0.398531725222863,2.78028316727845,0.454116413214473,0.629260618772942,0.354483481908757,0.201363398007341,0.704771893025695,0.800209753539591,1.96643943366544,2.56633455689565,0.347142108023073,1.56371263765076,0.343995804929208,0.508652333508128,0.350288411116938,1.33298374410068,0.0776088096486628,0.27582590456214,0.174095437860514,0.0241216570529628,0.552700576822234,0.331410592553749,2.15416885159937,0.918720503408495,1.45883586785527,0.0660723649711589,0.0587309910854746,0.0398531725222863,0.547456738332459,0.151022548505506,0.0209753539590981,1.2302045097011,1.6581017304667,1.49659150498165,0.298898793917147,1.41478762454116,0.0314630309386471,0.716308337703199,0.987939171473519,0.0356581017304667,1.00052438384898,4.64289459884636,0.414263240692187,0.655479811221814,0.676455165180912,0.260094389092816,0.351337178814893,0.392239119035134,1.11693759832197,0.894598846355532,1.38227582590456,3.09281594126901,1.60880964866282,1.54693235448348,1.37493445201888,0.445726271630834,0.349239643418983,0.394336654431044,3.24908232826429,2.92920818038804,2.06712113266911,1.51546932354483,0.532773990561091,0.498164656528579,1.16203460933403,0.447823807026744,0.909281594126901,1.00891452543262,0.529627687467226,2.81489250131096,0.938647089669638,0.634504457262716,0.210802307288935,1.10330361824856,0.282118510749869,0.0702674357629785,2.66386995280545,5.65390665967488,1.83219716832722,1.09491347666492,2.93550078657577,3.21657052962769
453612811,0.0112960699945573,0.0605880117889894,0.105772291767219,0.227975230799248,0.0256728863512667,0.012322985448608,0.113987615399624,0.027726717259368,0.0359420408917734,0.21565224535064,1.08442271947751,4.47632446420686,3.34979821111328,0.0174575627188614,0.15301040265355,0.564803499727867,0.282401749863934,0.0472381108863307,0.0503188572484827,4.43216709968268,0.00821532363240534,0.605880117889894,0.86055515049446,0.0112960699945573,0.401523942533811,0.266998018053174,0.256728863512667,0.19922159808583,0.942708386818513,0.263917271691022,1.31650561209296,0.702410170570657,1.60301502377309,0.145821994475195,1.24770227667156,0.35428583164748,0.0133499009026587,1.94087020815576,2.97908173220099,3.05404656034669,0.170467965372411,2.09388061080931,0.601772456073691,1.18197968761232,6.72218856221567,0.456977377052547,0.0236190554431654,0.00821532363240534,1.19019501124472,0.699329424208505,6.86390289487467,1.61020343195145,0.708571663294961,2.12571498988488,0.78353649144066,0.0554534345187361,0.00102691545405067,0.00718840817835468,0.274186426231528,0.233109808069502,1.02486162314257,1.73754094825373,0.657225890592428,7.30753037102455,0.69214101603015,1.1532260548989,0.0112960699945573,0.182790950821019,0.195113936269627,1.21997555941219,1.50443114018423,0.122202939032029,0.86055515049446,0.43027757524723,0.444654391603939,0.293697819858491,0.172521796280512,0.435412152517483,0.363528070733937,6.02696679982337,0.272132595323427,1.34115158299017,0.714733156019265,0.848232165045852,0.164306472648107,0.537076782468499,0.0852339826862054,0.00821532363240534,0.24645970897216,0.955031372267121,0.253648117150515,0.827693855964838,9.85838835888641,0.771213505992052
453612812,0.008058017727639,0.029546065001343,0.145044319097502,0.040290088638195,0.008058017727639,0.010744023636852,0.075208165457964,0.094010206822455,4.91001880204136,0.05372011818426,0.405586892291163,0.754767660488853,0.650013430029546,0.048348106365834,0.048348106365834,0.300832661831856,0.204136449100188,0.389470856835885,0.104754230459307,0.042976094547408,0.002686005909213,0.394842868654311,1.04485629868386,0.018802041364491,0.386784850926672,0.112812248186946,0.16116035455278,0.029546065001343,0.182648401826484,0.155788342734354,7.0453934998657,0.02686005909213,0.953532097770615,0.190706419554123,0.059092130002686,0.120870265914585,NA,2.37711522965351,1.92855224281493,4.08004297609455,2.69406392694064,0.488853075476766,0.118184260005372,1.08246038141284,1.80768197690035,0.169218372280419,0.005372011818426,0.010744023636852,3.5750738651625,2.64840182648402,9.47085683588504,0.204136449100188,2.92774644104217,0.13430029546065,3.10502283105023,0.010744023636852,NA,0.024174053182917,0.212194466827827,0.228310502283105,1.28659683051303,0.464679022293849,7.96669352672576,3.06741874832125,0.233682514101531,0.233682514101531,0.02686005909213,0.02686005909213,0.2686005909213,0.585549288208434,0.491539081385979,0.013430029546065,0.040290088638195,0.362610797743755,0.647327424120333,1.27048079505775,0.008058017727639,0.131614289551437,0.021488047273704,1.97421434327156,0.381412839108246,0.032232070910556,0.25517056137523503,0.668815471394037,9.95702390545259,0.042976094547408,0.02686005909213,0.5372011818426,0.145044319097502,0.290088638195004,0.034918076819769,0.413644910018802,11.3349449368789,0.244426537738383
453612813,1.0367319611682,0.0294180302092738,0.116657706002293,0.162306373568407,0.0182594670264458,0.00608648900881526,0.170421692246827,2.45792714472656,0.22317126365656,0.0872396757930188,1.56929974943954,1.38061859016626,0.971809411740837,0.011158563182828,0.10347031314986,0.509236247070877,0.246502804857018,1.43742582091521,0.0142018076872356,5.15119853112732,0.00202882966960509,0.213027115308534,1.30250864788647,0.00304324450440763,0.393592955903387,0.197810892786496,0.147090151046369,0.433155134460686,0.174479351586038,0.217084774647744,1.42322401322797,0.3986650300774,1.52162225220382,0.162306373568407,0.416924497103846,0.139989247202751,0.022317126365656,2.20838109536514,2.23779912557441,3.90245386948539,0.708061554692176,2.62834883697339,0.475760557522393,0.942391381531564,4.08200529524544,0.23534424167419,0.0213027115308534,0.0101441483480254,2.09882429320646,1.17469237870135,5.18061656133659,2.23779912557441,1.31062396656489,0.998184197445703,0.762839955771513,0.10347031314986,NA,0.00811531867842035,0.215055944978139,0.261719027379056,1.14425993365727,2.00549812840463,1.84724941417543,10.8187342131691,0.258675782874649,1.04687610951623,0.0568072307489425,0.212012700473732,0.17549376642084,0.676614694813297,2.00245488390022,0.0740522829405857,0.576187626167845,1.04484727984662,0.285050568579515,0.0760811126101908,0.157234299394394,0.34692987350247,0.326641576806419,7.69027886263809,0.234329826839388,0.793272400815589,0.297223546597145,0.0172450521916433,0.0983982389758468,0.203897381795311,0.0710090384361781,0.137960417533146,0.471702898183183,0.918045425496302,0.232300997169783,0.502135343227259,9.66433013116384,0.860223779912557
453612814,1.29614958009824,4.46205038821106,0.31373791792109,0.183806052923467,0.285216289019173,0.329583267311044,0.0380288385358897,3.63492315005546,1.22643004278244,32.0456346062431,1.40072888607194,0.107748375851688,0.104579305973697,0.15845349389954,0.174298843289495,0.123593725241642,0.747900491205831,1.27079702107431,3.55569640310569,2.57962288068452,0.323245127555063,0.133100934875614,0.0697195373157978,0.396133734748851,0.167960703533513,0.202820472191412,0.529234669624465,0.903184915227381,2.50673427349073,0.2757090793852,5.29868483600063,0.0285216289019173,0.0570432578038346,0.0126762795119632,0.516558390112502,0.427824433528759,0.694026303279987,0.0411979084138805,0.0823958168277611,0.0633813975598162,1.85707494850261,0.849310727301537,0.015845349389954,0.335921407067026,0.31373791792109,0.373950245602916,0.421486293772778,0.963397242909206,0.0411979084138805,0.335921407067026,0.266201869751228,0.0411979084138805,0.291554428775154,0.402471874504833,0.129931864997623,0.133100934875614,0.795436539375693,0.602123276818254,0.46902234194264,0.285216289019173,0.133100934875614,0.174298843289495,0.244018380605292,0.228173031215338,0.364443035968943,0.15528442402155,1.28664237046427,0.142608144509586,0.0919030264617335,0.161622563777531,0.335921407067026,0.427824433528759,0.266201869751228,1.70179052448106,0.250356520361274,0.0697195373157978,0.335921407067026,0.174298843289495,0.253525590239265,0.120424655363651,0.205989542069403,0.903184915227381,0.396133734748851,0.345428616700998,NA,0.690857233401997,0.342259546823007,0.202820472191412,0.808112818887657,0.842972587545555,0.453176992552686,2.65884962763429,5.26065599746474,4.27824433528759
453612815,0.00797993616051072,0.0205198358413133,0.0866393068855449,0.0683994528043776,0.00911992704058368,0.027359781121751,0.0170998632010944,0.19265845873233,0.942772457820337,0.055859553123575,1.31668946648427,1.25398996808026,1.35886912904697,0.0216598267213862,0.0512995896032832,0.312357501139991,0.213178294573643,1.80232558139535,0.0740994072047424,0.510715914272686,0.00683994528043776,0.467396260829913,3.48039215686275,0.0148198814409485,0.0775193798449612,0.0444596443228454,0.0581395348837209,0.0182398540811674,0.386456908344733,0.381896944824441,10.500455996352,0.487916096671227,3.09735522115823,0.0376196990424077,0.056999544003648,0.194938440492476,NA,0.0706794345645235,2.71431828545372,6.94938440492476,3.79160966712266,2.16940264477884,0.766073871409029,3.48381212950296,6.50364797081623,0.398996808025536,0.00113999088007296,0.00227998176014592,0.511855905152759,2.66187870497036,2.96511627906977,1.47742818057456,1.25854993160055,0.117419060647515,5.52097583219334,0.0512995896032832,NA,NA,0.208618331053352,0.337437300501596,0.718194254445964,1.75216598267214,10.6030551755586,2.91267669858641,0.222298221614227,0.281577747378021,0.00797993616051072,0.0968992248062016,0.17327861377109,0.880072959416325,0.79343365253078,0.0159598723210214,0.0239398084815321,0.056999544003648,0.481076151390789,0.103739170086639,0.0581395348837209,0.657774737802098,0.120839033287734,2.70063839489284,0.0934792521659827,0.055859553123575,0.0421796625626995,0.0205198358413133,0.264477884176927,0.0661194710442316,0.0398996808025536,0.00683994528043776,0.468536251709986,0.199498404012768,0.0444596443228454,0.163018695850433,6.17761057911537,0.0797993616051072
453612816,2.02086843547634,0.164430279531475,0.187775319218043,0.255780434826739,0.0233450396865675,0.0142100241570411,0.0619151052556789,5.82813990783784,0.140070238119405,0.440510748868273,1.61689774872617,1.77828302308114,1.7650880006496,0.0060900103530176,0.0477050810986379,0.373520634985079,0.418180710907209,9.55319624043361,0.0700351190597024,10.9478086112746,0.0060900103530176,0.333935567690465,1.15811696879885,0.0091350155295264,0.226345384787154,0.13499522949189,0.231420393414669,0.306530521101886,0.355250603926027,0.243600414120704,0.63336107671383,0.399910679848156,1.52960760033292,0.060900103530176,0.838391425265423,0.233450396865675,0.0101500172550293,0.457765778201823,2.17616369947829,3.59209110655488,2.2147337650474,2.37104403077485,0.565355961105134,0.707456202675545,8.26211404559388,0.281155477964313,0.0111650189805323,0.015225025882544,0.533890907614543,1.45145246746919,1.7640729989241,1.04951178417003,0.57449097663466,1.51336757272487,0.723696230283591,0.129920220864375,NA,0.00203000345100587,0.192850327845557,0.142100241570411,1.41288240190008,1.28803718966322,0.0700351190597024,7.51101276872171,0.536935912791052,0.756176285499685,0.0253750431375733,0.170520289884493,0.140070238119405,0.435435740240758,0.21112035890461,0.0172550293335499,0.459795781652829,0.111650189805323,0.209090355453604,0.0700351190597024,0.0426300724711232,0.103530176001299,0.0994701690992875,3.40127078216033,0.58464099388969,0.21112035890461,0.0832301414912405,0.0771401311382229,0.0781551328637259,0.201985343375084,0.0406000690201173,0.28014047623881,0.0253750431375733,0.690201173341995,0.0984551673737845,0.682081159537971,8.49454944073405,0.223300379610645
453612817,0.0010214608933697,0.0194077569740242,0.0725237234292485,0.0418798966281576,0.0051073044668484904,0.00612876536021818,0.0929529412966425,NA,0.0377940530546788,0.0357511312679394,1.32994208316735,1.59143607186999,2.37489657708455,0.0398369748414182,0.161390821152412,0.413691661814727,0.225742857434703,0.0183862960806546,0.0980602457634909,0.392240983053964,0.0051073044668484904,0.516859212045067,1.53219134005455,0.0132789916138061,0.400412670200921,0.0510730446684849,0.112360698270667,0.0480086619883758,0.929529412966425,0.495408533284303,4.550608279962,0.57508248296714,3.11239134209747,0.0663949580690303,0.104189011123709,0.103167550230339,0.00612876536021818,1.50256897414682,3.50463232515143,8.97353394825279,0.147090368645236,3.09196212423007,0.500515837751152,0.727280156079224,4.5199644531609096,0.324824564091564,0.0051073044668484904,0.00204292178673939,1.49541874789324,1.87540220022676,0.94485132636697,1.62616574224456,2.02147110797863,0.64147744103617,2.41779793460607,0.0316652876944606,NA,0.00306438268010909,0.0735451843226182,0.127682611671212,2.1134025883819,1.33504938763419,7.36473304119552,8.09814196263496,0.140961603285018,0.884585133658158,0.00204292178673939,0.0786524887894667,0.115425080950776,0.552610343313006,1.2032809323895,0.0449442793082667,0.0398369748414182,0.0275794441209818,0.20327071778057,0.0551588882419637,0.0163433742939152,0.10010316755023,0.0214506787607636,2.2012482252117,0.0245150614408727,0.0602661927088121,0.0286009050143515,0.0183862960806546,0.186927343486655,0.0684378798557697,0.0183862960806546,0.00306438268010909,0.196120491526982,0.290094893716994,0.0592447318154424,0.314609955157867,19.6508646666462,0.343210860172218
453612818,0.189889994761655,0.320848611838659,0.202985856469356,0.117862755369303,0.202985856469356,0.209533787323206,0.0261917234154007,0.857778941854374,0.805395495023573,0.222629649030906,0.183342063907805,0.0589313776846517,0.0523834468308015,0.111314824515453,0.183342063907805,0.0589313776846517,0.70062860136197,0.517286537454164,51.5322158198009,4.71451021477213,0.242273441592457,0.0916710319539026,0.0458355159769513,0.497642744892614,0.137506547930854,0.0589313776846517,0.0654793085385018,1.57150340492404,0.137506547930854,0.0523834468308015,5.26453640649555,0.117862755369303,0.072027239392352,0.0654793085385018,0.294656888423258,0.314300680984809,0.0982189628077528,0.589313776846517,1.32268203247774,0.36013619696176,0.196437925615506,3.31980094290204,0.477998952331063,0.792299633315872,1.99711891042431,0.569669984284966,0.0589313776846517,0.72027239392352,0.170246202200105,0.530382399161865,0.34704033525406,0.838135149292824,0.34704033525406,0.35358826610791,0.569669984284966,0.0458355159769513,0.654793085385018,0.0982189628077528,0.170246202200105,0.170246202200105,0.216081718177056,0.851231011000524,2.96621267679413,1.30303823991619,0.0916710319539026,0.255369303300157,0.595861707700367,0.425615505500262,0.386327920377161,0.281561026715558,1.44054478784704,0.163698271346255,0.229177579884756,0.589313776846517,0.157150340492404,0.183342063907805,0.307752750130959,0.163698271346255,0.550026191723415,0.550026191723415,0.117862755369303,0.144054478784704,0.137506547930854,0.117862755369303,0.0654793085385018,0.157150340492404,0.163698271346255,0.248821372446307,0.333944473546359,0.288108957569408,0.137506547930854,0.124410686223153,0.857778941854374,0.301204819277108
453612819,0.0283947501261989,0.0347046945986875,0.100959111559818,0.410146390711762,0.760348308934881,0.463780918727915,0.0504795557799091,0.353356890459364,2.68172640080767,0.0410146390711762,0.0126198889449773,0.892857142857143,0.87077233720343294,0.571049974760222,0.564740030287733,0.167213528520949,0.0315497223624432,1.27145381120646,3.03192831903079,0.13881877839475,1.67529025744573,1.39765270065623,0.321807168096921,1.15156486622918,0.214538112064614,0.167213528520949,0.0567895002523978,3.86799596163554,0.132508833922261,0.107269056032307,0.561585058051489,0.665699141847552,0.738263503281171,0.448006057546694,0.331272084805654,0.208228167592125,0.353356890459364,0.798207975769813,1.46390711761737,0.955956587582029,1.16418475517415,1.8866733972741,0.864462392730944,0.602599697122665,5.07950530035336,0.933871781928319,0.0536345280161535,0.801362948006058,0.438541140837961,0.946491670873296,3.73864209994952,2.24634023220596,1.08846542150429,1.3881877839475,0.795053003533569,0.164058556284705,1.25883392226148,0.331272084805654,0.25555275113579,0.930716809692075,0.694093891973751,1.57748611812216,6.81158505805149,6.32571933366986,0.217693084300858,0.996971226653205,0.738263503281171,0.403836446239273,0.968576476527007,0.422766279656739,4.71352852094902,0.224003028773347,0.403836446239273,3.77019182231196,1.23043917213529,0.567895002523978,0.224003028773347,0.25555275113579,0.754038364462393,1.16102978293791,0.16090358404846,0.283947501261989,1.06638061585058,1.46075214538112,0.659389197375063,0.167213528520949,0.25555275113579,0.214538112064614,0.589979808177688,0.539500252397779,0.265017667844523,0.236622917718324,6.01653205451792,2.55868248359414
453612820,0.0279589934762349,0.152221186703945,0.205032618825722,0.344827586206897,0.674122398260329,0.490835663249456,0.0497048772910842,0.615097856477167,3.42963653308481,0.077663870767319,0.0590245417831625,0.167753960857409,0.114942528735632,0.636843740292016,0.913327120223672,0.149114631873253,0.195712954333644,3.05684995340168,9.6986641814228,0.97856477166822,0.671015843429636,0.456663560111836,0.068344206275240807,1.29853991922957,0.229885057471264,0.164647406026716,0.0869835352593973,4.66604535570053,0.130475302889096,0.282696489593041,0.79838459148804,0.419384902143523,0.158434296365331,0.332401366884126,0.32618825722274,0.251630941286114,0.195712954333644,0.226778502640572,1.81733457595527,1.0748679714197,1.98198198198198,1.87635911773843,0.928859894377136,1.48803976390183,5.84342963653308,0.611991301646474,0.0403852127990059,1.29853991922957,0.108729419074247,1.61851506679093,0.813917365641504,1.98819509164337,1.00652376514445,1.61851506679093,2.00683442062752,0.332401366884126,0.56228642435539,0.0838769804287046,0.372786579683131,0.593351972662317,1.33892513202858,1.91985088536813,8.14538676607642,6.10127368748058,0.273376825100963,0.552966759863312,0.950605778191985,1.04380242311277,1.11835973904939,1.32649891270581,2.76794035414725,0.226778502640572,0.552966759863312,0.975458216837527,0.385212799005902,0.288909599254427,0.434917676296987,0.242311276794035,0.994097545821684,1.55949052500777,0.223671947809879,0.239204721963343,0.267163715439578,0.102516309412861,0.257844050947499,0.680335507921715,0.425598011804908,0.205032618825722,0.649269959614787,0.6865486175831,0.257844050947499,0.344827586206897,2.02236719478099,1.56881018949984
453612821,0.0184535892231039,0.162391585163314,0.0811957925816571,0.361690348772836,0.745525004613397,0.372762502306699,0.0369071784462078,0.0627422033585532,2.45801808451744,0.19191732792028,0.0258350249123455,0.848865104262779,0.18822661007566,0.125484406717106,0.2841852740358,0.158700867318693,0.121793688872486,0.918988743310574,8.09743495109799,0.0885772282708987,0.638494187119395,0.217752352832626,0.129175124561727,0.837792950728917,0.250968813434213,0.158700867318693,0.107030817494003,5.69477763424986,0.199298763609522,0.099649381804761,0.867318693485883,0.273113120501938,0.405978962908286,0.0959586639601402,0.453958294888356,0.317401734637387,0.306329581103525,0.918988743310574,3.08544011810297,1.79737959033032,2.17014209263702,2.32515224211109,0.782432183059605,1.08876176416313,5.2039121609153,1.57224580180845,0.0295257427569662,1.02232884295996,0.169773020852556,0.782432183059605,2.02989481454143,1.88595681860122,0.513009780402288,0.634803469274774,0.800885772282709,0.225133788521868,0.693854954788706,0.136556560250969,0.335855323860491,0.586824137294704,0.225133788521868,1.19948329950175,7.75419819154826,5.25927292858461,0.221443070677247,0.915298025465953,0.930060896844436,0.369071784462078,0.505628344713047,0.579442701605462,7.75419819154826,0.265731684812696,0.767669311681122,2.13323491419081,1.18841114596789,0.243587377744971,0.442886141354493,0.369071784462078,0.697545672633327,1.26222550286031,0.125484406717106,0.498246909023805,0.357999630928216,0.653257058497878,0.099649381804761,0.262040966968075,0.232515224211109,0.0775050747370364,1.16626683890017,0.668019929876361,0.679092083410223,0.2841852740358,4.92341760472412,1.69403949068094
453612822,0.00609130871767799,0.103552248200526,0.212180586999117,0.190861006487244,0.017258708033421,0.021319580511873,0.0954305032436219,0.0791870133298139,0.557354747667536,0.025380452990325,5.13700368524177,0.928924579445894,0.803037532613882,0.0598978690571669,0.321824143917321,0.728926609882133,0.248728439305185,0.240606694348281,0.016243489913808,0.947198505598928,0.002030436239226,0.54517213023218,4.2568095755373,0.03045654358839,0.261926274860154,0.194921878965696,0.0720804864925229,0.298474127166222,0.028426107349164,0.414208992802104,0.339082851950742,0.682226576379935,4.36137704185744,0.160404462898854,0.354311123744937,0.160404462898854,0.00710652683729099,0.91065065329286,1.99591882315916,2.24464726246434,0.608115653648186,1.58475548471589,0.427406828357072,0.972578958589253,2.44566045014771,0.74821575415478,0.00710652683729099,0.01015218119613,0.29441325468777,1.25176394148283,3.75427660632887,2.22028202759363,0.954305032436219,1.42739667617588,0.523852549720307,0.275124110415123,NA,0.002030436239226,0.176647952812662,0.31471761708003,1.97967533324535,1.64465335377306,6.80399183764632,6.33496106638511,0.282230637252414,1.73602298453823,0.021319580511873,0.22334798631486,0.235530603750216,0.618267834844316,6.57150688825494,0.513700368524177,0.808113623211947,0.634511324758124,0.251774093664024,0.0649739596552319,0.247713221185572,0.16243489913808,0.264971929218993,3.4446350798469,0.126902264951625,0.729941828001746,0.0477152516218109,0.014213053674582,0.0751261408513619,0.198982751444148,0.0883239764063309,0.031471761708003,1.82637739718379,0.957350686795058,0.407102465964813,0.577659110059796,12.2069826702267,3.80706794854875
453612823,0.58842125659042,0.0244750609327038,0.0877023016755219,0.393640563334319,0.0183562956995278,0.013257324671881201,0.157048307651516,0.322254968947266,0.304918467453268,0.0244750609327038,2.20377527814887,1.61433422735292,0.760766477324876,0.0530292986875249,0.143790982979635,0.175404603351044,0.10197942055293201,0.0703658001815234,0.031613620371409,1.36040547017612,0.0142771188774105,0.290641348575857,1.06466515057261,0.0244750609327038,0.405878093800671,0.129513864102224,0.367125913990557,0.0591480639207008,0.131553452513283,0.269225670259742,0.245770403532567,0.513976279586779,0.988180585157915,0.144810777185164,0.607797346495477,0.0877023016755219,0.0152969130829399,7.37515169438807,2.77995900427294,1.92231207742278,1.45932550811246,3.62536840065675,0.478283482393253,0.555787842013482,2.45464465270908,0.494600189681722,0.0877023016755219,0.238631844093862,7.46693317288571,1.43179106456317,1.67144270286256,1.3808013542867,0.507857514353603,2.10995421124017,0.221295342599863,0.158068101857045,0.00203958841105865,0.201919252694806,0.104019008963991,0.33245291100256,0.230473490449627,1.42363271091894,1.53784966193822,3.08283788331515,0.109117979991638,0.801558245546049,0.100959626347403,0.148889954007281,0.908636637126628,1.50011727633364,3.42956791319512,0.244750609327038,0.502758543325957,0.563946195657716,0.657767262566414,0.812775981806871,0.413016653239376,0.337551882030206,0.638391172661357,1.33287102662683,0.0530292986875249,0.398739534361966,0.225374519421981,0.0183562956995278,0.716915326487115,0.102999214758462,0.27228505287633,0.0775043596202286,0.544570105752659,0.440551096788668,0.12033571625246,0.692440265554411,12.8708226679856,13.8182114849223
453612824,0.0688906517473174,0.175358022629535,0.164920045092063,0.225460314809403,0.693081708488163,0.353847438520312,0.0584526742098451,1.07824307962089,4.1898041835414,3.20550290175776,0.15865725856958,0.314183123877917,0.186839797920755,2.65646528328671,0.792242495094151,0.225460314809403,0.0615840674710868,2.97064840716463,0.0511460899336145,0.0292263371049225,2.32349379984134,2.00826687820968,0.0949855955909983,1.78176276564653,0.169095236107052,0.115861550665943,0.2077157529957,2.65124629451797,0.0991607866059872,0.201452966473216,0.447789236357563,0.017744561813703,0.277650202496764,0.0876790113147676,2.46545029435097,0.365329213811532,1.37050645067012,0.0459271011648783,0.139868899002129,0.101248382113482,1.416433551835,0.112730157404701,0.0198321573211974,1.3569370798714,2.06150056365079,0.436307461066344,0.197277775458227,2.22642060874285,0.0292263371049225,0.150306876539602,0.954031146924972,0.0396643146423949,0.725439438854328,4.23364368919878,0.983257484029894,0.68681892196568,1.06154231556094,0.118992943927185,0.43004467454386,0.26408083169805,0.655504989353263,1.39347000125256,0.70560728153313,3.04058285666569,0.312095528370423,0.819381236691579,0.363241618304037,0.323577303661643,0.300613753079203,0.377854786856499,1.36111227088639,0.96238152895495,1.56047764185211,0.13569370798714,0.837125798505282,0.237985887854369,1.02709698968728,0.236942090100622,0.874702517640182,1.06049851780719,0.302701348586698,1.55317105757588,2.18571249634671,0.241117281115611,0.0751534382698009,0.497891528537431,0.205628157488205,0.395599348670202,0.710826270301866,4.68873950983258,0.494760135276189,2.85269926099119,12.75207715753,6.32123919669325
453612825,7.81086007844004,1.17660056344252,0.314864939512788,0.419819919350384,0.944594818538364,0.745732751477656,0.0662873556869027,10.572833232061,0.519250952880738,11.6831464398166,0.298293100591062,0.574490415953157,0.452963597193835,0.243053637518643,0.464011489808319,0.215433905982434,0.29276915428382,2.29796166381263,1.8063304424681,1.01640612053251,0.756780644092139,0.61315804010385,0.11600287245208,0.70154118101972,0.182290228138982,0.0939070872231122,1.20974424128597,2.80616472407888,6.8165497431365,0.325912832127272,2.59625476440369,0.187814174446224,0.187814174446224,0.0828591946086284,0.778876429321107,0.607634093796608,0.696017234712479,0.11600287245208,0.198862067060708,0.668397503176269,1.01088217422527,1.08821742252665,0.0994310335303541,0.502679113959012,0.867259570236977,0.602110147489366,0.325912832127272,1.16555267082804,0.237529691211401,0.696017234712479,0.370104402585207,0.149146550295531,1.11031320775562,0.425343865657626,0.585538308567641,0.110478926144838,2.45815610672264,0.458487543501077,0.452963597193835,0.519250952880738,0.193338120753466,0.4087720267359,0.552394630724189,1.22079213390046,0.568966469645915,0.254101530133127,0.878307462851461,0.182290228138982,0.121526818759322,0.381152295199691,0.662873556869027,0.243053637518643,0.491631221344529,0.806496160857316,0.342484671048997,0.132574711373805,0.447439650886593,0.127050765066564,0.574490415953157,0.745732751477656,0.425343865657626,1.0937413688339,0.624205932718334,0.513727006573496,0.0386676241506933,0.596586201182124,0.508203060266254,0.237529691211401,0.72916091255593,1.6350881069436,0.331436778434514,2.17091089874606,4.50754018670938,2.35872507319229
453612826,0.00653794185590376,0.146014034781851,0.0479449069432943,0.143834720829883,0.28331081375583,0.350869546266835,0.0784553022708451,0.0152551976637754,0.494704267096718,0.0370483371834546,0.0108965697598396,0.191779627773177,0.0784553022708451,0.0762759883188772,0.113324325502332,0.0414069650873905,0.128579523166107,0.054482848799198,7.02828749509654,0.0719173604149414,0.329076406747156,0.082813930174781,0.106786383646428,0.494704267096718,0.531752604280173,0.137296778973979,0.185241685917273,2.61953537026544,0.309462581179445,0.189600313821209,0.313821209083381,0.132938151070043,0.0849932441267489,0.132938151070043,0.082813930174781,0.278952185851894,6.32001046070697,4.51553850847753,1.07876040622412,0.8695462668352,0.193958941725145,3.96635139258162,0.592773394935274,0.64943555768644,1.99843089395458,1.00248441790524,4.75308372924203,4.69860088044284,0.806346162228131,1.48847142919409,2.53890075404263,1.03735344113673,0.224469337052696,0.217931395196792,0.466373185721135,0.0370483371834546,7.18301878568627,2.05727237065772,0.246262476572375,0.257159046332215,0.207034825436952,0.599311336791178,3.70047509044153,0.958898138865885,0.0893518720306847,0.26151767423615,1.29887111537288,0.278952185851894,0.485987011288846,0.298566011419605,2.17931395196792,0.20921413938892,0.0980691278385564,1.47757485943425,0.684304580917927,0.361766116026675,0.448938674105392,0.22011070914876,0.523035348472301,0.448938674105392,0.0784553022708451,0.10460706969446,0.97415333652966,0.414069650873905,0.102427755742492,0.462014557817199,0.361766116026675,0.0523035348472301,0.738787429717125,0.0893518720306847,0.200496883581049,1.72383733600663,6.74061805343678,10.5151898182452
453612827,0.0010226831114111,0.0255670777852775,0.0674970853531325,0.0572702542390215,0.0184082960053998,0.010226831114111,0.0695424515759547,0.0010226831114111,0.208627354727864,0.0255670777852775,0.349757624102596,2.41557750915301,2.40944141048455,0.0664744022417214,0.0695424515759547,0.378392751222106,0.118631240923687,0.00306804933423329,0.0961322124726432,0.118631240923687,0.0337485426765662,0.628950113517825,1.52788856844818,0.0194309791168109,0.319077130760263,0.0746558671330102,0.0715878177987769,0.0480661062363216,0.0470434231249105,0.153402466711665,1.97275572191201,0.0715878177987769,1.71197152850218,0.340553476099896,0.0746558671330102,0.131926121372032,0.0010226831114111,2.18751917530834,2.03207134237385,2.77556196436972,0.0981775786954654,0.374302018776462,0.164651980937187,0.77314843222679,3.22042911783355,0.266920292078297,0.0153402466711665,0.0153402466711665,1.73549324006463,0.139084903151909,7.33161522570616,0.307827616534741,2.75817635147573,0.810987707349001,2.23865333087889,0.031703176453744,0.00409073244564439,0.0112495142255221,0.103290994252521,0.170788079605653,1.23028778302755,1.89400912233335,6.045079871551,4.10811805853838,0.132948804483443,0.635086212186292,0.00715878177987769,0.0961322124726432,0.221922235176208,0.808942341126179,0.780307214006668,0.0470434231249105,0.0265897608966886,0.0961322124726432,0.651449141968869,0.844736250025567,0.0470434231249105,0.393732997893273,0.0470434231249105,2.31433188112331,0.132948804483443,0.0347712257879773,0.190219058722464,0.136016853817676,9.22153361559387,0.0562475711276104,0.0296578102309218,0.0634063529074881,0.127835388926387,0.314986398314618,0.0409073244564439,0.777239164672435,26.3586345135096,0.78235258022949
453612828,0.0295916354310515,0.0197277569540343,0.136450318932071,0.027947655684882,0.00657591898467811,0.00986387847701716,0.0493193923850858,0.361675544157296,2.57118432300914,0.116722561978036,0.578680870651674,0.281120536594989,0.27947655684882,0.0180837772078648,0.133162359439732,0.210429407509699,0.371539422634313,3.08739396330637,0.0493193923850858,0.794042217399882,NA,0.0674031695929506,0.917340698362596,0.0164397974616953,0.297560334056684,0.0509633721312553,0.159466035378444,0.0427434734004077,0.134806339185901,0.341947787203262,21.8254751101466,0.203853488525021,1.69329913855461,0.00657591898467811,0.0427434734004077,0.164397974616953,0.00164397974616953,1.35792727033603,3.39810613533241,8.7952916420069691,5.68816992174656,2.78161373051884,0.297560334056684,1.42861839942132,1.44012625764451,0.198921549286513,0.00493193923850858,0.00164397974616953,1.50259748799895,1.02419938186362,1.73604261195502,1.50588544749129,0.9387124350628,0.193989610048004,1.62096402972315,0.031235615177221,NA,0.00164397974616953,0.180837772078648,0.429078713750247,0.197277569540343,1.04721509830999,12.5698691392122,3.31755112777011,0.379759321365161,0.406062997303873,0.00493193923850858,0.10357072400868,0.0756230683237982,0.69704741237588,1.78700598408628,0.0410994936542382,0.0394555139080687,0.0608272506082725,0.366607483395805,0.0608272506082725,0.0230157164463734,0.124942460708884,0.0493193923850858,2.85888077858881,0.24330900243309,0.17426185309397,0.0230157164463734,0.251528901163938,0.0854869468008154,0.0147958177155257,0.0230157164463734,0.0558953113697639,0.754586703491813,0.3830472808575,0.0871309265469849,0.266324718879463,3.70059840862761,0.0690471493391201
453612829,0.0671291116580891,0.581785634370105,0.203518417884048,0.275975236816588,1.1102941959957,0.622276209655937,0.109750769853701,0.405971294313205,2.17796673379578,5.9883429764835,0.466707157241952,0.940873104668137,0.709650608956942,1.69421091327558,0.941938646123027,0.223763705526964,0.102291979669469,0.626538375475498,0.361218553207813,0.142782554955301,3.90414389071807,1.62921288452727,0.35375976302358,2.18862214834468,0.21310829097806,0.0958987309401272,0.192863003335145,3.79758974522904,0.0404905752858315,0.269581988087247,0.755468891517225,0.0649980287483085,0.489083527794649,0.298351607369285,1.37241739389871,0.270647529542137,1.087917825443,0.0713912774776503,0.311138104827968,0.259992114993234,0.713912774776503,0.183273130241132,0.0287696192820382,0.779976344979701,0.679815448220013,0.309007021918188,0.338842182655116,4.0543852358576,0.166224466962887,0.478428113245746,1.52265873903824,0.0841777749363339,0.38679154812518,1.88813945806562,0.326055685196433,0.197125169154706,3.24990143741542,0.483755820520197,0.38679154812518,0.45924836705772,0.28130294409104,0.447527411053927,0.295154983004614,1.20619292693582,0.156634593868874,0.340973265564897,1.43421879828235,0.344169889929568,0.300482690279065,0.336711099745336,0.472034864516404,0.375070592121386,0.806614881351959,0.947266353397479,0.719240482050954,0.729895896599857,0.577523468550544,0.125733891677056,0.461379449967501,0.683012072584684,0.148110262229752,1.49815128557577,3.14334729192639,0.903579153746976,0.416626708862108,0.222698164072073,0.277040778271479,0.674487740945562,0.63399716565973,2.14600049014907,0.193928544790035,3.23711493995674,7.90844867819583,15.4183848522627
453612830,0.158836825707129,0.0427637607673041,0.482619585802431,0.122182173620869,0.0305455434052172,0.0122182173620869,0.0427637607673041,2.07709695155477,7.46533080823508,0.207709695155477,4.91172337955892,0.39098295558678,0.678111063595821,0.0305455434052172,0.183273260431303,0.232146129879651,0.525383346569736,7.3981306127436,0.293237216690085,0.610910868104344,NA,0.232146129879651,1.05076669313947,0.0183273260431303,0.19549147779339,0.0549819781293909,0.19549147779339,0.0794184128535647,0.0916366302156515,0.19549147779339,24.3509072026391,0.348219194819476,2.08320606023581,0.00610910868104344,0.00610910868104344,0.0794184128535647,0.00610910868104344,3.50051927423789,1.00189382369112,2.70633514570224,6.38401857169039,2.70633514570224,0.183273260431303,0.641456411509561,0.879711650070255,0.103854847577738,NA,0.00610910868104344,0.690329280957908,0.262691673284868,1.11796688863095,0.904148084794429,1.04465758445843,0.19549147779339,0.922475410837559,0.0305455434052172,NA,NA,0.244364347241737,0.219927912517564,0.219927912517564,0.940802736880689,6.19463620257804,1.09963956258782,0.281018999327998,0.268800781965911,NA,0.0733093041725212,0.103854847577738,0.40931028162991,0.476510477121388,0.0427637607673041,0.00610910868104344,0.0672001954914778,0.293237216690085,0.702547498319995,0.00610910868104344,0.134400390982956,0.0549819781293909,0.959130062923819,0.37265562954365,0.0549819781293909,NA,0.19549147779339,0.189382369112347,NA,0.0183273260431303,0.311564542733215,0.171055043069216,0.146618608345042,0.0305455434052172,0.256582564603824,7.17820270022604,0.103854847577738
